Time_s,Speed_kmh,WheelDemand_kW,MotorDC_kW,Auxiliary_kW,Battery1SOE_pct,Battery2SOE_pct,Genset_kW,RegenAvailable_kW,RegenToAuxiliary_kW,RegenToActiveBattery_kW,ResistorLoadBank_kW,ActiveBattery,Mode,BalanceResidual_kW
0,0,-0,0,9.96545454545455,85,20,123.181818181818,-0,-0,0,0,1,3,-1.24344978758018e-14
10,0,-0,0,9.96545454545455,84.9888431500789,20.1293543275896,123.181818181818,-0,-0,0,0,1,3,-1.24344978758018e-14
20,23.7,8.49831156384368,10.0900293427751,9.0595041322314,84.9614365001869,20.2587086551792,123.181818181818,0,0,0,0,1,3,-7.105427357601e-15
30,19.02,-79.7192785344334,-74.6409912056538,9.0595041322314,84.9827730768276,20.3880629827688,123.181818181818,74.6409912056538,9.0595041322314,65.5814870734224,0,1,6,0
40,14.1,51.6105397397283,53.8445924935653,9.0595041322314,84.9443006768101,20.5174173103585,123.181818181818,0,0,0,0,1,3,1.4210854715202e-14
50,2.60250000000096,-6.51932211628422,-5.96589393723158,9.0595041322314,84.8977034536002,20.6467716379481,123.181818181818,5.96589393723158,5.96589393723158,0,0,1,3,5.32907051820075e-15
60,10.8,75.0483788280607,77.9527701894763,9.0595041322314,84.8792133787373,20.7761259655377,123.181818181818,0,0,0,0,1,3,0
70,37.1,-32.5777611741398,-28.3781079431288,9.0595041322314,84.7566255703057,20.9054802931273,123.181818181818,28.3781079431288,9.0595041322314,19.3186038108974,0,1,6,-7.105427357601e-15
80,33.6,-30.4627413382039,-26.7304948044925,9.0595041322314,84.8199127384278,21.0348346207169,123.181818181818,26.7304948044925,9.0595041322314,17.6709906722611,0,1,6,0
90,33.8,60.6128995166571,64.5928647688192,9.0595041322314,84.7743814665572,21.1641889483065,123.181818181818,0,0,0,0,1,3,1.4210854715202e-14
100,33.8,37.0725210148472,40.3662241705409,9.0595041322314,84.7089803615623,21.2935432758962,123.181818181818,0,0,0,0,1,3,-7.105427357601e-15
110,24.44,-138.508239641353,-130.034371799869,9.0595041322314,84.6772608877573,21.4228976034858,123.181818181818,130.034371799869,9.0595041322314,120.974867667637,0,1,6,0
120,1.49951504035612,-0.433245315303906,-0.332281780221571,9.0595041322314,84.7130619373787,21.5522519310754,123.181818181818,0.332281780221571,0.332281780221571,0,0,1,3,-1.77635683940025e-15
130,0,0,0,9.96545454545455,84.7024451505602,21.681606258665,123.181818181818,-0,-0,0,0,1,3,-1.24344978758018e-14
140,28.8,169.281475432549,176.009796268806,9.0595041322314,84.6233053133702,21.8109605862546,123.181818181818,0,0,0,0,1,3,-2.8421709430404e-14
150,28.9,15.9251912947947,18.1505698369448,9.0595041322314,84.5695841279404,21.9403149138442,123.181818181818,0,0,0,0,1,3,0
160,24.22,-102.004397218002,-95.4112713161009,9.0595041322314,84.5356053442824,22.0696692414339,123.181818181818,95.4112713161009,9.0595041322314,86.3517671838695,0,1,6,0
170,0,0,0,9.96545454545455,84.5566668914505,22.1990235690235,123.181818181818,-0,-0,0,0,1,3,-1.24344978758018e-14
180,0,0,0,9.96545454545455,84.5455100415294,22.3283778966131,123.181818181818,-0,-0,0,0,1,3,-1.24344978758018e-14
190,0,0,0,9.96545454545455,84.5343531916082,22.4577322242027,123.181818181818,-0,-0,0,0,1,3,-1.24344978758018e-14
200,0,0,0,9.0595041322314,84.5231963416871,22.5870865517923,123.181818181818,-0,-0,0,0,1,3,-8.88178419700125e-15
210,28,116.2176491884,121.326614394966,9.0595041322314,84.4558195157178,22.7164408793819,123.181818181818,0,0,0,0,1,3,-2.8421709430404e-14
220,37.5,-57.0719879881908,-51.5962815855882,9.0595041322314,84.4379474302377,22.8457952069716,123.181818181818,51.5962815855882,9.0595041322314,42.5367774533567,0,1,6,0
230,33.3,-161.690063513928,-151.352391710517,9.0595041322314,84.4468560119447,22.9751495345612,123.181818181818,151.352391710517,9.0595041322314,142.292887578285,0,1,6,0
240,13.5,38.2789406372082,40.0759830564246,9.0595041322314,84.52013788225,23.1045038621508,123.181818181818,0,0,0,0,1,3,7.105427357601e-15
250,0,0,0,9.96545454545455,84.510912844167,23.2338581897404,123.181818181818,-0,-0,0,0,1,3,-1.24344978758018e-14
260,0,0,0,9.96545454545455,84.4997559942459,23.36321251733,123.181818181818,-0,-0,0,0,1,3,-1.24344978758018e-14
270,3.6,16.0322542011743,16.8610101836525,9.0595041322314,84.4887005702331,23.4925668449196,123.181818181818,0,0,0,0,1,3,1.4210854715202e-14
280,34.2,51.6950913685507,55.4558589328735,9.0595041322314,84.3476482733514,23.6219211725093,123.181818181818,0,0,0,0,1,3,0
290,34.2,83.925239325573,88.625029239618,9.0595041322314,84.2914059151302,23.7512755000989,123.181818181818,0,0,0,0,1,3,-1.4210854715202e-14
300,0.36,-1.87618242709866,-1.52172514325389,9.0595041322314,84.2924417969881,23.8806298276885,123.181818181818,1.52172514325389,1.52172514325389,0,0,1,3,-3.5527136788005e-15
310,0,0,0,9.96545454545455,84.2815567380999,24.0099841552781,123.181818181818,-0,-0,0,0,1,3,-1.24344978758018e-14
320,0,0,0,9.96545454545455,84.2703998881787,24.1393384828677,123.181818181818,-0,-0,0,0,1,3,-1.24344978758018e-14
330,0,0,0,9.96545454545455,84.2592430382576,24.2686928104573,123.181818181818,-0,-0,0,0,1,3,-1.24344978758018e-14
340,0,0,0,9.96545454545455,84.2480861883364,24.398047138047,123.181818181818,-0,-0,0,0,1,3,-1.24344978758018e-14
350,0,0,0,9.96545454545455,84.2369293384153,24.5274014656366,123.181818181818,-0,-0,0,0,1,3,-1.24344978758018e-14
360,3.6,20.0803739510378,21.078375212507,9.0595041322314,84.2258739144025,24.6567557932262,123.181818181818,0,0,0,0,1,3,0
370,31.3,56.8997202762595,60.5177224002763,9.0595041322314,84.092745408645,24.7861101208158,123.181818181818,0,0,0,0,1,3,0
380,36.3,192.474479131853,200.53911841796,9.0595041322314,84.0208472608788,24.9154644484054,123.181818181818,0,0,0,0,1,3,-2.8421709430404e-14
390,37.1,-52.7455293505117,-47.5289030485453,9.0595041322314,84.0097763410029,25.044818775995,123.181818181818,47.5289030485453,9.0595041322314,38.4693989163138,0,1,6,0
400,35.5,-19.038515439623,-15.6872594905184,9.0595041322314,84.0550331697361,25.1741731035846,123.181818181818,15.6872594905184,9.0595041322314,6.62775535828703,0,1,6,-5.32907051820075e-15
410,33.7,-33.212496926381,-29.3309429750001,9.0595041322314,84.0686775299032,25.3035274311743,123.181818181818,29.3309429750001,9.0595041322314,20.2714388427687,0,1,6,-7.105427357601e-15
420,33.7,3.69083893597778,6.00097457635463,9.0595041322314,84.0829656589354,25.4328817587639,123.181818181818,0,0,0,0,1,3,-1.24344978758018e-14
430,19.66,-103.888231813167,-97.5188258558646,9.0595041322314,84.0755572155216,25.5622360863535,123.181818181818,97.5188258558646,9.0595041322314,88.4593217236332,0,1,6,0
440,0,0,0,9.96545454545455,84.0870464459087,25.6915904139431,123.181818181818,-0,-0,0,0,1,3,-1.24344978758018e-14
450,18.8,36.4747448188856,38.5260959242836,9.0595041322314,84.0157050178493,25.8209447415327,123.181818181818,0,0,0,0,1,3,1.4210854715202e-14
460,14.3,30.5071537659724,32.088767948026,9.0595041322314,83.9808897679535,25.9502990691223,123.181818181818,0,0,0,0,1,3,-1.4210854715202e-14
470,1.67107568642879,2.41014561506514,2.62387735740142,9.0595041322314,83.9638984842528,26.079653396712,123.181818181818,0,0,0,0,1,3,0
480,0,0,0,9.96545454545455,83.9521427738946,26.2090077243016,123.181818181818,-0,-0,0,0,1,3,-1.24344978758018e-14
490,0,0,0,9.96545454545455,83.9409859239735,26.3383620518912,123.181818181818,-0,-0,0,0,1,3,-1.24344978758018e-14
500,0,0,0,9.96545454545455,83.9298290740523,26.4677163794808,123.181818181818,-0,-0,0,0,1,3,-1.24344978758018e-14
510,18.3,121.17294774826,125.764154769451,9.0595041322314,83.8782215037769,26.5970707070704,123.181818181818,0,0,0,0,1,3,0
520,26.6,-34.9501021797312,-31.5982170766956,9.0595041322314,83.8097736700681,26.72642503466,123.181818181818,31.5982170766956,9.0595041322314,22.5387129444642,0,1,6,0
530,27.8,-88.0517957205245,-81.9056806122349,9.0595041322314,83.8587693863167,26.8557793622497,123.181818181818,81.9056806122349,9.0595041322314,72.8461764800035,0,1,6,0
540,3.32,-26.7727596615936,-24.9294440059444,9.0595041322314,83.9428207910834,26.9851336898393,123.181818181818,24.9294440059444,9.0595041322314,15.869939873713,0,1,6,-1.77635683940025e-15
550,0,-0,0,9.96545454545455,83.9344461427163,27.1144880174289,123.181818181818,-0,-0,0,0,1,3,-1.24344978758018e-14
560,0,-0,0,9.96545454545455,83.9232892927951,27.2438423450185,123.181818181818,-0,-0,0,0,1,3,-1.24344978758018e-14
570,0,-0,0,9.96545454545455,83.912132442874,27.3731966726081,123.181818181818,-0,-0,0,0,1,3,-1.24344978758018e-14
580,0,-0,0,9.96545454545455,83.9009755929528,27.5025510001977,123.181818181818,-0,-0,0,0,1,3,-1.24344978758018e-14
590,0,-0,0,9.96545454545455,83.8898187430317,27.6319053277874,123.181818181818,-0,-0,0,0,1,3,-1.24344978758018e-14
600,14.4,64.9450066904918,67.6042127816902,9.0595041322314,83.8693846704027,27.761259655377,123.181818181818,0,0,0,0,1,3,0
610,35.1,32.8299215898597,36.1336045759881,9.0595041322314,83.7257862050416,27.8906139829666,123.181818181818,0,0,0,0,1,3,7.105427357601e-15
620,11.7,-67.0001751574717,-62.9212520945008,9.0595041322314,83.7528730005484,28.0199683105562,123.181818181818,62.9212520945008,9.0595041322314,53.8617479622694,0,1,6,0
630,0,0,0,9.96545454545455,83.7520656404477,28.1493226381458,123.181818181818,-0,-0,0,0,1,3,-1.24344978758018e-14
640,0,0,0,9.96545454545455,83.7409087905266,28.2786769657354,123.181818181818,-0,-0,0,0,1,3,-1.24344978758018e-14
650,0,0,0,9.96545454545455,83.7297519406054,28.4080312933251,123.181818181818,-0,-0,0,0,1,3,-1.24344978758018e-14
660,0,0,0,9.96545454545455,83.7185950906843,28.5373856209147,123.181818181818,-0,-0,0,0,1,3,-1.24344978758018e-14
670,32.4,229.149075236258,237.911318185576,9.0595041322314,83.6041064943463,28.6667399485043,123.181818181818,0,0,0,0,1,3,-2.8421709430404e-14
680,38.9,2.47135771446822,5.28742430765361,9.0595041322314,83.4892724381157,28.7960942760939,123.181818181818,0,0,0,0,1,3,8.88178419700125e-15
690,42,3.15565199286835,6.31433464326795,9.0595041322314,83.4610815059191,28.9254486036835,123.181818181818,0,0,0,0,1,3,-7.105427357601e-15
700,42,27.4300821641585,31.289276500738,9.0595041322314,83.4325192291455,29.0548029312731,123.181818181818,0,0,0,0,1,3,0
710,12.84,-33.3548836729102,-31.0274094957555,9.0595041322314,83.4309173533537,29.1841572588628,123.181818181818,31.0274094957555,9.0595041322314,21.9679053635241,0,1,6,7.105427357601e-15
720,0,0,0,9.96545454545455,83.426501626833,29.3135115864524,123.181818181818,-0,-0,0,0,1,3,-1.24344978758018e-14
730,0,0,0,9.96545454545455,83.4153447769119,29.442865914042,123.181818181818,-0,-0,0,0,1,3,-1.24344978758018e-14
740,10.8,88.8168074116062,92.1668194256177,9.0595041322314,83.3946105137223,29.5722202416316,123.181818181818,0,0,0,0,1,3,0
750,24.5,105.284167534957,109.816659575222,9.0595041322314,83.3123337794135,29.7015745692212,123.181818181818,0,0,0,0,1,3,0
760,43.4,13.2328038963538,16.8276944678684,9.0595041322314,83.1497645694084,29.8309288968108,123.181818181818,0,0,0,0,1,3,0
770,29.36,-183.055368425869,-171.969114212677,9.0595041322314,83.1703096486706,29.9602832244005,123.181818181818,171.969114212677,9.0595041322314,162.909610080446,0,1,6,0
780,0,0,0,9.96545454545455,83.2216037121055,30.0896375519901,123.181818181818,-0,-0,0,0,1,3,-1.24344978758018e-14
790,0,0,0,9.96545454545455,83.2104468621844,30.2189918795797,123.181818181818,-0,-0,0,0,1,3,-1.24344978758018e-14
800,0,0,0,9.0595041322314,83.1992900122633,30.3483462071693,123.181818181818,-0,-0,0,0,1,3,-8.88178419700125e-15
810,29.5,176.614150031095,183.607079186028,9.0595041322314,83.1084110430092,30.4777005347589,123.181818181818,0,0,0,0,1,3,0
820,46.5037037037051,190.151017627393,199.153069353483,9.0595041322314,83.0056141799626,30.6070548623485,123.181818181818,0,0,0,0,1,3,-2.8421709430404e-14
830,47.1,4.178175408243,7.87567547033148,9.0595041322314,82.9827377935658,30.7364091899382,123.181818181818,0,0,0,0,1,3,-7.105427357601e-15
840,22.62,-128.406754101513,-120.575431113798,9.0595041322314,83.0383294107744,30.8657635175278,123.181818181818,120.575431113798,9.0595041322314,111.515926981566,0,1,6,0
850,0,0,0,9.96545454545455,83.0672907382218,30.9951178451174,123.181818181818,-0,-0,0,0,1,3,-1.24344978758018e-14
860,0,0,0,9.96545454545455,83.0561338883007,31.124472172707,123.181818181818,-0,-0,0,0,1,3,-1.24344978758018e-14
870,3.6,16.2163229596645,17.0527745564795,9.0595041322314,83.0450784642879,31.2538265002966,123.181818181818,0,0,0,0,1,3,7.105427357601e-15
880,39.6,221.680372908617,230.911407199292,9.0595041322314,82.9063542125125,31.3831808278862,123.181818181818,0,0,0,0,1,3,-2.8421709430404e-14
890,45.5,-2.87947489822604,0,9.0595041322314,82.8042821730619,31.5125351554758,123.181818181818,-0,-0,0,0,1,3,-8.88178419700125e-15
900,45.5,36.3737601851582,40.852453358036,9.0595041322314,82.7786856288355,31.6418894830655,123.181818181818,0,0,0,0,1,3,1.4210854715202e-14
910,45.5,49.5859304951055,54.4446666656308,9.0595041322314,82.7056309609189,31.7712438106551,123.181818181818,0,0,0,0,1,3,1.4210854715202e-14
920,6.97999999999999,-35.9030942693493,-33.5879641221478,9.0595041322314,82.7708415305569,31.9005981382447,123.181818181818,33.5879641221478,9.0595041322314,24.5284599899164,0,1,6,0
930,0,0,0,9.96545454545455,82.7646893266819,32.0299524658343,123.181818181818,-0,-0,0,0,1,3,-1.24344978758018e-14
940,25.2,175.155033330631,181.810667453618,9.0595041322314,82.6939696723069,32.1593067934239,123.181818181818,0,0,0,0,1,3,0
950,53.2106691919191,108.424818741404,115.267070550211,9.0595041322314,82.4491603616871,32.2886611210135,123.181818181818,0,0,0,0,1,3,-1.4210854715202e-14
960,59.4,9.76146317751642,13.9658618719535,9.0595041322314,82.3460072222272,32.4180154486032,123.181818181818,0,0,0,0,1,3,7.105427357601e-15
970,59.4,11.7406681847644,16.00114156543,9.0595041322314,82.3216125010467,32.5473697761928,123.181818181818,0,0,0,0,1,3,-1.4210854715202e-14
980,59.4,63.2528075775349,68.9727189865169,9.0595041322314,82.2763768929058,32.6767241037824,123.181818181818,0,0,0,0,1,3,0
990,45.36,-279.473722425328,-262.028103828025,9.0595041322314,82.2581215868168,32.806078431372,123.181818181818,262.028103828025,9.0595041322314,252.968599695793,0,1,6,-2.8421709430404e-14
1000,6.83999999999998,-35.5270559822146,-33.234193213228,9.0595041322314,82.3717707889471,32.9354327589616,123.181818181818,33.234193213228,9.0595041322314,24.1746890809966,0,1,6,0
1010,0,0,0,9.96545454545455,82.3655207401636,33.0647870865512,123.181818181818,-0,-0,0,0,1,3,-1.24344978758018e-14
1020,32.4,204.108600046098,212.139216910418,9.0595041322314,82.2557369961114,33.1941414141409,123.181818181818,0,0,0,0,1,3,-2.8421709430404e-14
1030,44.2,23.76959747046,27.7510234220197,9.0595041322314,82.1025899473626,33.3234957417305,123.181818181818,0,0,0,0,1,3,7.105427357601e-15
1040,25.48,-127.431986635165,-119.450311601004,9.0595041322314,82.1267009583442,33.4528500693201,123.181818181818,119.450311601004,9.0595041322314,110.390807468773,0,1,6,0
1050,0,0,0,9.96545454545455,82.1508421765823,33.5822043969097,123.181818181818,-0,-0,0,0,1,3,-1.24344978758018e-14
1060,0,0,0,9.96545454545455,82.1396853266612,33.7115587244993,123.181818181818,-0,-0,0,0,1,3,-1.24344978758018e-14
1070,0,0,0,9.96545454545455,82.1285284767401,33.8409130520889,123.181818181818,-0,-0,0,0,1,3,-1.24344978758018e-14
1080,0,0,0,9.96545454545455,82.1173716268189,33.9702673796786,123.181818181818,-0,-0,0,0,1,3,-1.24344978758018e-14
1090,32.2,262.074194497303,271.780151207231,9.0595041322314,81.9803420282502,34.0996217072682,123.181818181818,0,0,0,0,1,3,0
1100,34.72,126.306435607575,132.292375948082,9.0595041322314,81.9089832194068,34.2289760348578,123.181818181818,0,0,0,0,1,3,0
1110,16.78,-144.7221475187,-136.419578120154,9.0595041322314,81.9648379794446,34.3583303624474,123.181818181818,136.419578120154,9.0595041322314,127.360073987922,0,1,6,0
1120,0,-0,0,9.96545454545455,81.9885602824717,34.487684690037,123.181818181818,-0,-0,0,0,1,3,-1.24344978758018e-14
1130,14.4,49.6885512848277,51.8719844283846,9.0595041322314,81.9700625219865,34.6170390176266,123.181818181818,0,0,0,0,1,3,0
1140,38.4,-24.4318751614222,-20.5085408349179,9.0595041322314,81.8638478806729,34.7463933452163,123.181818181818,20.5085408349179,9.0595041322314,11.4490367026865,0,1,6,1.77635683940025e-15
1150,32.3,-10.3670821350753,-7.78574979891172,9.0595041322314,81.9000173096993,34.8757476728059,123.181818181818,7.78574979891172,7.78574979891172,0,0,1,3,4.44089209850063e-15
1160,39.9,21.6615097503941,25.1367392705253,9.0595041322314,81.8432725619623,35.0051020003955,123.181818181818,0,0,0,0,1,3,0
1170,39.9,-15.3562428119676,-11.7345300082765,9.0595041322314,81.8214473598147,35.1344563279851,123.181818181818,11.7345300082765,9.0595041322314,2.67502587604511,0,1,6,-5.32907051820075e-15
1180,25.86,-148.445000796405,-139.364980778793,9.0595041322314,81.8520664380885,35.2638106555747,123.181818181818,139.364980778793,9.0595041322314,130.305476646562,0,1,6,0
1190,0,0,0,9.96545454545455,81.8815832572432,35.3931649831643,123.181818181818,-0,-0,0,0,1,3,-1.24344978758018e-14
1200,0,0,0,9.96545454545455,81.8704264073221,35.5225193107539,123.181818181818,-0,-0,0,0,1,3,-1.24344978758018e-14
1210,3.6,20.9996716957564,22.0361072953615,9.0595041322314,81.8593709833093,35.6518736383436,123.181818181818,0,0,0,0,1,3,7.105427357601e-15
1220,39.6,261.481394154354,271.863935234283,9.0595041322314,81.6828239334364,35.7812279659332,123.181818181818,0,0,0,0,1,3,0
1230,50,21.5633171472934,25.8403942405824,9.0595041322314,81.5102848924549,35.9105822935228,123.181818181818,0,0,0,0,1,3,0
1240,64,333.04910349306,346.508160624875,9.0595041322314,81.3893093459257,36.0399366211124,123.181818181818,0,0,0,0,1,3,0
1250,68.1,48.3615287362438,53.8981237629864,9.0595041322314,81.2441078832805,36.169290948702,123.181818181818,0,0,0,0,1,3,-7.105427357601e-15
1260,68.1,47.4792415888972,52.9910079374571,9.0595041322314,81.1716704819885,36.2986452762916,123.181818181818,0,0,0,0,1,3,7.105427357601e-15
1270,68.1,53.1888492741819,58.8612912170685,9.0595041322314,81.1065102511934,36.4279996038813,123.181818181818,0,0,0,0,1,3,-1.4210854715202e-14
1280,49.38,-328.39985526198,-308.314437519208,9.0595041322314,81.131483679666,36.5573539314709,123.181818181818,308.314437519208,9.0595041322314,281.066242586636,18.1886908003401,1,6,0
1290,44.6,28.2456401416181,32.3973643554862,9.0595041322314,81.182211390289,36.6867082590605,123.181818181818,0,0,0,0,1,3,-7.105427357601e-15
1300,20.12,-72.4275824142675,-67.6471221965298,9.0595041322314,81.1956010606816,36.8160625866501,123.181818181818,67.6471221965298,9.0595041322314,58.5876180642984,0,1,6,7.105427357601e-15
1310,0,0,0,9.96545454545455,81.2056966334983,36.9454169142397,123.181818181818,-0,-0,0,0,1,3,-1.24344978758018e-14
1320,0,0,0,9.96545454545455,81.1945397835772,37.0747712418293,123.181818181818,-0,-0,0,0,1,3,-1.24344978758018e-14
1330,0,0,0,9.96545454545455,81.183382933656,37.204125569419,123.181818181818,-0,-0,0,0,1,3,-1.24344978758018e-14
1340,0,0,0,9.96545454545455,81.1722260837349,37.3334798970086,123.181818181818,-0,-0,0,0,1,3,-1.24344978758018e-14
1350,0,0,0,9.96545454545455,81.1610692338137,37.4628342245982,123.181818181818,-0,-0,0,0,1,3,-1.24344978758018e-14
1360,10.8,84.4157865299264,87.62335775736,9.0595041322314,81.1410425018796,37.5921885521878,123.181818181818,0,0,0,0,1,3,1.4210854715202e-14
1370,43.4,105.836925152902,112.100559358975,9.0595041322314,80.9051219743629,37.7215428797774,123.181818181818,0,0,0,0,1,3,0
1380,43.4,45.2177834078088,49.7344440832284,9.0595041322314,80.8265493737876,37.850897207367,123.181818181818,0,0,0,0,1,3,-1.4210854715202e-14
1390,34.3613235294121,97.7218259552679,102.83970855031,9.0595041322314,80.8455312301547,37.9802515349567,123.181818181818,0,0,0,0,1,3,0
1400,35.8,89.7438425847894,94.7739420465405,9.0595041322314,80.7649046412898,38.1096058625463,123.181818181818,0,0,0,0,1,3,1.4210854715202e-14
1410,33.8,38.3735726331629,41.7052047631562,9.0595041322314,80.6781004393843,38.2389601901359,123.181818181818,0,0,0,0,1,3,0
1420,0,-0,0,9.96545454545455,80.7192227685511,38.3683145177255,123.181818181818,-0,-0,0,0,1,3,-1.24344978758018e-14
1430,0,-0,0,9.96545454545455,80.70806591863,38.4976688453151,123.181818181818,-0,-0,0,0,1,3,-1.24344978758018e-14
1440,0,-0,0,9.96545454545455,80.6969090687088,38.6270231729047,123.181818181818,-0,-0,0,0,1,3,-1.24344978758018e-14
1450,0,-0,0,9.96545454545455,80.6857522187877,38.7563775004944,123.181818181818,-0,-0,0,0,1,3,-1.24344978758018e-14
1460,0,-0,0,9.96545454545455,80.6745953688665,38.885731828084,123.181818181818,-0,-0,0,0,1,3,-1.24344978758018e-14
1470,0,-0,0,9.96545454545455,80.6634385189454,39.0150861556736,123.181818181818,-0,-0,0,0,1,3,-1.24344978758018e-14
1480,0,-0,0,9.96545454545455,80.6522816690242,39.1444404832632,123.181818181818,-0,-0,0,0,1,3,-1.24344978758018e-14
1490,0,-0,0,9.96545454545455,80.6411248191031,39.2737948108528,123.181818181818,-0,-0,0,0,1,3,-1.24344978758018e-14
1500,21.6,104.608945494342,108.91718208515,9.0595041322314,80.6009350262491,39.4031491384424,123.181818181818,0,0,0,0,1,3,-1.4210854715202e-14
1510,27.8,20.9063368820401,23.1911252499669,9.0595041322314,80.5365447730114,39.5325034660321,123.181818181818,0,0,0,0,1,3,-7.105427357601e-15
1520,15.1873765431987,-70.2070561854879,-65.8691792034201,9.0595041322314,80.557343923052,39.6618577936217,123.181818181818,65.8691792034201,9.0595041322314,56.8096750711887,0,1,6,-7.105427357601e-15
1530,0,-0,0,9.96545454545455,80.5697297232608,39.7912121212113,123.181818181818,-0,-0,0,0,1,3,-1.24344978758018e-14
1540,21.6,86.4001865351591,90.1620756152698,9.0595041322314,80.5367920869021,39.9205664488009,123.181818181818,0,0,0,0,1,3,-1.4210854715202e-14
1550,28.5,23.7554262978262,26.1794720739985,9.0595041322314,80.4711656758604,40.0499207763905,123.181818181818,0,0,0,0,1,3,7.105427357601e-15
1560,26.2491666666808,-73.7782347187427,-68.4753690993494,9.0595041322314,80.4463932948157,40.1792751039801,123.181818181818,68.4753690993494,9.0595041322314,59.415864967118,0,1,6,0
1570,30.2,1.5829161808607,3.49102659877346,9.0595041322314,80.4333995602709,40.3086294315698,123.181818181818,0,0,0,0,1,3,-1.24344978758018e-14
1580,9.56,-58.4247416640103,-54.8433208707206,9.0595041322314,80.4550712116976,40.4379837591594,123.181818181818,54.8433208707206,9.0595041322314,45.7838167384892,0,1,6,0
1590,0,0,0,9.96545454545455,80.4509873620877,40.567338086749,123.181818181818,-0,-0,0,0,1,3,-1.24344978758018e-14
1600,0,0,0,9.96545454545455,80.4398305121665,40.6966924143386,123.181818181818,-0,-0,0,0,1,3,-1.24344978758018e-14
1610,0,0,0,9.0595041322314,80.4286736622454,40.8260467419282,123.181818181818,-0,-0,0,0,1,3,-8.88178419700125e-15
1620,28.6,19.5328660475601,21.8405553832341,9.0595041322314,80.3272031370907,40.9554010695178,123.181818181818,0,0,0,0,1,3,0
1630,28.6,8.69081942230304,10.6794614810799,9.0595041322314,80.3048810381744,41.0847553971075,123.181818181818,0,0,0,0,1,3,0
1640,37.9,15.6802176538147,18.7750576344991,9.0595041322314,80.222279952609,41.2141097246971,123.181818181818,0,0,0,0,1,3,1.4210854715202e-14
1650,33.4,-69.5184612450641,-63.8318797291576,9.0595041322314,80.2046909811502,41.3434640522867,123.181818181818,63.8318797291576,9.0595041322314,54.7723755969262,0,1,6,7.105427357601e-15
1660,33.4,11.8066368438901,14.3222969982579,9.0595041322314,80.1964713071248,41.4728183798763,123.181818181818,0,0,0,0,1,3,-7.105427357601e-15
1670,33.4,48.9037583013913,52.5015644533977,9.0595041322314,80.1395860353611,41.6021727074659,123.181818181818,0,0,0,0,1,3,-7.105427357601e-15
1680,18.28,-86.3854641526119,-81.0138237218848,9.0595041322314,80.1324299024223,41.7315270350555,123.181818181818,81.0138237218848,9.0595041322314,71.9543195896534,0,1,6,0
1690,0,0,0,9.96545454545455,80.1425409972708,41.8608813626451,123.181818181818,-0,-0,0,0,1,3,-1.24344978758018e-14
1700,0,0,0,9.96545454545455,80.131485573258,41.9902356902348,123.181818181818,-0,-0,0,0,1,3,-1.24344978758018e-14
1710,0,0,0,9.96545454545455,80.1203287233369,42.1195900178244,123.181818181818,-0,-0,0,0,1,3,-1.24344978758018e-14
1720,14.5,33.6746388588169,35.3622573985359,9.0595041322314,80.0723151871381,42.248944345414,123.181818181818,0,0,0,0,1,3,-1.4210854715202e-14
1730,36.2,175.068543605217,182.617820471585,9.0595041322314,79.9727431257091,42.3782986730036,123.181818181818,0,0,0,0,1,3,0
1740,37.4,10.3792759535755,13.2685176244532,9.0595041322314,79.9211613466398,42.5076530005932,123.181818181818,0,0,0,0,1,3,7.105427357601e-15
1750,20.4,-69.7635961887408,-65.1000475566058,9.0595041322314,79.9370345090644,42.6370073281828,123.181818181818,65.1000475566058,9.0595041322314,56.0405434243744,0,1,6,-7.105427357601e-15
1760,20.1,13.2564273350576,14.7052664186857,9.0595041322314,79.9094334434157,42.7663616557725,123.181818181818,0,0,0,0,1,3,-3.5527136788005e-15
1770,17.5,10.3322421504531,11.4874520039189,9.0595041322314,79.9019724788712,42.8957159833621,123.181818181818,0,0,0,0,1,3,1.4210854715202e-14
1780,0,-0,0,9.96545454545455,79.9002127419601,43.0250703109517,123.181818181818,-0,-0,0,0,1,3,-1.24344978758018e-14
1790,0,0,0,9.96545454545455,79.889055892039,43.1544246385413,123.181818181818,-0,-0,0,0,1,3,-1.24344978758018e-14
1800,3.6,16.4003893670956,17.2445364799535,9.0595041322314,79.8780004680262,43.2837789661309,123.181818181818,0,0,0,0,1,3,-7.105427357601e-15
1810,20.4,25.5676452419048,27.4112396699898,9.0595041322314,79.8045116920558,43.4131332937205,123.181818181818,0,0,0,0,1,3,-1.4210854715202e-14
1820,38.1,221.344355369567,230.42054692405,9.0595041322314,79.697489490734,43.5424876213102,123.181818181818,0,0,0,0,1,3,-2.8421709430404e-14
1830,60.7,94.1084511798652,100.736582423569,9.0595041322314,79.3862578474153,43.6718419488998,123.181818181818,0,0,0,0,1,3,-1.4210854715202e-14
1840,63.7,10.1591229434677,14.4962418389593,9.0595041322314,79.263303424666,43.8011962764894,123.181818181818,0,0,0,0,1,3,7.105427357601e-15
1850,58.4,-46.0867452148431,-39.8916751895226,9.0595041322314,79.3186183828778,43.930550604079,123.181818181818,39.8916751895226,9.0595041322314,30.8321710572912,0,1,6,7.105427357601e-15
1860,46.6,37.0813853263542,41.6941032534352,9.0595041322314,79.405638584068,44.0599049316686,123.181818181818,0,0,0,0,1,3,1.4210854715202e-14
1870,8.08,-25.9834811312244,-24.1986388134409,9.0595041322314,79.4862775069018,44.1892592592582,123.181818181818,24.1986388134409,9.0595041322314,15.1391346812095,0,1,6,1.77635683940025e-15
1880,0,0,0,9.96545454545455,79.4796038886996,44.3186135868479,123.181818181818,-0,-0,0,0,1,3,-1.24344978758018e-14
1890,14.4,95.1265589370229,98.7269774982814,9.0595041322314,79.4529602333984,44.4479679144375,123.181818181818,0,0,0,0,1,3,0
1900,0,-0,0,9.0595041322314,79.4158516154298,44.5773222420271,123.181818181818,-0,-0,0,0,1,3,-8.88178419700125e-15
1910,18,116.573060876559,121.005558974856,9.0595041322314,79.3788444212046,44.7066765696167,123.181818181818,0,0,0,0,1,3,0
1920,47.1,56.0683797756388,61.2562524099899,9.0595041322314,79.1394162451198,44.8360308972063,123.181818181818,0,0,0,0,1,3,1.4210854715202e-14
1930,47.1,9.64179101032297,13.4962151573712,9.0595041322314,79.0944947051153,44.9653852247959,123.181818181818,0,0,0,0,1,3,3.5527136788005e-15
1940,28.38,-171.276949580544,-160.857941394853,9.0595041322314,79.1281425279405,45.0947395523856,123.181818181818,160.857941394853,9.0595041322314,151.798437262622,0,1,6,0
1950,0,0,0,9.96545454545455,79.1761404904896,45.2240938799752,123.181818181818,-0,-0,0,0,1,3,-1.24344978758018e-14
1960,0,0,0,9.96545454545455,79.1649836405684,45.3534482075648,123.181818181818,-0,-0,0,0,1,3,-1.24344978758018e-14
1970,0,0,0,9.96545454545455,79.1538267906473,45.4828025351544,123.181818181818,-0,-0,0,0,1,3,-1.24344978758018e-14
1980,0,0,0,9.96545454545455,79.1426699407261,45.612156862744,123.181818181818,-0,-0,0,0,1,3,-1.24344978758018e-14
1990,0,0,0,9.96545454545455,79.131513090805,45.7415111903336,123.181818181818,-0,-0,0,0,1,3,-1.24344978758018e-14
2000,28.8,179.062525429654,186.078550650212,9.0595041322314,79.0522766409249,45.8708655179233,123.181818181818,0,0,0,0,1,3,0
2010,33.5,28.6091562149648,31.625248711551,9.0595041322314,78.9412132260666,46.0002198455129,123.181818181818,0,0,0,0,1,3,7.105427357601e-15
2020,15.2,59.4187730475045,61.9297856193401,9.0595041322314,78.9831002650498,46.1295741731025,123.181818181818,0,0,0,0,1,3,0
2030,30,58.1754249591357,61.7280861001712,9.0595041322314,78.8621039567844,46.2589285006921,123.181818181818,0,0,0,0,1,3,1.4210854715202e-14
2040,25.1,58.1807504384804,61.3584813625652,9.0595041322314,78.8096623684696,46.3882828282817,123.181818181818,0,0,0,0,1,3,0
2050,5.3,-23.4426368673555,-21.8479760434384,9.0595041322314,78.7694408710265,46.5176371558713,123.181818181818,21.8479760434384,9.0595041322314,12.788471911207,0,1,6,5.32907051820075e-15
2060,0,0,0,9.96545454545455,78.7611158162,46.646991483461,123.181818181818,-0,-0,0,0,1,3,-1.24344978758018e-14
2070,0,0,0,9.96545454545455,78.7499589662789,46.7763458110506,123.181818181818,-0,-0,0,0,1,3,-1.24344978758018e-14
2080,15.4,15.0809435525172,16.2256902697524,9.0595041322314,78.6941387855384,46.9057001386402,123.181818181818,0,0,0,0,1,3,-7.105427357601e-15
2090,31,10.0767339300082,12.2979397791386,9.0595041322314,78.6048237569692,47.0350544662298,123.181818181818,0,0,0,0,1,3,7.105427357601e-15
2100,31,-22.9202908781769,-19.8327023965393,9.0595041322314,78.5903778893965,47.1644087938194,123.181818181818,19.8327023965393,9.0595041322314,10.7731982643079,0,1,6,-1.77635683940025e-15
2110,21.7,-16.585313859497,-14.5564590667703,9.0595041322314,78.6281397750099,47.293763121409,123.181818181818,14.5564590667703,9.0595041322314,5.49695493453887,0,1,6,3.5527136788005e-15
2120,25.2,-67.6220988538448,-62.712278148048,9.0595041322314,78.6444538169434,47.4231174489986,123.181818181818,62.712278148048,9.0595041322314,53.6527740158165,0,1,6,0
2130,34.92,232.069508520245,241.153377948344,9.0595041322314,78.6322251699727,47.5524717765883,123.181818181818,0,0,0,0,1,3,-2.8421709430404e-14
2140,27.26,-190.65213417663,-179.325630892533,9.0595041322314,78.5387940995544,47.6818261041779,123.181818181818,179.325630892533,9.0595041322314,170.266126760302,0,1,6,0
2150,0,-0,0,9.96545454545455,78.5951442753787,47.8111804317675,123.181818181818,-0,-0,0,0,1,3,-1.24344978758018e-14
2160,0,-0,0,9.96545454545455,78.5839874254575,47.9405347593571,123.181818181818,-0,-0,0,0,1,3,-1.24344978758018e-14
2170,18,92.0625956616997,95.748093153407,9.0595041322314,78.5535962698264,48.0698890869467,123.181818181818,0,0,0,0,1,3,0
2180,40.3,57.6853921733453,62.2434606789199,9.0595041322314,78.3650610847232,48.1992434145363,123.181818181818,0,0,0,0,1,3,-1.4210854715202e-14
2190,34.3777657624979,-87.4064329003202,-80.716921388258,9.0595041322314,78.3190168185154,48.328597742126,123.181818181818,80.716921388258,9.0595041322314,71.6574172560266,0,1,6,0
2200,4.84,-40.757086464328,-38.1426427064749,9.0595041322314,78.3889808029905,48.4579520697156,123.181818181818,38.1426427064749,9.0595041322314,29.0831385742435,0,1,6,7.105427357601e-15
2210,0,-0,0,9.96545454545455,78.3820919463219,48.5873063973052,123.181818181818,-0,-0,0,0,1,3,-1.24344978758018e-14
2220,0,-0,0,9.96545454545455,78.3709350964008,48.7166607248948,123.181818181818,-0,-0,0,0,1,3,-1.24344978758018e-14
2230,0,-0,0,9.96545454545455,78.3597782464796,48.8460150524844,123.181818181818,-0,-0,0,0,1,3,-1.24344978758018e-14
2240,21.6,73.1739779407988,76.5390192094971,9.0595041322314,78.3286262320669,48.975369380074,123.181818181818,0,0,0,0,1,3,0
2250,36.8,51.4669799446645,55.486673504185,9.0595041322314,78.222139017562,49.1047237076637,123.181818181818,0,0,0,0,1,3,-1.4210854715202e-14
2260,44.2,-32.2533272123354,-27.3366149490841,9.0595041322314,78.140019947958,49.2340780352533,123.181818181818,27.3366149490841,9.0595041322314,18.2771108168527,0,1,6,0
2270,30.16,-193.839117141864,-182.149351398835,9.0595041322314,78.1994815032536,49.3634323628429,123.181818181818,182.149351398835,9.0595041322314,173.089847266604,0,1,6,0
2280,0,0,0,9.96545454545455,78.2450589762453,49.4927866904325,123.181818181818,-0,-0,0,0,1,3,-1.24344978758018e-14
2290,0,0,0,9.96545454545455,78.2339021263242,49.6221410180221,123.181818181818,-0,-0,0,0,1,3,-1.24344978758018e-14
2300,0,0,0,9.96545454545455,78.222745276403,49.7514953456117,123.181818181818,-0,-0,0,0,1,3,-1.24344978758018e-14
2310,32.4,313.455058347581,324.68053156299,9.0595041322314,78.0765044007803,49.8808496732014,123.181818181818,0,0,0,0,1,3,0
2320,33.4,13.1770008941348,15.7326354161628,9.0595041322314,77.9360592814974,50.010204000791,123.181818181818,0,0,0,0,1,3,-7.105427357601e-15
2330,33.4,-11.0139010268615,-8.28570970840143,9.0595041322314,77.9270292722497,50.1395583283806,123.181818181818,8.28570970840143,8.28570970840143,0,0,1,3,-5.32907051820075e-15
2340,24.04,-140.010077538105,-131.48717592074,9.0595041322314,77.9234729408348,50.2689126559702,123.181818181818,131.48717592074,9.0595041322314,122.427671788509,0,1,6,0
2350,0,0,0,9.96545454545455,77.9570319657369,50.3982669835599,123.181818181818,-0,-0,0,0,1,3,-1.24344978758018e-14
2360,18,91.6024663329624,95.2739405540111,9.0595041322314,77.9249818233708,50.5276213111496,123.181818181818,0,0,0,0,1,3,-1.4210854715202e-14
2370,34.8,11.7755153302925,14.4354640585433,9.0595041322314,77.8364448485026,50.6569756387393,123.181818181818,0,0,0,0,1,3,-7.105427357601e-15
2380,5.64,-18.1896374572868,-16.8948414582841,9.0595041322314,77.8628783896505,50.7863299663289,123.181818181818,16.8948414582841,9.0595041322314,7.83533732605271,0,1,6,1.77635683940025e-15
2390,25.2,157.383826515128,163.512235049168,9.0595041322314,77.7989434500009,50.9156842939186,123.181818181818,0,0,0,0,1,3,0
2400,48.3,99.5284463803236,105.994089737066,9.0595041322314,77.5461725517393,51.0450386215083,123.181818181818,0,0,0,0,1,3,-1.4210854715202e-14
2410,20.22,-122.612846440637,-115.241165188695,9.0595041322314,77.5657181155634,51.1743929490979,123.181818181818,115.241165188695,9.0595041322314,106.181661056464,0,1,6,0
2420,0,0,0,9.96545454545455,77.584602677132,51.3037472766876,123.181818181818,-0,-0,0,0,1,3,-1.24344978758018e-14
2430,0,0,0,9.96545454545455,77.5734458272108,51.4331016042773,123.181818181818,-0,-0,0,0,1,3,-1.24344978758018e-14
2440,28.8,161.73923457088,168.245704403,9.0595041322314,77.4981396672311,51.562455931867,123.181818181818,0,0,0,0,1,3,0
2450,41.7,17.0270470974101,20.5549107968729,9.0595041322314,77.3640079123275,51.6918102594566,123.181818181818,0,0,0,0,1,3,7.105427357601e-15
2460,45.7,166.12091761384,174.351768775749,9.0595041322314,77.3024277141822,51.8211645870463,123.181818181818,0,0,0,0,1,3,0
2470,45.7,37.5983667315553,42.1329464997826,9.0595041322314,77.2232910978286,51.950518914636,123.181818181818,0,0,0,0,1,3,7.105427357601e-15
2480,22.3,-135.811251569698,-127.622194598292,9.0595041322314,77.2549907803004,52.0798732422257,123.181818181818,127.622194598292,9.0595041322314,118.562690466061,0,1,6,0
2490,0,0,0,9.96545454545455,77.2827977865975,52.2092275698153,123.181818181818,-0,-0,0,0,1,3,-1.24344978758018e-14
2500,0,0,0,9.96545454545455,77.2716409366764,52.338581897405,123.181818181818,-0,-0,0,0,1,3,-1.24344978758018e-14
2510,18,102.646480405846,106.654540862174,9.0595041322314,77.2378561289176,52.4679362249947,123.181818181818,0,0,0,0,1,3,0
2520,54,329.806753915188,342.974062854773,9.0595041322314,76.9935647358655,52.5972905525843,123.181818181818,0,0,0,0,1,3,0
2530,62.7,64.7043388195274,70.5542867129126,9.0595041322314,76.7765090427856,52.726644880174,123.181818181818,0,0,0,0,1,3,1.4210854715202e-14
2540,53.34,-282.157488529203,-264.309499221455,9.0595041322314,76.7172019699136,52.8559992077637,123.181818181818,264.309499221455,9.0595041322314,255.249995089224,0,1,6,-2.8421709430404e-14
2550,6.53999999999999,-28.644122059428,-26.7412632609506,9.0595041322314,76.8684763480329,52.9853535353534,123.181818181818,26.7412632609506,9.0595041322314,17.6817591287192,0,1,6,0
2560,0,0,0,9.96545454545455,76.8585136617779,53.114707862943,123.181818181818,-0,-0,0,0,1,3,-1.24344978758018e-14
2570,10.8,81.6626175479085,84.7810813691462,9.0595041322314,76.838806592931,53.2440621905327,123.181818181818,0,0,0,0,1,3,0
2580,28.72,-161.732370063781,-151.774214404152,9.0595041322314,76.682049267482,53.3734165181224,123.181818181818,151.774214404152,9.0595041322314,142.71471027192,0,1,6,0
2590,0,-0,0,9.96545454545455,76.7513339031712,53.502770845712,123.181818181818,-0,-0,0,0,1,3,-1.24344978758018e-14
2600,0,-0,0,9.96545454545455,76.7401770532501,53.6321251733017,123.181818181818,-0,-0,0,0,1,3,-1.24344978758018e-14
2610,10.8,36.5220392429072,38.179510341499,9.0595041322314,76.7256804396712,53.7614795008914,123.181818181818,0,0,0,0,1,3,0
2620,28.2,12.2638628673999,14.325763220083,9.0595041322314,76.6642354767598,53.8908338284811,123.181818181818,0,0,0,0,1,3,0
2630,0,0,0,9.96545454545455,76.6907626157382,54.0201881560707,123.181818181818,-0,-0,0,0,1,3,-1.24344978758018e-14
2640,3.6,17.1366204115241,18.0115481425987,9.0595041322314,76.6797071917254,54.1495424836604,123.181818181818,0,0,0,0,1,3,1.4210854715202e-14
2650,39.6,265.978543705601,276.491194468107,9.0595041322314,76.5241237328256,54.2788968112501,123.181818181818,0,0,0,0,1,3,0
2660,39.32,-171.509168359244,-160.084759825716,9.0595041322314,76.380055994799,54.4082511388397,123.181818181818,160.084759825716,9.0595041322314,151.025255693485,0,1,6,0
2670,0.799999999999992,-4.72067767041173,-4.17445551959795,9.0595041322314,76.4725977764701,54.5376054664294,123.181818181818,4.17445551959795,4.17445551959795,0,0,1,3,-1.33226762955019e-14
2680,0,0,0,9.96545454545455,76.4620097046842,54.6669597940191,123.181818181818,-0,-0,0,0,1,3,-1.24344978758018e-14
2690,0,0,0,9.96545454545455,76.450852854763,54.7963141216088,123.181818181818,-0,-0,0,0,1,3,-1.24344978758018e-14
2700,28.8,155.502475281958,161.825494156177,9.0595041322314,76.3767420318504,54.9256684491984,123.181818181818,0,0,0,0,1,3,0
2710,49.6,-11.8742245191231,-7.6310661604276,9.0595041322314,76.2003735885556,55.0550227767881,123.181818181818,7.6310661604276,7.6310661604276,0,0,1,3,0
2720,12.16,-80.9032894222656,-76.0769472040225,9.0595041322314,76.3306236642794,55.1843771043778,123.181818181818,76.0769472040225,9.0595041322314,67.0174430717911,0,1,6,0
2730,0,0,0,9.96545454545455,76.3331724573109,55.3137314319674,123.181818181818,-0,-0,0,0,1,3,-1.24344978758018e-14
2740,14.4,79.5207311027899,82.6344815283868,9.0595041322314,76.3095375895739,55.4430857595571,123.181818181818,0,0,0,0,1,3,0
2750,45.5,65.2275546283744,70.5362161014223,9.0595041322314,76.104106821941,55.5724400871468,123.181818181818,0,0,0,0,1,3,-1.4210854715202e-14
2760,45.5,41.8905007856255,46.5278808801718,9.0595041322314,76.0491994110442,55.7017944147365,123.181818181818,0,0,0,0,1,3,7.105427357601e-15
2770,11.66,-63.6146278184025,-59.7166683022632,9.0595041322314,76.1076225822593,55.8311487423261,123.181818181818,59.7166683022632,9.0595041322314,50.6571641700318,0,1,6,0
2780,0,0,0,9.96545454545455,76.1082290217262,55.9605030699158,123.181818181818,-0,-0,0,0,1,3,-1.24344978758018e-14
2790,28.8,176.117875214527,183.047285114912,9.0595041322314,76.023946203136,56.0898573975055,123.181818181818,0,0,0,0,1,3,-2.8421709430404e-14
2800,55.2,46.1233284964417,51.2435372790944,9.0595041322314,75.7611267690222,56.2192117250951,123.181818181818,0,0,0,0,1,3,-7.105427357601e-15
2810,55.2,32.3394600262956,37.0675801191997,9.0595041322314,75.7015696620398,56.3485660526848,123.181818181818,0,0,0,0,1,3,-1.4210854715202e-14
2820,41.04,127.416330152388,134.064487799192,9.0595041322314,75.7677232600923,56.4779203802745,123.181818181818,0,0,0,0,1,3,0
2830,0,-0,0,9.96545454545455,75.8302301408193,56.6072747078642,123.181818181818,-0,-0,0,0,1,3,-1.24344978758018e-14
2840,0,0,0,9.0595041322314,75.8190732908981,56.7366290354538,123.181818181818,-0,-0,0,0,1,3,-8.88178419700125e-15
2850,36,222.903336709656,231.82323409498,9.0595041322314,75.6969717551301,56.8659833630435,123.181818181818,0,0,0,0,1,3,-2.8421709430404e-14
2860,53.4,30.4754516897912,35.1009293792225,9.0595041322314,75.4692059929926,56.9953376906332,123.181818181818,0,0,0,0,1,3,-7.105427357601e-15
2870,60.6,349.756375667234,363.61732806059,9.0595041322314,75.3901749456342,57.1246920182229,123.181818181818,0,0,0,0,1,3,0
2880,51.44,-278.720883586264,-261.082795073938,9.0595041322314,75.2931112002593,57.2540463458125,123.181818181818,261.082795073938,9.0595041322314,252.023290941707,0,1,6,-2.8421709430404e-14
2890,12.92,-66.3892953317929,-62.3144931041601,9.0595041322314,75.4357422972217,57.3834006734022,123.181818181818,62.3144931041601,9.0595041322314,53.2549889719287,0,1,6,0
2900,0,0,0,9.96545454545455,75.4380724894258,57.5127550009919,123.181818181818,-0,-0,0,0,1,3,-1.24344978758018e-14
2910,28.8,177.835611054577,184.81554724124,9.0595041322314,75.3548617782468,57.6421093285815,123.181818181818,0,0,0,0,1,3,-2.8421709430404e-14
2920,48.6,-4.71022673394097,-0.854039313913575,9.0595041322314,75.1653498448531,57.7714636561712,123.181818181818,0.854039313913575,0.854039313913575,0,0,1,3,-8.88178419700125e-15
2930,48.6,6.34535649491468,10.1474575826297,9.0595041322314,75.1544908977895,57.9008179837609,123.181818181818,0,0,0,0,1,3,0
2940,38.3,55.8947217104011,60.1962598512172,9.0595041322314,75.1708262224054,58.0301723113506,123.181818181818,0,0,0,0,1,3,-1.4210854715202e-14
2950,33.4,3.73653418277754,6.01678444677792,9.0595041322314,75.0943628606668,58.1595266389402,123.181818181818,0,0,0,0,1,3,0
2960,35.6,11.2780468311107,14.0065259457395,9.0595041322314,75.0394859852368,58.2888809665299,123.181818181818,0,0,0,0,1,3,7.105427357601e-15
2970,12.7540277776907,-78.269903120484,-73.5712579739934,9.0595041322314,75.0749112094562,58.4182352941196,123.181818181818,73.5712579739934,9.0595041322314,64.511753841762,0,1,6,0
2980,0,0,0,9.96545454545455,75.079205455787,58.5475896217092,123.181818181818,-0,-0,0,0,1,3,-1.24344978758018e-14
2990,0,0,0,9.96545454545455,75.0680486058659,58.6769439492989,123.181818181818,-0,-0,0,0,1,3,-1.24344978758018e-14
3000,0,0,0,9.96545454545455,75.0568917559447,58.8062982768886,123.181818181818,-0,-0,0,0,1,3,-1.24344978758018e-14
3010,0,0,0,9.96545454545455,75.0457349060236,58.9356526044783,123.181818181818,-0,-0,0,0,1,3,-1.24344978758018e-14
3020,21.6,119.222721787058,123.969439677845,9.0595041322314,75.0013247849436,59.0650069320679,123.181818181818,0,0,0,0,1,3,0
3030,43,-2.05623887362819,0,9.0595041322314,74.8389992012852,59.1943612596576,123.181818181818,-0,-0,0,0,1,3,-8.88178419700125e-15
3040,19.6,-128.643645558196,-121.001829395319,9.0595041322314,74.9039572176412,59.3237155872473,123.181818181818,121.001829395319,9.0595041322314,111.942325263088,0,1,6,0
3050,0,0,0,9.96545454545455,74.9249801248705,59.453069914837,123.181818181818,-0,-0,0,0,1,3,-1.24344978758018e-14
3060,18,104.563855824892,108.630351753111,9.0595041322314,74.8913851519975,59.5824242424266,123.181818181818,0,0,0,0,1,3,0
3070,32.4,1.92361257604301,4.04684111386885,9.0595041322314,74.7742040029433,59.7117785700163,123.181818181818,0,0,0,0,1,3,-8.88178419700125e-15
3080,4.10222222230936,-27.4551600615855,-25.608703068309,9.0595041322314,74.8267762792966,59.841132897606,123.181818181818,25.608703068309,9.0595041322314,16.5491989360776,0,1,6,0
3090,0,-0,0,9.96545454545455,74.8184729605303,59.9704872251956,123.181818181818,-0,-0,0,0,1,3,-1.24344978758018e-14
3100,28.8,158.00581960987,164.402473026267,9.0595041322314,74.7488097467267,60.0998415527853,123.181818181818,0,0,0,0,1,3,0
3110,39.7,12.397830823994,15.5843712376574,9.0595041322314,74.6322188128202,60.229195880375,123.181818181818,0,0,0,0,1,3,-3.5527136788005e-15
3120,39.7,21.5292703680474,24.9799682197428,9.0595041322314,74.6013470728738,60.3585502079647,123.181818181818,0,0,0,0,1,3,1.4210854715202e-14
3130,36.5,31.2745132310936,34.6771159621049,9.0595041322314,74.5742760035662,60.4879045355543,123.181818181818,0,0,0,0,1,3,0
3140,36.5,15.9386970103817,18.8959330165391,9.0595041322314,74.5296670520795,60.617258863144,123.181818181818,0,0,0,0,1,3,0
3150,30.9,-4.81609480214557,-2.65398717207869,9.0595041322314,74.5422490631739,60.7466131907337,123.181818181818,2.65398717207869,2.65398717207869,0,0,1,3,7.105427357601e-15
3160,1.74,-9.81741809277018,-8.99153363777668,9.0595041322314,74.5787136692711,60.8759675183233,123.181818181818,8.99153363777668,8.99153363777668,0,0,1,3,0
3170,0,0,0,9.96545454545455,74.5686648946882,61.005321845913,123.181818181818,-0,-0,0,0,1,3,-1.24344978758018e-14
3180,0,0,0,9.96545454545455,74.557508044767,61.1346761735027,123.181818181818,-0,-0,0,0,1,3,-1.24344978758018e-14
3190,0,0,0,9.96545454545455,74.5463511948459,61.2640305010924,123.181818181818,-0,-0,0,0,1,3,-1.24344978758018e-14
3200,0,0,0,9.96545454545455,74.5351943449247,61.393384828682,123.181818181818,-0,-0,0,0,1,3,-1.24344978758018e-14
3210,0,0,0,9.96545454545455,74.5240374950036,61.5227391562717,123.181818181818,-0,-0,0,0,1,3,-1.24344978758018e-14
3220,0,0,0,9.96545454545455,74.5128806450824,61.6520934838614,123.181818181818,-0,-0,0,0,1,3,-1.24344978758018e-14
3230,0,0,0,9.96545454545455,74.5017237951613,61.781447811451,123.181818181818,-0,-0,0,0,1,3,-1.24344978758018e-14
3240,0,0,0,9.96545454545455,74.4905669452402,61.9108021390407,123.181818181818,-0,-0,0,0,1,3,-1.24344978758018e-14
3250,0,0,0,9.96545454545455,74.479410095319,62.0401564666304,123.181818181818,-0,-0,0,0,1,3,-1.24344978758018e-14
3260,0,0,0,9.96545454545455,74.4682532453979,62.1695107942201,123.181818181818,-0,-0,0,0,1,3,-1.24344978758018e-14
3270,0,0,0,9.96545454545455,74.4570963954767,62.2988651218097,123.181818181818,-0,-0,0,0,1,3,-1.24344978758018e-14
3280,0,0,0,9.96545454545455,74.4459395455556,62.4282194493994,123.181818181818,-0,-0,0,0,1,3,-1.24344978758018e-14
3290,0,0,0,9.96545454545455,74.4347826956345,62.5575737769891,123.181818181818,-0,-0,0,0,1,3,-1.24344978758018e-14
3300,0,0,0,9.96545454545455,74.4236258457133,62.6869281045788,123.181818181818,-0,-0,0,0,1,3,-1.24344978758018e-14
3310,0,0,0,9.96545454545455,74.4124689957922,62.8162824321684,123.181818181818,-0,-0,0,0,1,3,-1.24344978758018e-14
3320,0,0,0,9.96545454545455,74.401312145871,62.9456367597581,123.181818181818,-0,-0,0,0,1,3,-1.24344978758018e-14
3330,0,0,0,9.96545454545455,74.3901552959499,63.0749910873478,123.181818181818,-0,-0,0,0,1,3,-1.24344978758018e-14
3340,0,0,0,9.96545454545455,74.3789984460287,63.2043454149374,123.181818181818,-0,-0,0,0,1,3,-1.24344978758018e-14
3350,0,0,0,9.96545454545455,74.3678415961076,63.3336997425271,123.181818181818,-0,-0,0,0,1,3,-1.24344978758018e-14
3360,14.4,86.977915194157,90.3242180942257,9.0595041322314,74.3429302002803,63.4630540701168,123.181818181818,0,0,0,0,1,3,-1.4210854715202e-14
3370,35.9697167755993,15.6001590852125,18.4926143954087,9.0595041322314,74.1906524241688,63.5924083977065,123.181818181818,0,0,0,0,1,3,0
3380,37.7,23.3513385748986,26.6478803547808,9.0595041322314,74.1410229035203,63.7217627252961,123.181818181818,0,0,0,0,1,3,1.4210854715202e-14
3390,33.7,12.5299770511626,15.0978356905786,9.0595041322314,74.1281192437015,63.8511170528858,123.181818181818,0,0,0,0,1,3,7.105427357601e-15
3400,4.54000000000001,-29.9829897412122,-27.9972027713954,9.0595041322314,74.1735721256077,63.9804713804755,123.181818181818,27.9972027713954,9.0595041322314,18.9376986391639,0,1,6,7.105427357601e-15
3410,0,-0,0,9.96545454545455,74.1655196253288,64.1098257080651,123.181818181818,-0,-0,0,0,1,3,-1.24344978758018e-14
3420,22.8,-7.30799420930821,-5.66757564100757,9.0595041322314,74.1099794779401,64.2391800356548,123.181818181818,5.66757564100757,5.66757564100757,0,0,1,3,4.44089209850063e-15
3430,8.76,-63.97461553797,-60.0992883464948,9.0595041322314,74.1355790047665,64.3685343632445,123.181818181818,60.0992883464948,9.0595041322314,51.0397842142633,0,1,6,0
3440,0,-0,0,9.96545454545455,74.134079784631,64.4978886908342,123.181818181818,-0,-0,0,0,1,3,-1.24344978758018e-14
3450,0,-0,0,9.96545454545455,74.1229229347099,64.6272430184238,123.181818181818,-0,-0,0,0,1,3,-1.24344978758018e-14
3460,0,-0,0,9.96545454545455,74.1117660847887,64.7565973460135,123.181818181818,-0,-0,0,0,1,3,-1.24344978758018e-14
3470,0,-0,0,9.96545454545455,74.1006092348676,64.8859516736032,123.181818181818,-0,-0,0,0,1,3,-1.24344978758018e-14
3480,0,-0,0,9.96545454545455,74.0894523849464,65.0153060011928,123.181818181818,-0,-0,0,0,1,3,-1.24344978758018e-14
3490,0,-0,0,9.96545454545455,74.0782955350253,65.1446603287825,123.181818181818,-0,-0,0,0,1,3,-1.24344978758018e-14
3500,21.6,93.1366091794736,97.1006222896171,9.0595041322314,74.0341712949675,65.2740146563722,123.181818181818,0,0,0,0,1,3,-1.4210854715202e-14
3510,36.8,1.30671468131433,3.87027758454197,9.0595041322314,73.9103848448725,65.4033689839619,123.181818181818,0,0,0,0,1,3,7.105427357601e-15
3520,13.4,-117.237374602493,-110.471492570616,9.0595041322314,73.991668319096,65.5327233115515,123.181818181818,110.471492570616,9.0595041322314,101.411988438385,0,1,6,0
3530,0,-0,0,9.96545454545455,74.0069481838895,65.6620776391412,123.181818181818,-0,-0,0,0,1,3,-1.24344978758018e-14
3540,0,-0,0,9.96545454545455,73.9957913339684,65.7914319667309,123.181818181818,-0,-0,0,0,1,3,-1.24344978758018e-14
3550,0,-0,0,9.96545454545455,73.9846344840473,65.9207862943205,123.181818181818,-0,-0,0,0,1,3,-1.24344978758018e-14
3560,28.8,132.683070399643,138.334868614144,9.0595041322314,73.9302874374551,66.0501406219102,123.181818181818,0,0,0,0,1,3,0
3570,41,-6.4338993614598,-3.14685712110409,9.0595041322314,73.809464539395,66.1794949494999,123.181818181818,3.14685712110409,3.14685712110409,0,0,1,3,1.4210854715202e-14
3580,31.64,-192.215121389027,-180.492465789845,9.0595041322314,73.8275182884506,66.3088492770896,123.181818181818,180.492465789845,9.0595041322314,171.432961657613,0,1,6,0
3590,0,-0,0,9.96545454545455,73.8889889728581,66.4382036046792,123.181818181818,-0,-0,0,0,1,3,-1.24344978758018e-14
3600,0,0,0,9.96545454545455,73.877832122937,66.5675579322689,123.181818181818,-0,-0,0,0,1,3,-1.24344978758018e-14
3610,0,0,0,9.96545454545455,73.8666752730158,66.6969122598586,123.181818181818,-0,-0,0,0,1,3,-1.24344978758018e-14
3620,0,0,0,9.96545454545455,73.8555184230947,66.8262665874483,123.181818181818,-0,-0,0,0,1,3,-1.24344978758018e-14
3630,21.6,124.881602852552,129.798113511225,9.0595041322314,73.8094006783499,66.9556209150379,123.181818181818,0,0,0,0,1,3,0
3640,10.48,-73.9515150087474,-69.5217532320779,9.0595041322314,73.7795307009716,67.0849752426276,123.181818181818,69.5217532320779,9.0595041322314,60.4622490998465,0,1,6,0
3650,18,83.4347685010423,86.8573174087035,9.0595041322314,73.7625125377436,67.2143295702173,123.181818181818,0,0,0,0,1,3,1.4210854715202e-14
3660,38.9,16.9056734833161,20.1396822340285,9.0595041322314,73.6385404713996,67.3436838978069,123.181818181818,0,0,0,0,1,3,-7.105427357601e-15
3670,23.78,-149.51113502179,-140.520270866656,9.0595041322314,73.6499374267035,67.4730382253966,123.181818181818,140.520270866656,9.0595041322314,131.460766734424,0,1,6,0
3680,0,-0,0,9.0595041322314,73.6868688183994,67.6023925529863,123.181818181818,-0,-0,0,0,1,3,-8.88178419700125e-15
3690,28.1,25.6883133425006,28.1377089713075,9.0595041322314,73.5927454027682,67.731746880576,123.181818181818,0,0,0,0,1,3,-1.4210854715202e-14
3700,0,-0,0,9.96545454545455,73.6104320473934,67.8611012081656,123.181818181818,-0,-0,0,0,1,3,-1.24344978758018e-14
3710,0,0,0,9.96545454545455,73.5992751974722,67.9904555357553,123.181818181818,-0,-0,0,0,1,3,-1.24344978758018e-14
3720,0,0,0,9.96545454545455,73.5881183475511,68.119809863345,123.181818181818,-0,-0,0,0,1,3,-1.24344978758018e-14
3730,28.8,166.914893445093,173.573602530689,9.0595041322314,73.5126497980894,68.2491641909346,123.181818181818,0,0,0,0,1,3,0
3740,32.92,-102.495600236365,-95.1893834902684,9.0595041322314,73.3704769645703,68.3785185185243,123.181818181818,95.1893834902684,9.0595041322314,86.129879358037,0,1,6,0
3750,0,0,0,9.96545454545455,73.3880178615484,68.507872846114,123.181818181818,-0,-0,0,0,1,3,-1.24344978758018e-14
3760,0,0,0,9.96545454545455,73.3768610116272,68.6372271737037,123.181818181818,-0,-0,0,0,1,3,-1.24344978758018e-14
3770,0,0,0,9.96545454545455,73.3657041617061,68.7665815012933,123.181818181818,-0,-0,0,0,1,3,-1.24344978758018e-14
3780,0,0,0,9.96545454545455,73.3545473117849,68.895935828883,123.181818181818,-0,-0,0,0,1,3,-1.24344978758018e-14
3790,0,0,0,9.96545454545455,73.3433904618638,69.0252901564727,123.181818181818,-0,-0,0,0,1,3,-1.24344978758018e-14
3800,0,0,0,9.0595041322314,73.3322336119427,69.1546444840623,123.181818181818,-0,-0,0,0,1,3,-8.88178419700125e-15
3810,36,318.400627258457,330.0957099812,9.0595041322314,73.1530258576365,69.283998811652,123.181818181818,0,0,0,0,1,3,0
3820,38.3,48.4414579415208,52.5270355577104,9.0595041322314,72.9887027492842,69.4133531392417,123.181818181818,0,0,0,0,1,3,7.105427357601e-15
3830,38.3,35.4253457324663,39.1337776433074,9.0595041322314,72.933261434178,69.5427074668314,123.181818181818,0,0,0,0,1,3,-7.105427357601e-15
3840,24.26,-192.603993248606,-181.378325662143,9.0595041322314,72.9413546450507,69.672061794421,123.181818181818,181.378325662143,9.0595041322314,172.318821529912,0,1,6,0
3850,0,-0,0,9.96545454545455,72.9913110644011,69.8014161220107,123.181818181818,-0,-0,0,0,1,3,-1.24344978758018e-14
3860,10.8,41.2410476773352,43.051251355785,9.0595041322314,72.9764306903181,69.9307704496004,123.181818181818,0,0,0,0,1,3,-7.105427357601e-15
3870,10.16,-49.801296880902,-46.674508081714,9.0595041322314,72.9282937810056,70.0601247771901,123.181818181818,46.674508081714,9.0595041322314,37.6150039494826,0,1,6,0
3880,0,0,0,9.96545454545455,72.9218822200015,70.1894791047797,123.181818181818,-0,-0,0,0,1,3,-1.24344978758018e-14
3890,0,0,0,9.96545454545455,72.9107253700804,70.3188334323694,123.181818181818,-0,-0,0,0,1,3,-1.24344978758018e-14
3900,0,0,0,9.96545454545455,72.8995685201592,70.4481877599591,123.181818181818,-0,-0,0,0,1,3,-1.24344978758018e-14
3910,0,0,0,9.96545454545455,72.8884116702381,70.5775420875487,123.181818181818,-0,-0,0,0,1,3,-1.24344978758018e-14
3920,10.8,75.5999435463817,78.5221865186937,9.0595041322314,72.8694085222507,70.7068964151384,123.181818181818,0,0,0,0,1,3,0
3930,33.5,-38.1018423927636,-33.9936378886924,9.0595041322314,72.7379930736745,70.8362507427281,123.181818181818,33.9936378886924,9.0595041322314,24.934133756461,0,1,6,0
3940,33.5,-18.4301069319115,-15.316556626047,9.0595041322314,72.7631804048648,70.9656050703178,123.181818181818,15.316556626047,9.0595041322314,6.25705249381556,0,1,6,5.32907051820075e-15
3950,33.5,-1.05385243433666,0,9.0595041322314,72.7611516897727,71.0949593979074,123.181818181818,-0,-0,0,0,1,3,-8.88178419700125e-15
3960,27.74,58.7112567456234,62.1058681274196,9.0595041322314,72.7844282940707,71.2243137254971,123.181818181818,0,0,0,0,1,3,0
3970,0,-0,0,9.96545454545455,72.8097160086777,71.3536680530868,123.181818181818,-0,-0,0,0,1,3,-1.24344978758018e-14
3980,14.4,71.3852074821497,74.2452513979002,9.0595041322314,72.787517809227,71.4830223806764,123.181818181818,0,0,0,0,1,3,0
3990,22.32,-107.726460185621,-100.975944850037,9.0595041322314,72.7103812791732,71.6123767082661,123.181818181818,100.975944850037,9.0595041322314,91.9164407178053,0,1,6,0
4000,10.8,60.7503418959313,63.1919716204707,9.0595041322314,72.7305570478462,71.7417310358558,123.181818181818,0,0,0,0,1,3,0
4010,25.7,33.6525060422141,36.1490466579339,9.0595041322314,72.6352094965339,71.8710853634455,123.181818181818,0,0,0,0,1,3,-1.4210854715202e-14
4020,1.22,-4.01515913159017,-3.60850762174247,9.0595041322314,72.6321280285723,72.0004396910351,123.181818181818,3.60850762174247,3.60850762174247,0,0,1,3,0
4030,0,0,0,9.96545454545455,72.6214765959459,72.1297940186248,123.181818181818,-0,-0,0,0,1,3,-1.24344978758018e-14
4040,21.6,136.634222125374,141.903366057861,9.0595041322314,72.5710300777589,72.2591483462145,123.181818181818,0,0,0,0,1,3,0
4050,36.3,-20.5351871136459,-17.0255945968161,9.0595041322314,72.4556494317626,72.3885026738041,123.181818181818,17.0255945968161,9.0595041322314,7.96609046458474,0,1,6,5.32907051820075e-15
4060,36.3,9.00195934501465,11.7369695010148,9.0595041322314,72.463381981909,72.5178570013938,123.181818181818,0,0,0,0,1,3,-1.4210854715202e-14
4070,36.3,39.1516404257685,42.7624581345187,9.0595041322314,72.422329884808,72.6472113289835,123.181818181818,0,0,0,0,1,3,-7.105427357601e-15
4080,31.62,-183.890722722637,-172.591571798108,9.0595041322314,72.3952090025224,72.7765656565732,123.181818181818,172.591571798108,9.0595041322314,163.532067665876,0,1,6,0
4090,3.6,18.5491865825679,19.4831713995204,9.0595041322314,72.4605136359315,72.9059199841628,123.181818181818,0,0,0,0,1,3,7.105427357601e-15
4100,16.5,91.9934571794492,95.5798068741608,9.0595041322314,72.3902211270913,73.0352743117525,123.181818181818,0,0,0,0,1,3,1.4210854715202e-14
4110,33.1,12.5608811305813,15.0674483687931,9.0595041322314,72.2668617868923,73.1646286393422,123.181818181818,0,0,0,0,1,3,-7.105427357601e-15
4120,3.94,-14.1795787798703,-13.1390465403483,9.0595041322314,72.2716384476854,73.2939829669318,123.181818181818,13.1390465403483,9.0595041322314,4.07954240811693,0,1,6,-5.32907051820075e-15
4130,0,0,0,9.96545454545455,72.2620256791487,73.4233372945215,123.181818181818,-0,-0,0,0,1,3,-1.24344978758018e-14
4140,0,0,0,9.96545454545455,72.2508688292276,73.5526916221112,123.181818181818,-0,-0,0,0,1,3,-1.24344978758018e-14
4150,0,0,0,9.96545454545455,72.2397119793064,73.6820459497009,123.181818181818,-0,-0,0,0,1,3,-1.24344978758018e-14
4160,0,0,0,9.96545454545455,72.2285551293853,73.8114002772905,123.181818181818,-0,-0,0,0,1,3,-1.24344978758018e-14
4170,0,0,0,9.96545454545455,72.2173982794641,73.9407546048802,123.181818181818,-0,-0,0,0,1,3,-1.24344978758018e-14
4180,28.8,250.323230959931,259.435351938669,9.0595041322314,72.1059235602085,74.0701089324699,123.181818181818,0,0,0,0,1,3,0
4190,46.6,-9.05442156393302,-5.05313148658392,9.0595041322314,71.8916903763929,74.1994632600596,123.181818181818,5.05313148658392,5.05313148658392,0,0,1,3,3.5527136788005e-15
4200,46.6,-3.1546559564229,0,9.0595041322314,71.8831440175164,74.3288175876492,123.181818181818,-0,-0,0,0,1,3,-8.88178419700125e-15
4210,46.6,29.5774163220395,33.9744839796305,9.0595041322314,71.8592879265315,74.4581719152389,123.181818181818,0,0,0,0,1,3,-7.105427357601e-15
4220,32.56,-236.21732311316,-222.180234114424,9.0595041322314,71.8678279027944,74.5875262428286,123.181818181818,222.180234114424,9.0595041322314,213.120729982193,0,1,6,0
4230,0,-0,0,9.96545454545455,71.9541463538376,74.7168805704182,123.181818181818,-0,-0,0,0,1,3,-1.24344978758018e-14
4240,0,-0,0,9.96545454545455,71.9429895039165,74.8462348980079,123.181818181818,-0,-0,0,0,1,3,-1.24344978758018e-14
4250,0,-0,0,9.96545454545455,71.9318326539953,74.9755892255976,123.181818181818,-0,-0,0,0,1,3,-1.24344978758018e-14
4260,0,-0,0,9.0595041322314,71.9206758040742,75.1049435531873,123.181818181818,-0,-0,0,0,1,3,-8.88178419700125e-15
4270,29.9,23.7832287637338,26.3187838602103,9.0595041322314,71.8294550283308,75.2342978807769,123.181818181818,0,0,0,0,1,3,-7.105427357601e-15
4280,25.22,-132.922494675747,-124.679150619756,9.0595041322314,71.8073796389259,75.3636522083666,123.181818181818,124.679150619756,9.0595041322314,115.619646487524,0,1,6,0
4290,26.9,0.231071669434092,1.83396613838245,9.0595041322314,71.795636719694,75.4930065359563,123.181818181818,0,0,0,0,1,3,7.105427357601e-15
4300,0,-0,0,9.0595041322314,71.8234656937075,75.6223608635459,123.181818181818,-0,-0,0,0,1,3,-8.88178419700125e-15
4310,0,-0,0,9.96545454545455,71.8124102696947,75.7517151911356,123.181818181818,-0,-0,0,0,1,3,-1.24344978758018e-14
4320,0,-0,0,9.96545454545455,71.8012534197736,75.8810695187253,123.181818181818,-0,-0,0,0,1,3,-1.24344978758018e-14
4330,0,-0,0,9.96545454545455,71.7900965698525,76.010423846315,123.181818181818,-0,-0,0,0,1,3,-1.24344978758018e-14
4340,0,-0,0,9.0595041322314,71.7789397199313,76.1397781739046,123.181818181818,-0,-0,0,0,1,3,-8.88178419700125e-15
4350,31.6,43.7113183459458,46.9738481571416,9.0595041322314,71.6717775997029,76.2691325014943,123.181818181818,0,0,0,0,1,3,0
4360,37.3,23.2042382346966,26.4551598659677,9.0595041322314,71.5990517729979,76.398486829084,123.181818181818,0,0,0,0,1,3,-1.4210854715202e-14
4370,37.3,27.7409289681493,31.1234644892304,9.0595041322314,71.5570746554097,76.5278411566736,123.181818181818,0,0,0,0,1,3,0
4380,37.3,34.1063018227603,37.6735031125059,9.0595041322314,71.5091029637166,76.6571954842633,123.181818181818,0,0,0,0,1,3,7.105427357601e-15
4390,25.72,-92.2730626939504,-86.0670127726113,9.0595041322314,71.4894947341699,76.786549811853,123.181818181818,86.0670127726113,9.0595041322314,77.0075086403799,0,1,6,0
4400,0,0,0,9.96545454545455,71.5136690830458,76.9159041394427,123.181818181818,-0,-0,0,0,1,3,-1.24344978758018e-14
4410,0,0,0,9.0595041322314,71.5025122331246,77.0452584670323,123.181818181818,-0,-0,0,0,1,3,-8.88178419700125e-15
4420,30.5,85.5847997180974,89.9796111576753,9.0595041322314,71.3658779295431,77.174612794622,123.181818181818,0,0,0,0,1,3,-1.4210854715202e-14
4430,37.2,169.00098434763,176.471812169132,9.0595041322314,71.2376446811156,77.3039671222117,123.181818181818,0,0,0,0,1,3,0
4440,37.2,92.7522341553966,98.0107300325355,9.0595041322314,71.1149533215466,77.4333214498014,123.181818181818,0,0,0,0,1,3,1.4210854715202e-14
4450,32.52,-197.266695792429,-185.204455780167,9.0595041322314,71.0254817643793,77.562675777391,123.181818181818,185.204455780167,9.0595041322314,176.144951647936,0,1,6,0
4460,0,-0,0,9.96545454545455,71.1280122935403,77.6920301049807,123.181818181818,-0,-0,0,0,1,3,-1.24344978758018e-14
4470,0,-0,0,9.96545454545455,71.1168554436192,77.8213844325704,123.181818181818,-0,-0,0,0,1,3,-1.24344978758018e-14
4480,18,48.1966217391513,50.5452246088461,9.0595041322314,71.0966042088574,77.95073876016,123.181818181818,0,0,0,0,1,3,-7.105427357601e-15
4490,25.7,37.6054774755269,40.2191368765595,9.0595041322314,71.0546798723838,78.0800930877497,123.181818181818,0,0,0,0,1,3,-7.105427357601e-15
4500,0,-0,0,9.0595041322314,71.0471431498664,78.2094474153394,123.181818181818,-0,-0,0,0,1,3,-8.88178419700125e-15
4510,0,0,0,9.0595041322314,71.0360877258536,78.3388017429291,123.181818181818,-0,-0,0,0,1,3,-8.88178419700125e-15
4520,25.6,52.6740241923209,55.7264944904495,9.0595041322314,70.9334057051614,78.4681560705187,123.181818181818,0,0,0,0,1,3,1.4210854715202e-14
4530,25.6,108.342255941157,113.044498145596,9.0595041322314,70.829547342903,78.5975103981084,123.181818181818,0,0,0,0,1,3,1.4210854715202e-14
4540,25.6,96.7946972413022,101.154718445881,9.0595041322314,70.6932127565311,78.7268647256981,123.181818181818,0,0,0,0,1,3,0
4550,25.6,41.4200145885511,44.1389634455568,9.0595041322314,70.5974947300288,78.8562190532877,123.181818181818,0,0,0,0,1,3,7.105427357601e-15
4560,10.48,-70.9452344243757,-66.6767973557383,9.0595041322314,70.6078194406885,78.9855733808774,123.181818181818,66.6767973557383,9.0595041322314,57.6172932235069,0,1,6,7.105427357601e-15
4570,0,-0,0,9.96545454545455,70.6099473741386,79.1149277084671,123.181818181818,-0,-0,0,0,1,3,-1.24344978758018e-14
4580,0,-0,0,9.96545454545455,70.5987905242175,79.2442820360568,123.181818181818,-0,-0,0,0,1,3,-1.24344978758018e-14
4590,0,-0,0,9.96545454545455,70.5876336742963,79.3736363636464,123.181818181818,-0,-0,0,0,1,3,-1.24344978758018e-14
4600,7.2,18.965245361211,19.9407823234516,9.0595041322314,70.5759071697336,79.5029906912361,123.181818181818,0,0,0,0,1,3,-7.105427357601e-15
4610,26,4.55533150167158,6.21382210730187,9.0595041322314,70.5421433619275,79.6323450188258,123.181818181818,0,0,0,0,1,3,1.06581410364015e-14
4620,2.6,-15.7247710562,-14.5514897357694,9.0595041322314,70.533546828727,79.7616993464155,123.181818181818,14.5514897357694,9.0595041322314,5.49198560353804,0,1,6,1.77635683940025e-15
4630,0,0,0,9.96545454545455,70.5226976641963,79.8910536740051,123.181818181818,-0,-0,0,0,1,3,-1.24344978758018e-14
4640,0,0,0,9.96545454545455,70.5115408142752,80.0204080015948,123.181818181818,-0,-0,0,0,1,3,-1.24344978758018e-14
4650,0,0,0,9.96545454545455,70.500383964354,80.1497623291845,123.181818181818,-0,-0,0,0,1,3,-1.24344978758018e-14
4660,0,0,0,9.96545454545455,70.4892271144329,80.2791166567741,123.181818181818,-0,-0,0,0,1,3,-1.24344978758018e-14
4670,21.6,89.7092462943761,93.570422567329,9.0595041322314,70.4472785308781,80.4084709843638,123.181818181818,0,0,0,0,1,3,0
4680,13.86,-77.3043133007577,-72.6308882773071,9.0595041322314,70.4507419621483,80.5378253119535,123.181818181818,72.6308882773071,9.0595041322314,63.5713841450757,0,1,6,0
4690,0,0,0,9.96545454545455,70.4555330222096,80.6671796395431,123.181818181818,-0,-0,0,0,1,3,-1.24344978758018e-14
4700,14.4,98.0693276919119,101.76151657121,9.0595041322314,70.4296312074177,80.7965339671328,123.181818181818,0,0,0,0,1,3,-1.4210854715202e-14
4710,31.2,9.35513516675837,11.5712052349793,9.0595041322314,70.2680261081356,80.9258882947225,123.181818181818,0,0,0,0,1,3,-7.105427357601e-15
4720,30.3,14.2008657531605,16.487060464388,9.0595041322314,70.29188709046,81.0552426223122,123.181818181818,0,0,0,0,1,3,-1.4210854715202e-14
4730,30.3,54.9414657282829,58.4224525545755,9.0595041322314,70.2209611686393,81.1845969499018,123.181818181818,0,0,0,0,1,3,-1.4210854715202e-14
4740,0,-0,0,9.96545454545455,70.2557483582234,81.3139512774915,123.181818181818,-0,-0,0,0,1,3,-1.24344978758018e-14
4750,27.6,15.6888512624359,17.8039486636622,9.0595041322314,70.2168393634585,81.4433056050812,123.181818181818,0,0,0,0,1,3,1.4210854715202e-14
4760,4.2,-30.377170236756,-28.3572628133374,9.0595041322314,70.2830482778338,81.5726599326709,123.181818181818,28.3572628133374,9.0595041322314,19.297758681106,0,1,6,7.105427357601e-15
4770,3.6,13.4547833918101,14.1757795269575,9.0595041322314,70.2749320766457,81.7020142602605,123.181818181818,0,0,0,0,1,3,1.4210854715202e-14
4780,30.4,37.4777690771448,40.4544426151439,9.0595041322314,70.1549261168436,81.8313685878502,123.181818181818,0,0,0,0,1,3,-7.105427357601e-15
4790,33.4,9.30081441992526,11.7433781829735,9.0595041322314,70.1042312176125,81.9607229154399,123.181818181818,0,0,0,0,1,3,-1.4210854715202e-14
4800,33.4,2.46396969451733,4.70709846462268,9.0595041322314,70.0835082772803,82.0900772430295,123.181818181818,0,0,0,0,1,3,1.24344978758018e-14
4810,0,-0,0,9.96545454545455,70.1352211800117,82.2194315706192,123.181818181818,-0,-0,0,0,1,3,-1.24344978758018e-14
4820,0,-0,0,9.96545454545455,70.1240643300905,82.3487858982089,123.181818181818,-0,-0,0,0,1,3,-1.24344978758018e-14
4830,25.2,130.327351558657,135.653064693796,9.0595041322314,70.0697837993934,82.4781402257986,123.181818181818,0,0,0,0,1,3,-2.8421709430404e-14
4840,35,12.8805092169091,15.593361247921,9.0595041322314,69.9753180769937,82.6074945533882,123.181818181818,0,0,0,0,1,3,1.4210854715202e-14
4850,35,29.15490647873,32.3413569238207,9.0595041322314,69.9457054092861,82.7368488809779,123.181818181818,0,0,0,0,1,3,-7.105427357601e-15
4860,0,0,0,9.96545454545455,69.9688116912587,82.8662032085676,123.181818181818,-0,-0,0,0,1,3,-1.24344978758018e-14
4870,0,0,0,9.96545454545455,69.9576548413375,82.9955575361572,123.181818181818,-0,-0,0,0,1,3,-1.24344978758018e-14
4880,0,0,0,9.96545454545455,69.9464979914164,83.1249118637469,123.181818181818,-0,-0,0,0,1,3,-1.24344978758018e-14
4890,0,0,0,9.96545454545455,69.9353411414953,83.2542661913366,123.181818181818,-0,-0,0,0,1,3,-1.24344978758018e-14
4900,27.2,186.434704666561,193.558214788456,9.0595041322314,69.8254599311578,83.3836205189263,123.181818181818,0,0,0,0,1,3,0
4910,32.5,6.32370207519443,8.5858834918796,9.0595041322314,69.7185576579381,83.5129748465159,123.181818181818,0,0,0,0,1,3,-7.105427357601e-15
4920,23,33.3521694090459,35.6302619223805,9.0595041322314,69.6689359718789,83.6423291741056,123.181818181818,0,0,0,0,1,3,7.105427357601e-15
4930,8.96,-68.6542631970061,-64.52313565878,9.0595041322314,69.650380381859,83.7716835016953,123.181818181818,64.52313565878,9.0595041322314,55.4636315265486,0,1,6,-7.105427357601e-15
4940,0,-0,0,9.96545454545455,69.6497202482113,83.9010378292849,123.181818181818,-0,-0,0,0,1,3,-1.24344978758018e-14
4950,0,-0,0,9.96545454545455,69.6385633982902,84.0303921568746,123.181818181818,-0,-0,0,0,1,3,-1.24344978758018e-14
4960,0,-0,0,9.96545454545455,69.6274065483691,84.1597464844643,123.181818181818,-0,-0,0,0,1,3,-1.24344978758018e-14
4970,0,-0,0,9.96545454545455,69.6162496984479,84.289100812054,123.181818181818,-0,-0,0,0,1,3,-1.24344978758018e-14
4980,0,-0,0,9.96545454545455,69.6050928485268,84.4184551396436,123.181818181818,-0,-0,0,0,1,3,-1.24344978758018e-14
4990,0,-0,0,9.96545454545455,69.5939359986056,84.5478094672333,123.181818181818,-0,-0,0,0,1,3,-1.24344978758018e-14
5000,0,-0,0,9.96545454545455,69.5827791486845,84.677163794823,123.181818181818,-0,-0,0,0,1,3,-1.24344978758018e-14
5010,0,-0,0,9.96545454545455,69.5716222987633,84.8065181224127,123.181818181818,-0,-0,0,0,1,3,-1.24344978758018e-14
5020,10.8,43.8606291478779,45.7556166197248,9.0595041322314,69.5563363396404,84.9358724500023,123.181818181818,0,0,0,0,1,3,7.105427357601e-15
5030,20.6,10.3499913138386,11.7507185303097,9.0595041322314,69.5144325473151,85.065226777592,123.181818181818,0,0,0,0,1,3,-7.105427357601e-15
5040,1.24841173000865,-0.613088414678599,-0.504780856088031,9.0595041322314,69.5178137639707,85.1945811051817,123.181818181818,0.504780856088031,0.504780856088031,0,0,1,3,3.5527136788005e-15
5050,0,0,0,9.96545454545455,69.5070936504665,85.3239354327713,123.181818181818,-0,-0,0,0,1,3,-1.24344978758018e-14
5060,0,0,0,9.96545454545455,69.4959368005454,85.453289760361,123.181818181818,-0,-0,0,0,1,3,-1.24344978758018e-14
5070,0,0,0,9.96545454545455,69.4847799506243,85.5826440879507,123.181818181818,-0,-0,0,0,1,3,-1.24344978758018e-14
5080,0,0,0,9.96545454545455,69.4736231007031,85.7119984155404,123.181818181818,-0,-0,0,0,1,3,-1.24344978758018e-14
5090,14.7,9.31858191646431,10.2556092461339,9.0595041322314,69.4327212462899,85.84135274313,123.181818181818,0,0,0,0,1,3,3.5527136788005e-15
5100,23.3,14.2280425516674,15.9588106486195,9.0595041322314,69.3766382333657,85.9707070707197,123.181818181818,0,0,0,0,1,3,1.06581410364015e-14
5110,22.2,15.6365979790885,17.3225453058331,9.0595041322314,69.3513500823083,86.1000613983094,123.181818181818,0,0,0,0,1,3,-1.4210854715202e-14
5120,0,-0,0,9.96545454545455,69.3562732691057,86.229415725899,123.181818181818,-0,-0,0,0,1,3,-1.24344978758018e-14
5130,0,0,0,9.96545454545455,69.3451164191845,86.3587700534887,123.181818181818,-0,-0,0,0,1,3,-1.24344978758018e-14
5140,0,0,0,9.96545454545455,69.3339595692634,86.4881243810784,123.181818181818,-0,-0,0,0,1,3,-1.24344978758018e-14
5150,14.4,80.4042792483362,83.5455831451957,9.0595041322314,69.3097512374963,86.6174787086681,123.181818181818,0,0,0,0,1,3,-1.4210854715202e-14
5160,20.2,67.8252389357963,70.9282069776473,9.0595041322314,69.27448632603,86.7468330362577,123.181818181818,0,0,0,0,1,3,-1.4210854715202e-14
5170,7.88,-14.4547537349651,-13.310678005238,9.0595041322314,69.2438904245412,86.8761873638474,123.181818181818,13.310678005238,9.0595041322314,4.25117387300664,0,1,6,-5.32907051820075e-15
5180,0,0,0,9.96545454545455,69.2355436285855,87.0055416914371,123.181818181818,-0,-0,0,0,1,3,-1.24344978758018e-14
5190,0,0,0,9.96545454545455,69.2243867786644,87.1348960190268,123.181818181818,-0,-0,0,0,1,3,-1.24344978758018e-14
5200,0,0,0,9.96545454545455,69.2132299287432,87.2642503466164,123.181818181818,-0,-0,0,0,1,3,-1.24344978758018e-14
5210,3.6,24.4886191840548,25.6709219831324,9.0595041322314,69.2021745047305,87.3936046742061,123.181818181818,0,0,0,0,1,3,0
5220,22.5,151.354687241598,157.123660614953,9.0595041322314,69.1032903470266,87.5229590017958,123.181818181818,0,0,0,0,1,3,-2.8421709430404e-14
5230,29.3,-61.1440153696578,-56.2508049554749,9.0595041322314,69.059020264916,87.6523133293854,123.181818181818,56.2508049554749,9.0595041322314,47.1913008232435,0,1,6,0
5240,0,-0,0,9.96545454545455,69.1098207789489,87.7816676569751,123.181818181818,-0,-0,0,0,1,3,-1.24344978758018e-14
5250,7.2,40.6617140924134,42.3906856528523,9.0595041322314,69.0969361656393,87.9110219845648,123.181818181818,0,0,0,0,1,3,-1.4210854715202e-14
5260,36.8,82.8917779236831,87.8237196833441,9.0595041322314,68.9040635199658,88.0403763121545,123.181818181818,0,0,0,0,1,3,1.4210854715202e-14
5270,36.8,-27.3397142392492,-23.435177471428,9.0595041322314,68.8884448571793,88.1697306397441,123.181818181818,23.435177471428,9.0595041322314,14.3756733391966,0,1,6,-1.77635683940025e-15
5280,22.6,42.309072875103,44.8240920198608,9.0595041322314,68.9230993153528,88.2990849673338,123.181818181818,0,0,0,0,1,3,-7.105427357601e-15
5290,35.2,84.8778886506154,89.7060669934618,9.0595041322314,68.8455080624143,88.4284392949235,123.181818181818,0,0,0,0,1,3,0
5300,35.2,31.0209581249491,34.2823010907705,9.0595041322314,68.8269060740298,88.5577936225131,123.181818181818,0,0,0,0,1,3,-7.105427357601e-15
5310,35.2,29.6969062585144,32.9197291808596,9.0595041322314,68.776693612646,88.6871479501028,123.181818181818,0,0,0,0,1,3,-1.4210854715202e-14
5320,35.2,51.0627041249528,54.907112563382,9.0595041322314,68.7244996932042,88.8165022776925,123.181818181818,0,0,0,0,1,3,7.105427357601e-15
5330,1.36,-3.15632012003061,-2.8315918828883,9.0595041322314,68.7452943425415,88.9458566052822,123.181818181818,2.8315918828883,2.8315918828883,0,0,1,3,3.5527136788005e-15
5340,18,134.489486460244,139.468019921868,9.0595041322314,68.7043687451818,89.0752109328718,123.181818181818,0,0,0,0,1,3,-2.8421709430404e-14
5350,26.5,-10.1945416080483,-8.11140515801105,9.0595041322314,68.6172148225522,89.2045652604615,123.181818181818,8.11140515801105,8.11140515801105,0,0,1,3,1.77635683940025e-15
5360,0,-0,0,9.96545454545455,68.6462091942418,89.3339195880512,123.181818181818,-0,-0,0,0,1,3,-1.24344978758018e-14
5370,0,0,0,9.96545454545455,68.6350523443206,89.4632739156409,123.181818181818,-0,-0,0,0,1,3,-1.24344978758018e-14
5380,0,0,0,9.96545454545455,68.6238954943995,89.5926282432305,123.181818181818,-0,-0,0,0,1,3,-1.24344978758018e-14
5390,0,0,0,9.96545454545455,68.6127386444784,89.7218565065628,123.181818181818,-0,-0,0,0,1,3,-1.24344978758018e-14
5400,21.6,128.352515050932,133.373169228869,9.0595041322314,68.5680746686052,89.8487839523889,123.181818181818,0,0,0,0,1,3,2.8421709430404e-14
5410,27.12,-142.80503343788,-133.923251050228,9.0595041322314,68.4677542817874,89.9726799512468,123.181818181818,133.923251050228,9.0595041322314,124.863746917997,0,1,6,0
5420,33.9,15.4771700342047,18.1516675631108,9.0595041322314,68.4311539543297,90.0936158366671,123.181818181818,0,0,0,0,1,3,0
5430,14.1,-70.1984561387364,-65.8920430398905,9.0595041322314,68.4413891078142,90.2116613197123,123.181818181818,65.8920430398905,9.0595041322314,56.832538907659,0,1,6,7.105427357601e-15
5440,0,0,0,9.96545454545455,68.4451848178545,90.3268845228173,123.181818181818,-0,-0,0,0,1,3,-1.24344978758018e-14
5450,0,0,0,9.96545454545455,68.4340279679334,90.4393520131023,123.181818181818,-0,-0,0,0,1,3,-1.4210854715202e-14
5460,0,0,0,9.96545454545455,68.4228711180123,90.5491288351527,123.181818181818,-0,-0,0,0,1,3,-1.4210854715202e-14
5470,14.4,93.6548843015455,97.2094086520799,9.0595041322314,68.3965844637526,90.6562785432654,123.181818181818,0,0,0,0,1,3,0
5480,37,-0.62726844882929,0,9.0595041322314,68.2392553596873,90.7608632331597,123.181818181818,-0,-0,0,0,1,3,-7.105427357601e-15
5490,17.2,-59.0289789485621,-55.1500395880005,9.0595041322314,68.272570117757,90.8629435731517,123.181818181818,55.1500395880005,9.0595041322314,46.0905354557691,0,1,6,0
5500,0,0,0,9.96545454545455,68.2798557189713,90.9625788347942,123.181818181818,-0,-0,0,0,1,3,-1.4210854715202e-14
5510,10.8,69.7283267791397,72.4605325456998,9.0595041322314,68.261557194504,91.0598269229817,123.181818181818,0,0,0,0,1,3,0
5520,30.1,16.5536948006596,18.8929779682304,9.0595041322314,68.1366004176114,91.1547444055221,123.181818181818,0,0,0,0,1,3,1.4210854715202e-14
5530,5.62,-33.3570810400319,-31.1895282665409,9.0595041322314,68.1599835362779,91.2473865421793,123.181818181818,31.1895282665409,9.0595041322314,22.1300241343095,0,1,6,-7.105427357601e-15
5540,3.6,15.6640370095518,16.4773984322897,9.0595041322314,68.1530643219748,91.3378073131863,123.181818181818,0,0,0,0,1,3,0
5550,38.6,152.435694069764,159.564226631173,9.0595041322314,68.0194241574584,91.4260594472358,123.181818181818,0,0,0,0,1,3,-1.4210854715202e-14
5560,38.6,-4.19422252987763,-1.26969325520437,9.0595041322314,67.9916626157322,91.512194448948,123.181818181818,1.26969325520437,1.26969325520437,0,0,1,3,1.4210854715202e-14
5570,38.6,41.2724439307834,45.1811386712502,9.0595041322314,67.9630513232885,91.5962626258241,123.181818181818,0,0,0,0,1,3,7.105427357601e-15
5580,29.24,-121.281148334846,-113.339509866162,9.0595041322314,67.890524531812,91.6783131146857,123.181818181818,113.339509866162,9.0595041322314,104.280005733931,0,1,6,0
5590,0,-0,0,9.96545454545455,67.9260056005225,91.7583939076089,123.181818181818,-0,-0,0,0,1,3,-1.4210854715202e-14
5600,0,0,0,9.96545454545455,67.9148487506014,91.8365518773544,123.181818181818,-0,-0,0,0,1,3,-1.4210854715202e-14
5610,0,0,0,9.96545454545455,67.9036919006802,91.9128328023029,123.181818181818,-0,-0,0,0,1,3,-1.4210854715202e-14
5620,0,0,0,9.96545454545455,67.8925350507591,91.987281390898,123.181818181818,-0,-0,0,0,1,3,-1.4210854715202e-14
5630,0,0,0,9.96545454545455,67.881378200838,92.0599413056048,123.181818181818,-0,-0,0,0,1,3,-1.4210854715202e-14
5640,0,0,0,9.96545454545455,67.8702213509168,92.1308551863893,123.181818181818,-0,-0,0,0,1,3,-1.4210854715202e-14
5650,0,0,0,9.96545454545455,67.8590645009957,92.2000646737245,123.181818181818,-0,-0,0,0,1,3,-1.4210854715202e-14
5660,0,0,0,9.96545454545455,67.8479076510745,92.2676104311308,123.181818181818,-0,-0,0,0,1,3,-7.105427357601e-15
5670,0,0,0,9.96545454545455,67.8367508011534,92.3335321672557,123.181818181818,-0,-0,0,0,1,3,-1.4210854715202e-14
5680,18,91.37240456506,95.0368672390543,9.0595041322314,67.8036832393334,92.3978686575004,123.181818181818,0,0,0,0,1,3,-7.105427357601e-15
5690,3.68,-34.6886697264891,-32.3760282896129,9.0595041322314,67.8160070413132,92.4606577651996,123.181818181818,32.3760282896129,9.0595041322314,23.3165241573815,0,1,6,0
5700,0,-0,0,9.96545454545455,67.8106551111838,92.5219364623615,123.181818181818,-0,-0,0,0,1,3,-1.4210854715202e-14
5710,0,-0,0,9.96545454545455,67.7994982612626,92.5817408499743,123.181818181818,-0,-0,0,0,1,3,-2.8421709430404e-14
5720,0,-0,0,9.96545454545455,67.7883414113415,92.6401061778868,123.181818181818,-0,-0,0,0,1,3,-2.8421709430404e-14
5730,0,-0,0,9.0595041322314,67.7771845614203,92.6970668642691,123.181818181818,-0,-0,0,0,1,3,-2.8421709430404e-14
5740,31.6,15.1469751303572,17.573781287176,9.0595041322314,67.7067890059188,92.7526565146612,123.181818181818,0,0,0,0,1,3,1.4210854715202e-14
5750,31.6,19.574749660272,22.1311017997507,9.0595041322314,67.6748483338144,92.8069079406155,123.181818181818,0,0,0,0,1,3,-1.4210854715202e-14
5760,30.4,97.0911129349511,101.815726079925,9.0595041322314,67.6633376902929,92.8598531779415,123.181818181818,0,0,0,0,1,3,0
5770,30.4,49.8373642419053,53.1764369428535,9.0595041322314,67.5989161849682,92.9115235045575,123.181818181818,0,0,0,0,1,3,2.8421709430404e-14
5780,0,0,0,9.96545454545455,67.6195622294886,92.961949457958,123.181818181818,-0,-0,0,0,1,3,-2.8421709430404e-14
5790,7.2,45.0780354182354,46.9603687687822,9.0595041322314,67.6063342051158,93.0111608523034,123.181818181818,0,0,0,0,1,3,1.4210854715202e-14
5800,32,14.7748459178706,17.2321577801987,9.0595041322314,67.4768166726587,93.0591867951377,123.181818181818,0,0,0,0,1,3,2.8421709430404e-14
5810,35.7277777777885,160.875594517951,167.966306549303,9.0595041322314,67.4469912550152,93.1060557037422,123.181818181818,0,0,0,0,1,3,-1.4210854715202e-14
5820,36.6,12.7404688283558,15.6151994399513,9.0595041322314,67.3929806412705,93.1517953211313,123.181818181818,0,0,0,0,1,3,1.4210854715202e-14
5830,36.6,18.594140360161,21.638844830385,9.0595041322314,67.3613112197405,93.1964327316972,123.181818181818,0,0,0,0,1,3,0
5840,36.6,14.4878821457556,17.4133526361713,9.0595041322314,67.3290298415066,93.2399943765101,123.181818181818,0,0,0,0,1,3,0
5850,7.44,-49.8509377746528,-46.756406716338,9.0595041322314,67.3793499941087,93.2825060682811,123.181818181818,46.756406716338,9.0595041322314,37.6969025841066,0,1,6,0
5860,0,0,0,9.96545454545455,67.3752423005729,93.323993005993,123.181818181818,-0,-0,0,0,1,3,0
5870,28.8,159.920164792628,166.373127654566,9.0595041322314,67.3026816756094,93.3644797892062,123.181818181818,0,0,0,0,1,3,-2.8421709430404e-14
5880,38.7,19.2983815522378,22.5809556630472,9.0595041322314,67.1837900438568,93.4039904320467,123.181818181818,0,0,0,0,1,3,-1.4210854715202e-14
5890,38.7,30.7955898645439,34.4111407764858,9.0595041322314,67.1447158942018,93.4425483768813,123.181818181818,0,0,0,0,1,3,-1.4210854715202e-14
5900,14.22,39.3627660096047,41.2180300036989,9.0595041322314,67.1968137438376,93.4801765076866,123.181818181818,0,0,0,0,1,3,-1.4210854715202e-14
5910,0,0,0,9.96545454545455,67.1884775214112,93.5168971631182,123.181818181818,-0,-0,0,0,1,3,0
5920,10.8,59.6622910516863,62.0687055790572,9.0595041322314,67.1713827669816,93.5527321492864,123.181818181818,0,0,0,0,1,3,0
5930,21.8,103.792811173881,108.090409607707,9.0595041322314,67.0987024023032,93.587702752243,123.181818181818,0,0,0,0,1,3,1.4210854715202e-14
5940,36,19.7935849002122,22.8110404270383,9.0595041322314,66.9608104102497,93.6218297501874,123.181818181818,0,0,0,0,1,3,0
5950,36,21.4932548686515,24.560103411214,9.0595041322314,66.9221764798366,93.6551334253946,123.181818181818,0,0,0,0,1,3,-2.8421709430404e-14
5960,33.9,5.05025886303411,7.42083172963003,9.0595041322314,66.9026343725885,93.6876335758748,123.181818181818,0,0,0,0,1,3,0
5970,33.9,7.35726628248924,9.79508403488063,9.0595041322314,66.8845768493015,93.7193495267661,123.181818181818,0,0,0,0,1,3,-1.4210854715202e-14
5980,33.9,8.52062957044829,10.9923571537218,9.0595041322314,66.8615522677409,93.7503001414692,123.181818181818,0,0,0,0,1,3,1.4210854715202e-14
5990,33.9,2.6391120092616,4.93940452328875,9.0595041322314,66.8432051440681,93.7805038325271,123.181818181818,0,0,0,0,1,3,1.4210854715202e-14
6000,33.9,19.9898715629635,22.7959057728406,9.0595041322314,66.8190498212253,93.8099785722573,123.181818181818,0,0,0,0,1,3,-1.4210854715202e-14
6010,38.1,36.4047746082075,40.1209945254803,9.0595041322314,66.7524665290972,93.8387419031396,123.181818181818,0,0,0,0,1,3,2.8421709430404e-14
6020,40.9820999429538,187.958215503563,196.34950583066,9.0595041322314,66.6906933908088,93.8668109479665,123.181818181818,0,0,0,0,1,3,0
6030,36.62,-169.535382419537,-158.476748183487,9.0595041322314,66.6006588685698,93.89420241976,123.181818181818,158.476748183487,9.0595041322314,149.417244051256,0,1,6,0
6040,0,-0,0,9.96545454545455,66.6859397593326,93.9209326314609,123.181818181818,-0,-0,0,0,1,3,-1.4210854715202e-14
6050,0,0,0,9.96545454545455,66.6747829094115,93.9470175053945,123.181818181818,-0,-0,0,0,1,3,-1.4210854715202e-14
6060,28.8,157.7113064082,164.099296875386,9.0595041322314,66.6025581262669,93.9724725825184,123.181818181818,0,0,0,0,1,3,0
6070,17.66,-112.662901009072,-105.971401086667,9.0595041322314,66.5665355259496,93.9973130314561,123.181818181818,105.971401086667,9.0595041322314,96.9118969544354,0,1,6,0
6080,0,0,0,9.96545454545455,66.5813897316117,94.0215536573225,123.181818181818,-0,-0,0,0,1,3,-1.4210854715202e-14
6090,10.8,57.8445759321332,60.1921593886311,9.0595041322314,66.5643875251477,94.0452089103442,123.181818181818,0,0,0,0,1,3,1.4210854715202e-14
6100,34.6,13.2575217433498,15.9398771174072,9.0595041322314,66.4388402771418,94.0682928942809,123.181818181818,0,0,0,0,1,3,-1.4210854715202e-14
6110,19.48,-88.0047544329375,-82.4667709101074,9.0595041322314,66.4093029620811,94.0908193746503,123.181818181818,82.4667709101074,9.0595041322314,73.407266777876,0,1,6,0
6120,0,0,0,9.96545454545455,66.4219575740396,94.1128017867624,123.181818181818,-0,-0,0,0,1,3,-1.4210854715202e-14
6130,17.2,42.3393885793317,44.4506699086514,9.0595041322314,66.3705965504923,94.1342532435672,123.181818181818,0,0,0,0,1,3,0
6140,0,0,0,9.96545454545455,66.3612925258026,94.1551865433185,123.181818181818,-0,-0,0,0,1,3,-1.4210854715202e-14
6150,32.4,179.489445184294,186.800745991281,9.0595041322314,66.2668026786686,94.1756141770605,123.181818181818,0,0,0,0,1,3,-4.2632564145606e-14
6160,50.6,89.8016715038204,96.0464199361353,9.0595041322314,66.0310996917526,94.1955483359381,123.181818181818,0,0,0,0,1,3,1.4210854715202e-14
6170,50.6,-33.7306589528842,-28.3659318589679,9.0595041322314,65.9814818297883,94.2150009183376,123.181818181818,28.3659318589679,9.0595041322314,19.3064277267365,0,1,6,0
6180,50.6,35.8239646278364,40.5254110992131,9.0595041322314,65.9834847419427,94.2339835368601,123.181818181818,0,0,0,0,1,3,2.8421709430404e-14
6190,30.8,-173.104618162479,-162.420609320527,9.0595041322314,65.9986870089926,94.2525075251307,123.181818181818,162.420609320527,9.0595041322314,153.361105188296,0,1,6,0
6200,0,-0,0,9.96545454545455,66.0608607310559,94.2705839444501,123.181818181818,-0,-0,0,0,1,3,0
6210,0,-0,0,9.96545454545455,66.0497038811347,94.2882235902878,123.181818181818,-0,-0,0,0,1,3,-1.4210854715202e-14
6220,0,-0,0,9.96545454545455,66.0385470312136,94.3054369986254,123.181818181818,-0,-0,0,0,1,3,-1.4210854715202e-14
6230,0,-0,0,9.96545454545455,66.0273901812924,94.3222344521484,123.181818181818,-0,-0,0,0,1,3,-1.4210854715202e-14
6240,0,-0,0,9.96545454545455,66.0162333313713,94.3386259862948,123.181818181818,-0,-0,0,0,1,3,0
6250,0,-0,0,9.96545454545455,66.0050764814501,94.3546213951593,123.181818181818,-0,-0,0,0,1,3,-1.4210854715202e-14
6260,25.2,127.552465024744,132.795854477406,9.0595041322314,65.9507267350272,94.3702302372599,123.181818181818,0,0,0,0,1,3,0
6270,36.4,36.7543902091797,40.3058520245221,9.0595041322314,65.8406714241811,94.3854618411681,123.181818181818,0,0,0,0,1,3,0
6280,34.1,173.5606042684,180.862248213856,9.0595041322314,65.8313520818511,94.4003253110062,123.181818181818,0,0,0,0,1,3,-4.2632564145606e-14
6290,35.6,8.6606979678651,11.3130743352199,9.0595041322314,65.7813215504034,94.4148295318149,123.181818181818,0,0,0,0,1,3,-1.4210854715202e-14
6300,39.7,30.1089400424529,33.8078335427551,9.0595041322314,65.7204194592309,94.4289831747946,123.181818181818,0,0,0,0,1,3,1.4210854715202e-14
6310,20.98,-145.327044185807,-136.736958532294,9.0595041322314,65.7371262622693,94.4427947024224,123.181818181818,136.736958532294,9.0595041322314,127.677454400063,0,1,6,0
6320,0,-0,0,9.96545454545455,65.7684851100752,94.456272373448,123.181818181818,-0,-0,0,0,1,3,-1.4210854715202e-14
6330,0,-0,0,9.0595041322314,65.7574296860624,94.469424247772,123.181818181818,-0,-0,0,0,1,3,-1.4210854715202e-14
6340,14.5,-6.18402741603402,-5.22161457727728,9.0595041322314,65.7336024471257,94.482258191208,123.181818181818,5.22161457727728,5.22161457727728,0,0,1,3,0
6350,0,-0,0,9.96545454545455,65.7319215993701,94.4947818801324,123.181818181818,-0,-0,0,0,1,3,-1.4210854715202e-14
6360,0,-0,0,9.96545454545455,65.720764749449,94.5070028060238,123.181818181818,-0,-0,0,0,1,3,-1.4210854715202e-14
6370,0,-0,0,9.96545454545455,65.7096078995278,94.5189282798948,123.181818181818,-0,-0,0,0,1,3,-1.4210854715202e-14
6380,0,-0,0,9.96545454545455,65.6984510496067,94.5305654366187,123.181818181818,-0,-0,0,0,1,3,-1.4210854715202e-14
6390,7.2,35.1396987072766,36.6769119915421,9.0595041322314,65.6858669991226,94.5419212391532,123.181818181818,0,0,0,0,1,3,-1.4210854715202e-14
6400,25.8,31.276700523066,33.7106589710592,9.0595041322314,65.5890379367095,94.5530024826641,123.181818181818,0,0,0,0,1,3,-1.4210854715202e-14
6410,25.8,13.0682692146375,14.962887609874,9.0595041322314,65.5515397250642,94.5638157985511,123.181818181818,0,0,0,0,1,3,-2.8421709430404e-14
6420,23.2,14.4135597941277,16.141949465848,9.0595041322314,65.5347045717091,94.5743676583774,123.181818181818,0,0,0,0,1,3,1.4210854715202e-14
6430,28.2,180.796918010529,187.822477438479,9.0595041322314,65.4923683265781,94.5846643777063,123.181818181818,0,0,0,0,1,3,-1.4210854715202e-14
6440,33.4,45.9008397075276,49.4110488652144,9.0595041322314,65.383123562518,94.5947121198464,123.181818181818,0,0,0,0,1,3,2.8421709430404e-14
6450,4.24,-20.8752512319674,-19.4297909475206,9.0595041322314,65.389100340186,94.6045168995071,123.181818181818,19.4297909475206,9.0595041322314,10.3702868152892,0,1,6,0
6460,0,0,0,9.96545454545455,65.3801481683387,94.6140845863683,123.181818181818,-0,-0,0,0,1,3,-1.4210854715202e-14
6470,18,126.203593618264,130.929599560527,9.0595041322314,65.3408624881486,94.6234209085636,123.181818181818,0,0,0,0,1,3,-1.4210854715202e-14
6480,22.8,-2.79986361924509,-1.39037365032952,9.0595041322314,65.2680321443107,94.6325314560813,123.181818181818,1.39037365032952,1.39037365032952,0,0,1,3,0
6490,45.1,-41.3486629472787,-35.8822512743832,9.0595041322314,65.1585899999498,94.6414216840841,123.181818181818,35.8822512743832,9.0595041322314,26.8227471421518,0,1,6,-1.4210854715202e-14
6500,45.1,70.6186891877347,76.0414351745256,9.0595041322314,65.1355598485546,94.65009691615,123.181818181818,0,0,0,0,1,3,1.4210854715202e-14
6510,45.1,92.350117928326,98.398176109544,9.0595041322314,65.0235909712744,94.6585623474348,123.181818181818,0,0,0,0,1,3,1.4210854715202e-14
6520,45.1,54.5731086874873,59.5341502335238,9.0595041322314,64.9178933629517,94.6668230477604,123.181818181818,0,0,0,0,1,3,0
6530,45.1,-8.68358659564727,-4.85694925134266,9.0595041322314,64.8751029219284,94.6748839646285,123.181818181818,4.85694925134266,4.85694925134266,0,0,1,3,0
6540,45.1,13.9862835847231,17.779457294144,9.0595041322314,64.8658837361265,94.6827499261625,123.181818181818,0,0,0,0,1,3,1.4210854715202e-14
6550,40.42,-181.242935547577,-169.219675146733,9.0595041322314,64.8168777257191,94.6904256439792,123.181818181818,169.219675146733,9.0595041322314,160.160171014502,0,1,6,0
6560,22.9,87.8579780995314,91.7564679689083,9.0595041322314,64.8916778436313,94.697915715992,123.181818181818,0,0,0,0,1,3,-1.4210854715202e-14
6570,19.1,-9.38947195695657,-7.93646448149955,9.0595041322314,64.8781967981932,94.7052246291463,123.181818181818,7.93646448149955,7.93646448149955,0,0,1,3,0
6580,0,-0,0,9.96545454545455,64.8834486595503,94.7123567620908,123.181818181818,-0,-0,0,0,1,3,-1.4210854715202e-14
6590,0,0,0,9.96545454545455,64.8722918096292,94.7193163877833,123.181818181818,-0,-0,0,0,1,3,-1.4210854715202e-14
6600,0,0,0,9.96545454545455,64.861134959708,94.7261076760358,123.181818181818,-0,-0,0,0,1,3,-1.4210854715202e-14
6610,0,0,0,9.96545454545455,64.8499781097869,94.732734695997,123.181818181818,-0,-0,0,0,1,3,-1.4210854715202e-14
6620,0,0,0,9.96545454545455,64.8388212598657,94.7392014185768,123.181818181818,-0,-0,0,0,1,3,-1.4210854715202e-14
6630,0,0,0,9.96545454545455,64.8276644099446,94.7455117188117,123.181818181818,-0,-0,0,0,1,3,-1.4210854715202e-14
6640,0,0,0,9.96545454545455,64.8165075600235,94.7516693781741,123.181818181818,-0,-0,0,0,1,3,-1.4210854715202e-14
6650,0,0,0,9.96545454545455,64.8053507101023,94.7576780868261,123.181818181818,-0,-0,0,0,1,3,-1.4210854715202e-14
6660,20,11.039809977854,12.4138409304181,9.0595041322314,64.7448594897823,94.763541445819,123.181818181818,0,0,0,0,1,3,1.4210854715202e-14
6670,3.6,14.2222679905136,14.9753514039668,9.0595041322314,64.7491157689305,94.7692629692406,123.181818181818,0,0,0,0,1,3,0
6680,33.9,22.0126571583015,24.8776517274735,9.0595041322314,64.63257608697,94.7748460863106,123.181818181818,0,0,0,0,1,3,-2.8421709430404e-14
6690,24.54,-109.511091676757,-102.511379894366,9.0595041322314,64.6068263629266,94.7802941434256,123.181818181818,102.511379894366,9.0595041322314,93.4518757621345,0,1,6,0
6700,0,0,0,9.96545454545455,64.628577931284,94.7856104061556,123.181818181818,-0,-0,0,0,1,3,-1.4210854715202e-14
6710,0,0,0,9.96545454545455,64.6174210813629,94.7907980611921,123.181818181818,-0,-0,0,0,1,3,-1.4210854715202e-14
6720,0,0,0,9.96545454545455,64.6062642314417,94.7958602182496,123.181818181818,-0,-0,0,0,1,3,-1.4210854715202e-14
6730,10.8,79.2445375218029,82.2847392238217,9.0595041322314,64.5868177652195,94.8007999119215,123.181818181818,0,0,0,0,1,3,-2.8421709430404e-14
6740,29.6,11.175349091386,13.3169180674204,9.0595041322314,64.4536329957603,94.8056201034911,123.181818181818,0,0,0,0,1,3,-1.4210854715202e-14
6750,26.1,-11.9920855097161,-9.84925783538867,9.0595041322314,64.4607985775994,94.8103236826998,123.181818181818,9.84925783538867,9.0595041322314,0.789753703157269,0,1,6,0
6760,6.3,-20.9403970546533,-19.4766749443374,9.0595041322314,64.4739167432011,94.8149134694718,123.181818181818,19.4766749443374,9.0595041322314,10.417170812106,0,1,6,0
6770,0,0,0,9.96545454545455,64.4658950414314,94.8193922155985,123.181818181818,-0,-0,0,0,1,3,0
6780,0,0,0,9.96545454545455,64.4547381915103,94.8237626063817,123.181818181818,-0,-0,0,0,1,3,-1.4210854715202e-14
6790,27,37.4957268135192,40.2071871055353,9.0595041322314,64.3552533881638,94.8280272622373,123.181818181818,0,0,0,0,1,3,-2.8421709430404e-14
6800,27,-31.7945822066017,-28.5720455129824,9.0595041322314,64.3560012534269,94.8321887402606,123.181818181818,28.5720455129824,9.0595041322314,19.512541380751,0,1,6,0
6810,11.88,-86.1864700790205,-81.0843396539356,9.0595041322314,64.3916636200093,94.8362495357542,123.181818181818,81.0843396539356,9.0595041322314,72.0248355217042,0,1,6,-1.4210854715202e-14
6820,0,-0,0,9.96545454545455,64.3965537046273,94.8402120837188,123.181818181818,-0,-0,0,0,1,3,-1.4210854715202e-14
6830,25.2,127.493005070619,132.734630500744,9.0595041322314,64.3445177273856,94.8440787603082,123.181818181818,0,0,0,0,1,3,-1.4210854715202e-14
6840,32.4,12.1496994707465,14.5717111531737,9.0595041322314,64.2700763431027,94.8478518842494,123.181818181818,0,0,0,0,1,3,0
6850,27,-7.38720195899731,-5.40705843319787,9.0595041322314,64.2544279839437,94.8515337182286,123.181818181818,5.40705843319787,5.40705843319787,0,0,1,3,0
6860,27,33.1242875187074,35.7066482563262,9.0595041322314,64.2203178867196,94.8551264702437,123.181818181818,0,0,0,0,1,3,1.4210854715202e-14
6870,27,42.0310043369554,44.8764027367334,9.0595041322314,64.1614333019753,94.8586322949242,123.181818181818,0,0,0,0,1,3,-1.4210854715202e-14
6880,28,62.8716016077465,66.4087225581672,9.0595041322314,64.1048182436486,94.8620532948193,123.181818181818,0,0,0,0,1,3,-1.4210854715202e-14
6890,25.7221241728545,-70.770808106538,-65.6609871485275,9.0595041322314,64.0707401184996,94.8653915216557,123.181818181818,65.6609871485275,9.0595041322314,56.6014830162961,0,1,6,0
6900,28,6.53937480324021,8.41666356075712,9.0595041322314,64.0588131271571,94.8686489775638,123.181818181818,0,0,0,0,1,3,-2.8421709430404e-14
6910,28,14.2434410361662,16.3477305333139,9.0595041322314,64.0340695949507,94.8718276162755,123.181818181818,0,0,0,0,1,3,-1.4210854715202e-14
6920,0,-0,0,9.0595041322314,64.0590572824871,94.8749293442926,123.181818181818,-0,-0,0,0,1,3,-1.4210854715202e-14
6930,0,-0,0,9.96545454545455,64.0480018584743,94.8779560220274,123.181818181818,-0,-0,0,0,1,3,-2.8421709430404e-14
6940,0,-0,0,9.96545454545455,64.0368450085532,94.8809094649156,123.181818181818,-0,-0,0,0,1,3,-2.8421709430404e-14
6950,17.2,9.06368902356016,10.1564489451699,9.0595041322314,63.9938718741623,94.8837914445021,123.181818181818,0,0,0,0,1,3,1.4210854715202e-14
6960,26.2,54.4576820958704,57.6088212929547,9.0595041322314,63.91510783331,94.8866036895013,123.181818181818,0,0,0,0,1,3,1.4210854715202e-14
6970,21.52,-107.338645502102,-100.663951657416,9.0595041322314,63.8438529602081,94.8893478868315,123.181818181818,100.663951657416,9.0595041322314,91.6044475251846,0,1,6,0
6980,0,-0,0,9.96545454545455,63.8724265612968,94.8920256826242,123.181818181818,-0,-0,0,0,1,3,-1.4210854715202e-14
6990,0,-0,0,9.96545454545455,63.8612697113756,94.8946386832093,123.181818181818,-0,-0,0,0,1,3,-2.8421709430404e-14
7000,0,-0,0,9.96545454545455,63.8501128614545,94.8971884560768,123.181818181818,-0,-0,0,0,1,3,-1.4210854715202e-14
7010,18,77.4581995864212,80.6986017838748,9.0595041322314,63.8224858237564,94.8996765308145,123.181818181818,0,0,0,0,1,3,1.4210854715202e-14
7020,30.3,97.4586406685563,102.186520898591,9.0595041322314,63.7000727402829,94.902104400024,123.181818181818,0,0,0,0,1,3,-1.4210854715202e-14
7030,30.3,17.7939847064857,20.1855541592866,9.0595041322314,63.6070673062621,94.904473520214,123.181818181818,0,0,0,0,1,3,-2.8421709430404e-14
7040,36.8,-49.2241082193827,-44.2158090398473,9.0595041322314,63.5869567708977,94.9067853126728,123.181818181818,44.2158090398473,9.0595041322314,35.1563049076159,0,1,6,-1.4210854715202e-14
7050,36.8,52.2322065980218,56.2741143540406,9.0595041322314,63.5656108525568,94.9090411643183,123.181818181818,0,0,0,0,1,3,1.4210854715202e-14
7060,19.56,-110.326433238564,-103.631791183852,9.0595041322314,63.5600131446567,94.9112424285294,123.181818181818,103.631791183852,9.0595041322314,94.5722870516211,0,1,6,0
7070,0,0,0,9.96545454545455,63.5707096615118,94.9133904259559,123.181818181818,-0,-0,0,0,1,3,-1.4210854715202e-14
7080,0,0,0,9.96545454545455,63.5595528115907,94.9154864453093,123.181818181818,-0,-0,0,0,1,3,-1.4210854715202e-14
7090,18.9,38.6192807123141,40.7432264853769,9.0595041322314,63.4996692245298,94.9175317441349,123.181818181818,0,0,0,0,1,3,1.4210854715202e-14
7100,3.6,18.3751457670483,19.3018542215909,9.0595041322314,63.4917473226049,94.9195275495646,123.181818181818,0,0,0,0,1,3,2.8421709430404e-14
7110,38,106.307214851333,112.039318799494,9.0595041322314,63.3583083610729,94.9214750590522,123.181818181818,0,0,0,0,1,3,-1.4210854715202e-14
7120,59.2,322.372034575145,335.429221016571,9.0595041322314,63.1865784340862,94.9233754410903,123.181818181818,0,0,0,0,1,3,-1.4210854715202e-14
7130,59.2,32.5280670930047,37.3719548719295,9.0595041322314,63.084871241584,94.9252298359107,123.181818181818,0,0,0,0,1,3,-2.8421709430404e-14
7140,59.2,45.4529211672078,50.6630600970634,9.0595041322314,63.0261333284875,94.9270393561668,123.181818181818,0,0,0,0,1,3,-2.8421709430404e-14
7150,59.2,-9.25194329483584,-4.86911187942122,9.0595041322314,62.9763359493307,94.9288050876009,123.181818181818,4.86911187942122,4.86911187942122,0,0,1,3,0
7160,59.2,17.4085710692961,21.8240182029042,9.0595041322314,62.9765673998314,94.930528089694,123.181818181818,0,0,0,0,1,3,-1.4210854715202e-14
7170,59.2,117.248228895959,124.492829022523,9.0595041322314,62.9011760805941,94.9322093963011,123.181818181818,0,0,0,0,1,3,0
7180,37.9,33.8916605666692,37.5144383973038,9.0595041322314,62.899361326032,94.9338500162703,123.181818181818,0,0,0,0,1,3,-1.4210854715202e-14
7190,37.9,-1.48658152216017,0,9.0595041322314,62.8438940790656,94.9354509340473,123.181818181818,-0,-0,0,0,1,3,-1.4210854715202e-14
7200,29.8,4.50430711420027,6.4660157242054,9.0595041322314,62.8718310558356,94.9370131102655,123.181818181818,0,0,0,0,1,3,0
7210,12.62,-38.0669193470443,-35.4977333967523,9.0595041322314,62.875342634825,94.9385374823215,123.181818181818,35.4977333967523,9.0595041322314,26.4382292645209,0,1,6,0
7220,0,0,0,9.96545454545455,62.8670354008788,94.940024964937,123.181818181818,-0,-0,0,0,1,3,-1.4210854715202e-14
7230,0,0,0,9.96545454545455,62.8558785509577,94.9414764507067,123.181818181818,-0,-0,0,0,1,3,-1.4210854715202e-14
7240,0,0,0,9.96545454545455,62.8447217010366,94.9428928106337,123.181818181818,-0,-0,0,0,1,3,-1.4210854715202e-14
7250,0,0,0,9.96545454545455,62.8335648511154,94.9442748946509,123.181818181818,-0,-0,0,0,1,3,-2.8421709430404e-14
7260,31.6,240.365513343124,249.381669668718,9.0595041322314,62.6969454725392,94.9456235321312,123.181818181818,0,0,0,0,1,3,-1.4210854715202e-14
7270,31.6,-21.8812451736428,-18.7893734053895,9.0595041322314,62.6118321979254,94.9469395323838,123.181818181818,18.7893734053895,9.0595041322314,9.72986927315814,0,1,6,0
7280,24.7,-15.4620543184628,-13.253483485419,9.0595041322314,62.6523235943352,94.9482236851399,123.181818181818,13.253483485419,9.0595041322314,4.19397935318761,0,1,6,0
7290,0.22,-1.00588851238536,-0.730599401579897,9.96545454545455,62.6771465658211,94.949476761026,123.181818181818,0.730599401579897,0.730599401579897,0,0,1,3,-1.4210854715202e-14
7300,0,0,0,9.96545454545455,62.6660715103413,94.9506995120256,123.181818181818,-0,-0,0,0,1,3,0
7310,21.6,128.35251505091,133.373169228846,9.0595041322314,62.6213381966109,94.9518926719303,123.181818181818,0,0,0,0,1,3,1.4210854715202e-14
7320,31.8,80.0993960693437,84.446585845064,9.0595041322314,62.4936896669073,94.9530569567793,123.181818181818,0,0,0,0,1,3,-1.4210854715202e-14
7330,31.8,24.4457840239376,27.1652484247428,9.0595041322314,62.4107096478814,94.9541930652893,123.181818181818,0,0,0,0,1,3,0
7340,2.29882653049231,-17.4456332296134,-16.1281749598298,9.0595041322314,62.4585005586968,94.9553016792728,123.181818181818,16.1281749598298,9.0595041322314,7.06867082759838,0,1,6,0
7350,0,-0,0,9.96545454545455,62.4492016812055,94.9563834640472,123.181818181818,-0,-0,0,0,1,3,-1.4210854715202e-14
7360,0,-0,0,9.96545454545455,62.4380448312843,94.9574390688338,123.181818181818,-0,-0,0,0,1,3,-1.4210854715202e-14
7370,21.6,104.056901389107,108.348574087594,9.0595041322314,62.3999009349698,94.9584691271465,123.181818181818,0,0,0,0,1,3,-1.4210854715202e-14
7380,4.1,-19.9531311048947,-18.5618420591215,9.0595041322314,62.3776806900097,94.9594742571726,123.181818181818,18.5618420591215,9.0595041322314,9.50233792689007,0,1,6,0
7390,0,0,0,9.96545454545455,62.3686373740743,94.9604550621426,123.181818181818,-0,-0,0,0,1,3,-2.8421709430404e-14
7400,10.8,72.1983840092073,75.0105341578102,9.0595041322314,62.3501040104488,94.9614121306923,123.181818181818,0,0,0,0,1,3,0
7410,35.3,200.073646780233,208.262765104811,9.0595041322314,62.2170319216996,94.9623460372159,123.181818181818,0,0,0,0,1,3,-1.4210854715202e-14
7420,35.3,35.925270034619,39.3395673362811,9.0595041322314,62.1388862933865,94.9632573422103,123.181818181818,0,0,0,0,1,3,-1.4210854715202e-14
7430,41.4,93.093619671696,98.7868339058452,9.0595041322314,62.0747227426997,94.9641465926112,123.181818181818,0,0,0,0,1,3,-1.4210854715202e-14
7440,41.4,20.643925819822,24.245111454976,9.0595041322314,62.0321286880944,94.965014322121,123.181818181818,0,0,0,0,1,3,0
7450,27.36,-180.847179180144,-170.012705012828,9.0595041322314,62.0405531129785,94.9658610515292,123.181818181818,170.012705012828,9.0595041322314,160.953200880596,0,1,6,0
7460,0,-0,0,9.96545454545455,62.0917539444492,94.9666872890246,123.181818181818,-0,-0,0,0,1,3,-1.4210854715202e-14
7470,10.8,54.7844787868484,57.0330209853978,9.0595041322314,62.0751827709465,94.9674935304999,123.181818181818,0,0,0,0,1,3,-1.4210854715202e-14
7480,46.8,297.857185172098,309.98357282415,9.0595041322314,61.8872113394187,94.9682802598492,123.181818181818,0,0,0,0,1,3,-1.4210854715202e-14
7490,47.3,36.5646363583078,41.1977348179063,9.0595041322314,61.7748974550511,94.9690479492584,123.181818181818,0,0,0,0,1,3,-1.4210854715202e-14
7500,47.3,43.2165468866756,48.0406462913991,9.0595041322314,61.7211133084843,94.9697970594884,123.181818181818,0,0,0,0,1,3,-1.4210854715202e-14
7510,47.3,60.8514406509723,66.1819030564901,9.0595041322314,61.6429878004012,94.9705280401511,123.181818181818,0,0,0,0,1,3,0
7520,47.3,-14.5368761468593,-10.2247582090622,9.0595041322314,61.5730334738199,94.9712413299796,123.181818181818,10.2247582090622,9.0595041322314,1.1652540768308,0,1,6,0
7530,47.3,52.961322185392,58.0652301179283,9.0595041322314,61.5796183878656,94.971937357091,123.181818181818,0,0,0,0,1,3,0
7540,13.46,-59.8489658946975,-56.1045774566878,9.0595041322314,61.6109382225825,94.9726165392433,123.181818181818,56.1045774566878,9.0595041322314,47.0450733244564,0,1,6,0
7550,0,0,0,9.96545454545455,61.611820418721,94.9732792840861,123.181818181818,-0,-0,0,0,1,3,0
7560,25.2,171.550635104403,178.099336085631,9.0595041322314,61.5385933713483,94.9739259894049,123.181818181818,0,0,0,0,1,3,2.8421709430404e-14
7570,35.4,35.7246532090213,39.1433919332742,9.0595041322314,61.4146661545609,94.9745570433601,123.181818181818,0,0,0,0,1,3,-1.4210854715202e-14
7580,35.4,-26.0421229981154,-22.3476281092686,9.0595041322314,61.3918427941552,94.9751728247194,123.181818181818,22.3476281092686,9.0595041322314,13.2881239770372,0,1,6,0
7590,35.4,-63.8979036347563,-58.2921892817778,9.0595041322314,61.4064123432545,94.9757737030854,123.181818181818,58.2921892817778,9.0595041322314,49.2326851495464,0,1,6,0
7600,25.7,5.80052934652979,7.47187055613538,9.0595041322314,61.4791695445899,94.976360039117,123.181818181818,0,0,0,0,1,3,1.4210854715202e-14
7610,7.39613636343917,-28.0511478161639,-26.1675065019094,9.0595041322314,61.4498080064873,94.9769321847461,123.181818181818,26.1675065019094,9.0595041322314,17.108002369678,0,1,6,0
7620,0,0,0,9.96545454545455,61.4427446156902,94.9774904833885,123.181818181818,-0,-0,0,0,1,3,-1.4210854715202e-14
7630,18,142.177368857244,147.390204392027,9.0595041322314,61.3993311129438,94.97803527015,123.181818181818,0,0,0,0,1,3,-1.4210854715202e-14
7640,32.9,66.2384355695121,70.2913277077094,9.0595041322314,61.2362784823279,94.9785668720274,123.181818181818,0,0,0,0,1,3,2.8421709430404e-14
7650,32.9,47.1830938290388,50.6796877258285,9.0595041322314,61.1457345997654,94.9790856081049,123.181818181818,0,0,0,0,1,3,1.4210854715202e-14
7660,32.9,-16.6012503631258,-13.6422815290259,9.0595041322314,61.1191240145864,94.979591789745,123.181818181818,13.6422815290259,9.0595041322314,4.58277739679449,0,1,6,0
7670,32.9,8.51592145642974,10.8836728331508,9.0595041322314,61.1150755797703,94.9800857207761,123.181818181818,0,0,0,0,1,3,0
7680,14.18,-119.185703927595,-112.305979863089,9.0595041322314,61.1497400717107,94.9805676976741,123.181818181818,112.305979863089,9.0595041322314,103.246475730857,0,1,6,0
7690,0,-0,0,9.96545454545455,61.1631678291447,94.9810380097407,123.181818181818,-0,-0,0,0,1,3,-1.4210854715202e-14
7700,0,-0,0,9.96545454545455,61.1520109792236,94.9814969392766,123.181818181818,-0,-0,0,0,1,3,-1.4210854715202e-14
7710,25.2,79.0193416580303,82.8228792865558,9.0595041322314,61.1149208598052,94.9819447617512,123.181818181818,0,0,0,0,1,3,0
7720,35.4,78.7219555051183,83.3912434358542,9.0595041322314,61.0233553506174,94.9823817459681,123.181818181818,0,0,0,0,1,3,-1.4210854715202e-14
7730,32.0550000000829,188.693607121853,196.241070194008,9.0595041322314,60.9451203299997,94.9828081542256,123.181818181818,0,0,0,0,1,3,0
7740,36.7,41.5895374268993,45.3122273257967,9.0595041322314,60.7985058272167,94.9832242424748,123.181818181818,0,0,0,0,1,3,2.8421709430404e-14
7750,36.7,60.013596825658,64.271198707693,9.0595041322314,60.7362139065792,94.983630260473,123.181818181818,0,0,0,0,1,3,0
7760,26.26,75.9045514079508,79.6947989149152,9.0595041322314,60.7179011426427,94.9840264519335,123.181818181818,0,0,0,0,1,3,-1.4210854715202e-14
7770,0,-0,0,9.96545454545455,60.7334595479835,94.9844130546717,123.181818181818,-0,-0,0,0,1,3,-2.8421709430404e-14
7780,0,-0,0,9.96545454545455,60.7223026980623,94.984790300748,123.181818181818,-0,-0,0,0,1,3,-2.8421709430404e-14
7790,3.6,14.3756206906301,15.1351155301574,9.0595041322314,60.7112472740495,94.9851584166072,123.181818181818,0,0,0,0,1,3,-1.4210854715202e-14
7800,28.2,7.08598346996675,8.9953841955596,9.0595041322314,60.6221079217002,94.985517623214,123.181818181818,0,0,0,0,1,3,0
7810,28.2,28.0598229773499,30.5869481530549,9.0595041322314,60.6002254063426,94.9858681361857,123.181818181818,0,0,0,0,1,3,1.4210854715202e-14
7820,0,0,0,9.96545454545455,60.5876929785148,94.9862101659219,123.181818181818,-0,-0,0,0,1,3,0
7830,0,0,0,9.96545454545455,60.5765361285937,94.9865439177304,123.181818181818,-0,-0,0,0,1,3,-2.8421709430404e-14
7840,0,0,0,9.96545454545455,60.5653792786725,94.9868695919505,123.181818181818,-0,-0,0,0,1,3,0
7850,0,0,0,9.96545454545455,60.5542224287514,94.9871873840733,123.181818181818,-0,-0,0,0,1,3,0
7860,10.8,101.982293273144,105.758411459386,9.0595041322314,60.5324958899306,94.987497484859,123.181818181818,0,0,0,0,1,3,-1.4210854715202e-14
7870,27.1,64.7907042606906,68.3158509128056,9.0595041322314,60.338951365833,94.9878000804513,123.181818181818,0,0,0,0,1,3,1.4210854715202e-14
7880,0,-0,0,9.96545454545455,60.351932547602,94.988095352489,123.181818181818,-0,-0,0,0,1,3,-1.4210854715202e-14
7890,0,-0,0,9.96545454545455,60.3407756976809,94.9883834782155,123.181818181818,-0,-0,0,0,1,3,0
7900,0,-0,0,9.96545454545455,60.3296188477597,94.9886646305845,123.181818181818,-0,-0,0,0,1,3,0
7910,0,-0,0,9.96545454545455,60.3184619978386,94.9889389783643,123.181818181818,-0,-0,0,0,1,3,-2.8421709430404e-14
7920,0,-0,0,9.96545454545455,60.3073051479174,94.9892066862389,123.181818181818,-0,-0,0,0,1,3,0
7930,10.8,47.722865991517,49.7428562908326,9.0595041322314,60.291314145334,94.9894679149067,123.181818181818,0,0,0,0,1,3,-1.4210854715202e-14
7940,29.5,23.8350194080717,26.3404504235696,9.0595041322314,60.2163512237176,94.9897228211772,123.181818181818,0,0,0,0,1,3,-1.4210854715202e-14
7950,30.1,96.757494834368,101.449797005375,9.0595041322314,60.1232203774491,94.9899715580649,123.181818181818,0,0,0,0,1,3,-1.4210854715202e-14
7960,30.1,8.14482927670682,10.2374131561282,9.0595041322314,60.0255992975919,94.9902142748812,123.181818181818,0,0,0,0,1,3,0
7970,16.2598220164976,-52.5442024099643,-49.0691452218473,9.0595041322314,60.091420552068,94.9904511173242,123.181818181818,49.0691452218473,9.0595041322314,40.0096410896159,0,1,6,0
7980,5.3272825461459,-34.6890184808203,-32.4416455127926,9.0595041322314,60.1303159007511,94.9906822275658,123.181818181818,32.4416455127926,9.0595041322314,23.3821413805612,0,1,6,0
7989,0,-0,0,9.96545454545455,60.1302657634812,94.9908854404821,123.181818181818,-0,-0,0,0,1,3,-1.4210854715202e-14
