RouteID,RouteName,RouteType,Time_s,Speed_kmh,Grade_pct,StopFlag,AuxMultiplier
VECTO-URBAN,EU VECTO Urban Bus,Urban,0,0,-7,1,1.1
VECTO-URBAN,EU VECTO Urban Bus,Urban,1,0,-7,1,1.1
VECTO-URBAN,EU VECTO Urban Bus,Urban,2,0,-7,1,1.1
VECTO-URBAN,EU VECTO Urban Bus,Urban,3,0,-7,1,1.1
VECTO-URBAN,EU VECTO Urban Bus,Urban,4,0,-7,1,1.1
VECTO-URBAN,EU VECTO Urban Bus,Urban,5,0,-7,1,1.1
VECTO-URBAN,EU VECTO Urban Bus,Urban,6,0,-7,1,1.1
VECTO-URBAN,EU VECTO Urban Bus,Urban,7,0,-7,1,1.1
VECTO-URBAN,EU VECTO Urban Bus,Urban,8,0,-7,1,1.1
VECTO-URBAN,EU VECTO Urban Bus,Urban,9,0,-7,1,1.1
VECTO-URBAN,EU VECTO Urban Bus,Urban,10,0,-7,1,1.1
VECTO-URBAN,EU VECTO Urban Bus,Urban,11,0,-7,1,1.1
VECTO-URBAN,EU VECTO Urban Bus,Urban,12,0,-7,1,1.1
VECTO-URBAN,EU VECTO Urban Bus,Urban,13,0,-7,0,1
VECTO-URBAN,EU VECTO Urban Bus,Urban,14,3.6,-7,0,1
VECTO-URBAN,EU VECTO Urban Bus,Urban,15,7.2,-7,0,1
VECTO-URBAN,EU VECTO Urban Bus,Urban,16,10.8,-7.08333333333333,0,1
VECTO-URBAN,EU VECTO Urban Bus,Urban,17,14.4,-7.16,0,1
VECTO-URBAN,EU VECTO Urban Bus,Urban,18,18,-7.23125,0,1
VECTO-URBAN,EU VECTO Urban Bus,Urban,19,21.6,-7.3,0,1
VECTO-URBAN,EU VECTO Urban Bus,Urban,20,23.7,-7.19513888888889,0,1
VECTO-URBAN,EU VECTO Urban Bus,Urban,21,23.7,-7.07083333333333,0,1
VECTO-URBAN,EU VECTO Urban Bus,Urban,22,23.7,-6.81805555555556,0,1
VECTO-URBAN,EU VECTO Urban Bus,Urban,23,23.7,-6.29583333333333,0,1
VECTO-URBAN,EU VECTO Urban Bus,Urban,24,23.7,-5.6375,0,1
VECTO-URBAN,EU VECTO Urban Bus,Urban,25,23.7,-4.75833333333333,0,1
VECTO-URBAN,EU VECTO Urban Bus,Urban,26,23.7,-3.82083333333333,0,1
VECTO-URBAN,EU VECTO Urban Bus,Urban,27,23.7,-2.625,0,1
VECTO-URBAN,EU VECTO Urban Bus,Urban,28,23.7,-1.40833333333333,0,1
VECTO-URBAN,EU VECTO Urban Bus,Urban,29,23.7,-0.0916666666666686,0,1
VECTO-URBAN,EU VECTO Urban Bus,Urban,30,19.02,1.095,0,1
VECTO-URBAN,EU VECTO Urban Bus,Urban,31,18.4,2.06722222222222,0,1
VECTO-URBAN,EU VECTO Urban Bus,Urban,32,18.4,2.95666666666667,0,1
VECTO-URBAN,EU VECTO Urban Bus,Urban,33,18.4,3.87888888888889,0,1
VECTO-URBAN,EU VECTO Urban Bus,Urban,34,18.4,4.60055555555556,0,1
VECTO-URBAN,EU VECTO Urban Bus,Urban,35,18.4,5.21166666666667,0,1
VECTO-URBAN,EU VECTO Urban Bus,Urban,36,18.4,5.82277777777778,0,1
VECTO-URBAN,EU VECTO Urban Bus,Urban,37,14.1,6.17416666666667,0,1
VECTO-URBAN,EU VECTO Urban Bus,Urban,38,14.1,6.38291666666667,0,1
VECTO-URBAN,EU VECTO Urban Bus,Urban,39,14.1,6.49178571428571,0,1
VECTO-URBAN,EU VECTO Urban Bus,Urban,40,14.1,6.43583333333333,0,1
VECTO-URBAN,EU VECTO Urban Bus,Urban,41,14.1,6.35305555555556,0,1
VECTO-URBAN,EU VECTO Urban Bus,Urban,42,14.1,6.18375,0,1
VECTO-URBAN,EU VECTO Urban Bus,Urban,43,14.1,5.83791666666667,0,1
VECTO-URBAN,EU VECTO Urban Bus,Urban,44,14.1,5.48416666666667,0,1
VECTO-URBAN,EU VECTO Urban Bus,Urban,45,14.1,5.09250000000001,0,1
VECTO-URBAN,EU VECTO Urban Bus,Urban,46,13.042500000001,4.53104166666665,0,1
VECTO-URBAN,EU VECTO Urban Bus,Urban,47,8.36250000000096,4.13645833333326,0,1
VECTO-URBAN,EU VECTO Urban Bus,Urban,48,3.68250000000096,3.90187499999988,0,1
VECTO-URBAN,EU VECTO Urban Bus,Urban,49,7.28250000000096,3.69593749999974,0,1
VECTO-URBAN,EU VECTO Urban Bus,Urban,50,2.60250000000096,3.4,0,1
VECTO-URBAN,EU VECTO Urban Bus,Urban,51,0,3.4,1,1.1
VECTO-URBAN,EU VECTO Urban Bus,Urban,52,0,3.4,1,1.1
VECTO-URBAN,EU VECTO Urban Bus,Urban,53,0,3.4,1,1.1
VECTO-URBAN,EU VECTO Urban Bus,Urban,54,0,3.4,1,1.1
VECTO-URBAN,EU VECTO Urban Bus,Urban,55,0,3.4,1,1.1
VECTO-URBAN,EU VECTO Urban Bus,Urban,56,0,3.4,1,1.1
VECTO-URBAN,EU VECTO Urban Bus,Urban,57,0,3.4,0,1
VECTO-URBAN,EU VECTO Urban Bus,Urban,58,3.6,3.4,0,1
VECTO-URBAN,EU VECTO Urban Bus,Urban,59,7.2,3.1,0,1
VECTO-URBAN,EU VECTO Urban Bus,Urban,60,10.8,2.7,0,1
VECTO-URBAN,EU VECTO Urban Bus,Urban,61,14.4,2.2,0,1
VECTO-URBAN,EU VECTO Urban Bus,Urban,62,18,1.4,0,1
VECTO-URBAN,EU VECTO Urban Bus,Urban,63,21.6,0.5,0,1
VECTO-URBAN,EU VECTO Urban Bus,Urban,64,25.2,-0.5,0,1
VECTO-URBAN,EU VECTO Urban Bus,Urban,65,28.8,-1.6,0,1
VECTO-URBAN,EU VECTO Urban Bus,Urban,66,31.2,-2.45,0,1
VECTO-URBAN,EU VECTO Urban Bus,Urban,67,31.2,-3.2,0,1
VECTO-URBAN,EU VECTO Urban Bus,Urban,68,34.8,-3.75833333333333,0,1
VECTO-URBAN,EU VECTO Urban Bus,Urban,69,37.1,-4.15381944444444,0,1
VECTO-URBAN,EU VECTO Urban Bus,Urban,70,37.1,-4.44861111111111,0,1
VECTO-URBAN,EU VECTO Urban Bus,Urban,71,37.1,-4.67939814814815,0,1
VECTO-URBAN,EU VECTO Urban Bus,Urban,72,37.1,-4.83836805555555,0,1
VECTO-URBAN,EU VECTO Urban Bus,Urban,73,36.4032407407407,-4.9,0,1
VECTO-URBAN,EU VECTO Urban Bus,Urban,74,35.1049689929127,-4.9,0,1
VECTO-URBAN,EU VECTO Urban Bus,Urban,75,33.8320469307594,-4.9,0,1
VECTO-URBAN,EU VECTO Urban Bus,Urban,76,33.6,-4.7141654784055,0,1
VECTO-URBAN,EU VECTO Urban Bus,Urban,77,33.6,-4.46291488427491,0,1
VECTO-URBAN,EU VECTO Urban Bus,Urban,78,33.6,-4.10610873458877,0,1
VECTO-URBAN,EU VECTO Urban Bus,Urban,79,33.6,-3.54249643521649,0,1
VECTO-URBAN,EU VECTO Urban Bus,Urban,80,33.6,-2.85165953709965,0,1
VECTO-URBAN,EU VECTO Urban Bus,Urban,81,33.6,-2.01832620376632,0,1
VECTO-URBAN,EU VECTO Urban Bus,Urban,82,33.6,-1.24249643521649,0,1
VECTO-URBAN,EU VECTO Urban Bus,Urban,83,33.6,-0.277489305649487,0,1
VECTO-URBAN,EU VECTO Urban Bus,Urban,84,33.6,0.490836898116837,0,1
VECTO-URBAN,EU VECTO Urban Bus,Urban,85,33.6,1.3575035647835,0,1
VECTO-URBAN,EU VECTO Urban Bus,Urban,86,33.6,1.97417023145017,0,1
VECTO-URBAN,EU VECTO Urban Bus,Urban,87,33.6,2.39389126541122,0,1
VECTO-URBAN,EU VECTO Urban Bus,Urban,88,33.8,2.59158679233252,0,1
VECTO-URBAN,EU VECTO Urban Bus,Urban,89,33.8,2.52452330026902,0,1
VECTO-URBAN,EU VECTO Urban Bus,Urban,90,33.8,2.40073955247957,0,1
VECTO-URBAN,EU VECTO Urban Bus,Urban,91,33.8,2.16638710649714,0,1
VECTO-URBAN,EU VECTO Urban Bus,Urban,92,33.8,1.90666488427491,0,1
VECTO-URBAN,EU VECTO Urban Bus,Urban,93,33.8,1.66462844136846,0,1
VECTO-URBAN,EU VECTO Urban Bus,Urban,94,33.8,1.45814695988698,0,1
VECTO-URBAN,EU VECTO Urban Bus,Urban,95,33.8,1.33444365227033,0,1
VECTO-URBAN,EU VECTO Urban Bus,Urban,96,33.8,1.2516233831957,0,1
VECTO-URBAN,EU VECTO Urban Bus,Urban,97,33.8,1.18928860370621,0,1
VECTO-URBAN,EU VECTO Urban Bus,Urban,98,33.8,1.15173304815065,0,1
VECTO-URBAN,EU VECTO Urban Bus,Urban,99,33.8,1.1141774925951,0,1
VECTO-URBAN,EU VECTO Urban Bus,Urban,100,33.8,1.06103656173257,0,1
VECTO-URBAN,EU VECTO Urban Bus,Urban,101,33.8,0.99787813973633,0,1
VECTO-URBAN,EU VECTO Urban Bus,Urban,102,33.8,0.912524604382795,0,1
VECTO-URBAN,EU VECTO Urban Bus,Urban,103,33.8,0.810986862146873,0,1
VECTO-URBAN,EU VECTO Urban Bus,Urban,104,33.8,0.68249910880412,0,1
VECTO-URBAN,EU VECTO Urban Bus,Urban,105,33.8,0.569011553504897,0,1
VECTO-URBAN,EU VECTO Urban Bus,Urban,106,33.8,0.475555007127321,0,1
VECTO-URBAN,EU VECTO Urban Bus,Urban,107,33.8,0.403332784905099,0,1
VECTO-URBAN,EU VECTO Urban Bus,Urban,108,33.8,0.449753482506811,0,1
VECTO-URBAN,EU VECTO Urban Bus,Urban,109,29.12,0.498302865222861,0,1
VECTO-URBAN,EU VECTO Urban Bus,Urban,110,24.44,0.5,0,1
VECTO-URBAN,EU VECTO Urban Bus,Urban,111,19.76,0.585445870357855,0,1
VECTO-URBAN,EU VECTO Urban Bus,Urban,112,18.4,0.638102445982439,0,1
VECTO-URBAN,EU VECTO Urban Bus,Urban,113,16.1461809176559,0.678086451674171,0,1
VECTO-URBAN,EU VECTO Urban Bus,Urban,114,11.942148319211,0.7,0,1
VECTO-URBAN,EU VECTO Urban Bus,Urban,115,8.52399185123245,0.7,0,1
VECTO-URBAN,EU VECTO Urban Bus,Urban,116,6.03340336488215,0.7,0,1
VECTO-URBAN,EU VECTO Urban Bus,Urban,117,4.26186849731265,0.7,0,1
VECTO-URBAN,EU VECTO Urban Bus,Urban,118,3.00900472572278,0.7,0,1
VECTO-URBAN,EU VECTO Urban Bus,Urban,119,2.12418946577667,0.7,0,1
VECTO-URBAN,EU VECTO Urban Bus,Urban,120,1.49951504035612,0.7,0,1
VECTO-URBAN,EU VECTO Urban Bus,Urban,121,1.05853512691134,0.7,0,1
VECTO-URBAN,EU VECTO Urban Bus,Urban,122,0.747238016608979,0.7,0,1
VECTO-URBAN,EU VECTO Urban Bus,Urban,123,0.527487845704412,0.7,0,1
VECTO-URBAN,EU VECTO Urban Bus,Urban,124,0.372362476216547,0.7,0,1
VECTO-URBAN,EU VECTO Urban Bus,Urban,125,0.262856881485455,0.7,0,1
VECTO-URBAN,EU VECTO Urban Bus,Urban,126,0,0.7,1,1.1
VECTO-URBAN,EU VECTO Urban Bus,Urban,127,0,0.7,1,1.1
VECTO-URBAN,EU VECTO Urban Bus,Urban,128,0,0.7,1,1.1
VECTO-URBAN,EU VECTO Urban Bus,Urban,129,0,0.7,1,1.1
VECTO-URBAN,EU VECTO Urban Bus,Urban,130,0,0.7,1,1.1
VECTO-URBAN,EU VECTO Urban Bus,Urban,131,0,0.7,1,1.1
VECTO-URBAN,EU VECTO Urban Bus,Urban,132,0,0.7,0,1
VECTO-URBAN,EU VECTO Urban Bus,Urban,133,3.6,0.7,0,1
VECTO-URBAN,EU VECTO Urban Bus,Urban,134,7.2,0.683333333333333,0,1
VECTO-URBAN,EU VECTO Urban Bus,Urban,135,10.8,0.641666666666667,0,1
VECTO-URBAN,EU VECTO Urban Bus,Urban,136,14.4,0.5875,0,1
VECTO-URBAN,EU VECTO Urban Bus,Urban,137,18,0.53125,0,1
VECTO-URBAN,EU VECTO Urban Bus,Urban,138,21.6,0.466666666666667,0,1
VECTO-URBAN,EU VECTO Urban Bus,Urban,139,25.2,0.392857142857143,0,1
VECTO-URBAN,EU VECTO Urban Bus,Urban,140,28.8,0.285714285714286,0,1
VECTO-URBAN,EU VECTO Urban Bus,Urban,141,28.9,0.179861111111111,0,1
VECTO-URBAN,EU VECTO Urban Bus,Urban,142,28.9,0.0996527777777771,0,1
VECTO-URBAN,EU VECTO Urban Bus,Urban,143,28.9,0.0327546296296286,0,1
VECTO-URBAN,EU VECTO Urban Bus,Urban,144,28.9,0.00470945083014069,0,1
VECTO-URBAN,EU VECTO Urban Bus,Urban,145,28.9,0.0139367816091957,0,1
VECTO-URBAN,EU VECTO Urban Bus,Urban,146,28.9,0.0231641123882506,0,1
VECTO-URBAN,EU VECTO Urban Bus,Urban,147,28.9,0.0323914431673056,0,1
VECTO-URBAN,EU VECTO Urban Bus,Urban,148,28.9,0.0416187739463606,0,1
VECTO-URBAN,EU VECTO Urban Bus,Urban,149,28.9,0.0508461047254156,0,1
VECTO-URBAN,EU VECTO Urban Bus,Urban,150,28.9,0.0600734355044705,0,1
VECTO-URBAN,EU VECTO Urban Bus,Urban,151,28.9,0.0693007662835255,0,1
VECTO-URBAN,EU VECTO Urban Bus,Urban,152,28.9,0.0785280970625805,0,1
VECTO-URBAN,EU VECTO Urban Bus,Urban,153,28.9,0.0877554278416355,0,1
VECTO-URBAN,EU VECTO Urban Bus,Urban,154,28.9,0.0969827586206904,0,1
VECTO-URBAN,EU VECTO Urban Bus,Urban,155,28.9,0.160030864197539,0,1
VECTO-URBAN,EU VECTO Urban Bus,Urban,156,28.9,0.263293650793662,0,1
VECTO-URBAN,EU VECTO Urban Bus,Urban,157,28.9,0.424305555555569,0,1
VECTO-URBAN,EU VECTO Urban Bus,Urban,158,28.9,0.6121527777778,0,1
VECTO-URBAN,EU VECTO Urban Bus,Urban,159,28.9,0.812847222222246,0,1
VECTO-URBAN,EU VECTO Urban Bus,Urban,160,24.22,0.997291666666689,0,1
VECTO-URBAN,EU VECTO Urban Bus,Urban,161,27.82,1.07119444444445,0,1
VECTO-URBAN,EU VECTO Urban Bus,Urban,162,23.14,0.960034722222211,0,1
VECTO-URBAN,EU VECTO Urban Bus,Urban,163,18.46,0.875624999999977,0,1
VECTO-URBAN,EU VECTO Urban Bus,Urban,164,13.78,0.8,0,1
VECTO-URBAN,EU VECTO Urban Bus,Urban,165,9.1,0.8,0,1
VECTO-URBAN,EU VECTO Urban Bus,Urban,166,4.42,0.8,0,1
VECTO-URBAN,EU VECTO Urban Bus,Urban,167,0,0.8,1,1.1
VECTO-URBAN,EU VECTO Urban Bus,Urban,168,0,0.8,1,1.1
VECTO-URBAN,EU VECTO Urban Bus,Urban,169,0,0.8,1,1.1
VECTO-URBAN,EU VECTO Urban Bus,Urban,170,0,0.8,1,1.1
VECTO-URBAN,EU VECTO Urban Bus,Urban,171,0,0.8,1,1.1
VECTO-URBAN,EU VECTO Urban Bus,Urban,172,0,0.8,1,1.1
VECTO-URBAN,EU VECTO Urban Bus,Urban,173,0,0.8,1,1.1
VECTO-URBAN,EU VECTO Urban Bus,Urban,174,0,0.8,1,1.1
VECTO-URBAN,EU VECTO Urban Bus,Urban,175,0,0.8,1,1.1
VECTO-URBAN,EU VECTO Urban Bus,Urban,176,0,0.8,1,1.1
VECTO-URBAN,EU VECTO Urban Bus,Urban,177,0,0.8,1,1.1
VECTO-URBAN,EU VECTO Urban Bus,Urban,178,0,0.8,1,1.1
VECTO-URBAN,EU VECTO Urban Bus,Urban,179,0,0.8,1,1.1
VECTO-URBAN,EU VECTO Urban Bus,Urban,180,0,0.8,1,1.1
VECTO-URBAN,EU VECTO Urban Bus,Urban,181,0,0.8,1,1.1
VECTO-URBAN,EU VECTO Urban Bus,Urban,182,0,0.8,1,1.1
VECTO-URBAN,EU VECTO Urban Bus,Urban,183,0,0.8,1,1.1
VECTO-URBAN,EU VECTO Urban Bus,Urban,184,0,0.8,1,1.1
VECTO-URBAN,EU VECTO Urban Bus,Urban,185,0,0.8,1,1.1
VECTO-URBAN,EU VECTO Urban Bus,Urban,186,0,0.8,1,1.1
VECTO-URBAN,EU VECTO Urban Bus,Urban,187,0,0.8,1,1.1
VECTO-URBAN,EU VECTO Urban Bus,Urban,188,0,0.8,1,1.1
VECTO-URBAN,EU VECTO Urban Bus,Urban,189,0,0.8,1,1.1
VECTO-URBAN,EU VECTO Urban Bus,Urban,190,0,0.8,1,1.1
VECTO-URBAN,EU VECTO Urban Bus,Urban,191,0,0.8,1,1.1
VECTO-URBAN,EU VECTO Urban Bus,Urban,192,0,0.8,1,1.1
VECTO-URBAN,EU VECTO Urban Bus,Urban,193,0,0.8,1,1.1
VECTO-URBAN,EU VECTO Urban Bus,Urban,194,0,0.8,1,1.1
VECTO-URBAN,EU VECTO Urban Bus,Urban,195,0,0.8,1,1.1
VECTO-URBAN,EU VECTO Urban Bus,Urban,196,0,0.8,1,1.1
VECTO-URBAN,EU VECTO Urban Bus,Urban,197,0,0.8,1,1.1
VECTO-URBAN,EU VECTO Urban Bus,Urban,198,0,0.8,1,1.1
VECTO-URBAN,EU VECTO Urban Bus,Urban,199,0,0.8,1,1.1
VECTO-URBAN,EU VECTO Urban Bus,Urban,200,0,0.8,0,1
VECTO-URBAN,EU VECTO Urban Bus,Urban,201,3.6,0.8,0,1
VECTO-URBAN,EU VECTO Urban Bus,Urban,202,7.2,0.6,0,1
VECTO-URBAN,EU VECTO Urban Bus,Urban,203,10.8,0.45,0,1
VECTO-URBAN,EU VECTO Urban Bus,Urban,204,13.6,0.211111111111109,0,1
VECTO-URBAN,EU VECTO Urban Bus,Urban,205,13.6,-0.0666666666666742,0,1
VECTO-URBAN,EU VECTO Urban Bus,Urban,206,13.6,-0.522222222222229,0,1
VECTO-URBAN,EU VECTO Urban Bus,Urban,207,17.2,-0.87222222222224,0,1
VECTO-URBAN,EU VECTO Urban Bus,Urban,208,20.8,-1.40000000000005,0,1
VECTO-URBAN,EU VECTO Urban Bus,Urban,209,24.4,-2.12777777777781,0,1
VECTO-URBAN,EU VECTO Urban Bus,Urban,210,28,-3.05555555555559,0,1
VECTO-URBAN,EU VECTO Urban Bus,Urban,211,29.6,-3.85555555555559,0,1
VECTO-URBAN,EU VECTO Urban Bus,Urban,212,29.6,-4.6388888888889,0,1
VECTO-URBAN,EU VECTO Urban Bus,Urban,213,29.6,-5.15000000000001,0,1
VECTO-URBAN,EU VECTO Urban Bus,Urban,214,33.2,-5.55740740740741,0,1
VECTO-URBAN,EU VECTO Urban Bus,Urban,215,36.8,-5.67962962962963,0,1
VECTO-URBAN,EU VECTO Urban Bus,Urban,216,37.5,-5.58472222222222,0,1
VECTO-URBAN,EU VECTO Urban Bus,Urban,217,37.5,-5.39548611111111,0,1
VECTO-URBAN,EU VECTO Urban Bus,Urban,218,37.5,-5.06006944444444,0,1
VECTO-URBAN,EU VECTO Urban Bus,Urban,219,37.5,-4.69930555555555,0,1
VECTO-URBAN,EU VECTO Urban Bus,Urban,220,37.5,-4.12847222222222,0,1
VECTO-URBAN,EU VECTO Urban Bus,Urban,221,37.5,-3.70763888888889,0,1
VECTO-URBAN,EU VECTO Urban Bus,Urban,222,37.5,-3.08680555555555,0,1
VECTO-URBAN,EU VECTO Urban Bus,Urban,223,37.5,-2.61597222222222,0,1
VECTO-URBAN,EU VECTO Urban Bus,Urban,224,37.5,-2.09513888888888,0,1
VECTO-URBAN,EU VECTO Urban Bus,Urban,225,37.5,-1.7162037037037,0,1
VECTO-URBAN,EU VECTO Urban Bus,Urban,226,37.5,-1.36782407407407,0,1
VECTO-URBAN,EU VECTO Urban Bus,Urban,227,37.5,-1.21066919191919,0,1
VECTO-URBAN,EU VECTO Urban Bus,Urban,228,37.5,-1.25801767676768,0,1
VECTO-URBAN,EU VECTO Urban Bus,Urban,229,37.5,-1.31475694444445,0,1
VECTO-URBAN,EU VECTO Urban Bus,Urban,230,33.3,-1.42534722222223,0,1
VECTO-URBAN,EU VECTO Urban Bus,Urban,231,33.3,-1.62527777777779,0,1
VECTO-URBAN,EU VECTO Urban Bus,Urban,232,33.3,-1.75513888888889,0,1
VECTO-URBAN,EU VECTO Urban Bus,Urban,233,33.3,-1.74045138888888,0,1
VECTO-URBAN,EU VECTO Urban Bus,Urban,234,33.3,-1.61408730158729,0,1
VECTO-URBAN,EU VECTO Urban Bus,Urban,235,28.62,-1.37953703703702,0,1
VECTO-URBAN,EU VECTO Urban Bus,Urban,236,23.94,-1.10430555555554,0,1
VECTO-URBAN,EU VECTO Urban Bus,Urban,237,19.26,-0.804305555555538,0,1
VECTO-URBAN,EU VECTO Urban Bus,Urban,238,14.58,-0.538611111111072,0,1
VECTO-URBAN,EU VECTO Urban Bus,Urban,239,9.9,-0.299305555555532,0,1
VECTO-URBAN,EU VECTO Urban Bus,Urban,240,13.5,-0.0868055555555316,0,1
VECTO-URBAN,EU VECTO Urban Bus,Urban,241,8.82,0.1,0,1
VECTO-URBAN,EU VECTO Urban Bus,Urban,242,4.14,0.1,0,1
VECTO-URBAN,EU VECTO Urban Bus,Urban,243,0,0.1,1,1.1
VECTO-URBAN,EU VECTO Urban Bus,Urban,244,0,0.1,1,1.1
VECTO-URBAN,EU VECTO Urban Bus,Urban,245,0,0.1,1,1.1
VECTO-URBAN,EU VECTO Urban Bus,Urban,246,0,0.1,1,1.1
VECTO-URBAN,EU VECTO Urban Bus,Urban,247,0,0.1,1,1.1
VECTO-URBAN,EU VECTO Urban Bus,Urban,248,0,0.1,1,1.1
VECTO-URBAN,EU VECTO Urban Bus,Urban,249,0,0.1,1,1.1
VECTO-URBAN,EU VECTO Urban Bus,Urban,250,0,0.1,1,1.1
VECTO-URBAN,EU VECTO Urban Bus,Urban,251,0,0.1,1,1.1
VECTO-URBAN,EU VECTO Urban Bus,Urban,252,0,0.1,1,1.1
VECTO-URBAN,EU VECTO Urban Bus,Urban,253,0,0.1,1,1.1
VECTO-URBAN,EU VECTO Urban Bus,Urban,254,0,0.1,1,1.1
VECTO-URBAN,EU VECTO Urban Bus,Urban,255,0,0.1,1,1.1
VECTO-URBAN,EU VECTO Urban Bus,Urban,256,0,0.1,1,1.1
VECTO-URBAN,EU VECTO Urban Bus,Urban,257,0,0.1,1,1.1
VECTO-URBAN,EU VECTO Urban Bus,Urban,258,0,0.1,1,1.1
VECTO-URBAN,EU VECTO Urban Bus,Urban,259,0,0.1,1,1.1
VECTO-URBAN,EU VECTO Urban Bus,Urban,260,0,0.1,1,1.1
VECTO-URBAN,EU VECTO Urban Bus,Urban,261,0,0.1,1,1.1
VECTO-URBAN,EU VECTO Urban Bus,Urban,262,0,0.1,1,1.1
VECTO-URBAN,EU VECTO Urban Bus,Urban,263,0,0.1,1,1.1
VECTO-URBAN,EU VECTO Urban Bus,Urban,264,0,0.1,1,1.1
VECTO-URBAN,EU VECTO Urban Bus,Urban,265,0,0.1,1,1.1
VECTO-URBAN,EU VECTO Urban Bus,Urban,266,0,0.1,1,1.1
VECTO-URBAN,EU VECTO Urban Bus,Urban,267,0,0.1,1,1.1
VECTO-URBAN,EU VECTO Urban Bus,Urban,268,0,0.1,1,1.1
VECTO-URBAN,EU VECTO Urban Bus,Urban,269,0,0.1,0,1
VECTO-URBAN,EU VECTO Urban Bus,Urban,270,3.6,0.1,0,1
VECTO-URBAN,EU VECTO Urban Bus,Urban,271,7.2,0.2,0,1
VECTO-URBAN,EU VECTO Urban Bus,Urban,272,10.8,0.375,0,1
VECTO-URBAN,EU VECTO Urban Bus,Urban,273,14.4,0.55,0,1
VECTO-URBAN,EU VECTO Urban Bus,Urban,274,18,0.725,0,1
VECTO-URBAN,EU VECTO Urban Bus,Urban,275,21.6,0.925,0,1
VECTO-URBAN,EU VECTO Urban Bus,Urban,276,25.2,1.05,0,1
VECTO-URBAN,EU VECTO Urban Bus,Urban,277,28.8,1.03333333333333,0,1
VECTO-URBAN,EU VECTO Urban Bus,Urban,278,32.4,0.907142857142857,0,1
VECTO-URBAN,EU VECTO Urban Bus,Urban,279,34.2,0.68125,0,1
VECTO-URBAN,EU VECTO Urban Bus,Urban,280,34.2,0.41875,0,1
VECTO-URBAN,EU VECTO Urban Bus,Urban,281,34.2,0.141666666666667,0,1
VECTO-URBAN,EU VECTO Urban Bus,Urban,282,34.2,-0.0607142857142857,0,1
VECTO-URBAN,EU VECTO Urban Bus,Urban,283,34.2,-0.0325,0,1
VECTO-URBAN,EU VECTO Urban Bus,Urban,284,34.2,0.0892857142857143,0,1
VECTO-URBAN,EU VECTO Urban Bus,Urban,285,34.2,0.41875,0,1
VECTO-URBAN,EU VECTO Urban Bus,Urban,286,34.2,0.925,0,1
VECTO-URBAN,EU VECTO Urban Bus,Urban,287,34.2,1.5875,0,1
VECTO-URBAN,EU VECTO Urban Bus,Urban,288,34.2,2.325,0,1
VECTO-URBAN,EU VECTO Urban Bus,Urban,289,34.2,3.0375,0,1
VECTO-URBAN,EU VECTO Urban Bus,Urban,290,34.2,3.7125,0,1
VECTO-URBAN,EU VECTO Urban Bus,Urban,291,34.2,4.09166666666667,0,1
VECTO-URBAN,EU VECTO Urban Bus,Urban,292,29.52,4.13777777777778,0,1
VECTO-URBAN,EU VECTO Urban Bus,Urban,293,24.84,3.995,0,1
VECTO-URBAN,EU VECTO Urban Bus,Urban,294,20.16,3.73000000000001,0,1
VECTO-URBAN,EU VECTO Urban Bus,Urban,295,23.76,3.35000000000002,0,1
VECTO-URBAN,EU VECTO Urban Bus,Urban,296,19.08,2.87750000000001,0,1
VECTO-URBAN,EU VECTO Urban Bus,Urban,297,14.4,2.59000000000001,0,1
VECTO-URBAN,EU VECTO Urban Bus,Urban,298,9.72,2.3,0,1
VECTO-URBAN,EU VECTO Urban Bus,Urban,299,5.04,2.3,0,1
VECTO-URBAN,EU VECTO Urban Bus,Urban,300,0.36,2.3,0,1
VECTO-URBAN,EU VECTO Urban Bus,Urban,301,0,2.3,1,1.1
VECTO-URBAN,EU VECTO Urban Bus,Urban,302,0,2.3,1,1.1
VECTO-URBAN,EU VECTO Urban Bus,Urban,303,0,2.3,1,1.1
VECTO-URBAN,EU VECTO Urban Bus,Urban,304,0,2.3,1,1.1
VECTO-URBAN,EU VECTO Urban Bus,Urban,305,0,2.3,1,1.1
VECTO-URBAN,EU VECTO Urban Bus,Urban,306,0,2.3,1,1.1
VECTO-URBAN,EU VECTO Urban Bus,Urban,307,0,2.3,1,1.1
VECTO-URBAN,EU VECTO Urban Bus,Urban,308,0,2.3,1,1.1
VECTO-URBAN,EU VECTO Urban Bus,Urban,309,0,2.3,1,1.1
VECTO-URBAN,EU VECTO Urban Bus,Urban,310,0,2.3,1,1.1
VECTO-URBAN,EU VECTO Urban Bus,Urban,311,0,2.3,1,1.1
VECTO-URBAN,EU VECTO Urban Bus,Urban,312,0,2.3,1,1.1
VECTO-URBAN,EU VECTO Urban Bus,Urban,313,0,2.3,1,1.1
VECTO-URBAN,EU VECTO Urban Bus,Urban,314,0,2.3,1,1.1
VECTO-URBAN,EU VECTO Urban Bus,Urban,315,0,2.3,1,1.1
VECTO-URBAN,EU VECTO Urban Bus,Urban,316,0,2.3,1,1.1
VECTO-URBAN,EU VECTO Urban Bus,Urban,317,0,2.3,1,1.1
VECTO-URBAN,EU VECTO Urban Bus,Urban,318,0,2.3,1,1.1
VECTO-URBAN,EU VECTO Urban Bus,Urban,319,0,2.3,1,1.1
VECTO-URBAN,EU VECTO Urban Bus,Urban,320,0,2.3,1,1.1
VECTO-URBAN,EU VECTO Urban Bus,Urban,321,0,2.3,1,1.1
VECTO-URBAN,EU VECTO Urban Bus,Urban,322,0,2.3,1,1.1
VECTO-URBAN,EU VECTO Urban Bus,Urban,323,0,2.3,1,1.1
VECTO-URBAN,EU VECTO Urban Bus,Urban,324,0,2.3,1,1.1
VECTO-URBAN,EU VECTO Urban Bus,Urban,325,0,2.3,1,1.1
VECTO-URBAN,EU VECTO Urban Bus,Urban,326,0,2.3,1,1.1
VECTO-URBAN,EU VECTO Urban Bus,Urban,327,0,2.3,1,1.1
VECTO-URBAN,EU VECTO Urban Bus,Urban,328,0,2.3,1,1.1
VECTO-URBAN,EU VECTO Urban Bus,Urban,329,0,2.3,1,1.1
VECTO-URBAN,EU VECTO Urban Bus,Urban,330,0,2.3,1,1.1
VECTO-URBAN,EU VECTO Urban Bus,Urban,331,0,2.3,1,1.1
VECTO-URBAN,EU VECTO Urban Bus,Urban,332,0,2.3,1,1.1
VECTO-URBAN,EU VECTO Urban Bus,Urban,333,0,2.3,1,1.1
VECTO-URBAN,EU VECTO Urban Bus,Urban,334,0,2.3,1,1.1
VECTO-URBAN,EU VECTO Urban Bus,Urban,335,0,2.3,1,1.1
VECTO-URBAN,EU VECTO Urban Bus,Urban,336,0,2.3,1,1.1
VECTO-URBAN,EU VECTO Urban Bus,Urban,337,0,2.3,1,1.1
VECTO-URBAN,EU VECTO Urban Bus,Urban,338,0,2.3,1,1.1
VECTO-URBAN,EU VECTO Urban Bus,Urban,339,0,2.3,1,1.1
VECTO-URBAN,EU VECTO Urban Bus,Urban,340,0,2.3,1,1.1
VECTO-URBAN,EU VECTO Urban Bus,Urban,341,0,2.3,1,1.1
VECTO-URBAN,EU VECTO Urban Bus,Urban,342,0,2.3,1,1.1
VECTO-URBAN,EU VECTO Urban Bus,Urban,343,0,2.3,1,1.1
VECTO-URBAN,EU VECTO Urban Bus,Urban,344,0,2.3,1,1.1
VECTO-URBAN,EU VECTO Urban Bus,Urban,345,0,2.3,1,1.1
VECTO-URBAN,EU VECTO Urban Bus,Urban,346,0,2.3,1,1.1
VECTO-URBAN,EU VECTO Urban Bus,Urban,347,0,2.3,1,1.1
VECTO-URBAN,EU VECTO Urban Bus,Urban,348,0,2.3,1,1.1
VECTO-URBAN,EU VECTO Urban Bus,Urban,349,0,2.3,1,1.1
VECTO-URBAN,EU VECTO Urban Bus,Urban,350,0,2.3,1,1.1
VECTO-URBAN,EU VECTO Urban Bus,Urban,351,0,2.3,1,1.1
VECTO-URBAN,EU VECTO Urban Bus,Urban,352,0,2.3,1,1.1
VECTO-URBAN,EU VECTO Urban Bus,Urban,353,0,2.3,1,1.1
VECTO-URBAN,EU VECTO Urban Bus,Urban,354,0,2.3,1,1.1
VECTO-URBAN,EU VECTO Urban Bus,Urban,355,0,2.3,1,1.1
VECTO-URBAN,EU VECTO Urban Bus,Urban,356,0,2.3,1,1.1
VECTO-URBAN,EU VECTO Urban Bus,Urban,357,0,2.3,1,1.1
VECTO-URBAN,EU VECTO Urban Bus,Urban,358,0,2.3,1,1.1
VECTO-URBAN,EU VECTO Urban Bus,Urban,359,0,2.3,0,1
VECTO-URBAN,EU VECTO Urban Bus,Urban,360,3.6,2.3,0,1
VECTO-URBAN,EU VECTO Urban Bus,Urban,361,7.2,2.2,0,1
VECTO-URBAN,EU VECTO Urban Bus,Urban,362,10.8,2.05,0,1
VECTO-URBAN,EU VECTO Urban Bus,Urban,363,14.4,1.75,0,1
VECTO-URBAN,EU VECTO Urban Bus,Urban,364,18,1.475,0,1
VECTO-URBAN,EU VECTO Urban Bus,Urban,365,21.6,1.2,0,1
VECTO-URBAN,EU VECTO Urban Bus,Urban,366,25.2,1.0125,0,1
VECTO-URBAN,EU VECTO Urban Bus,Urban,367,28.8,1.07777777777778,0,1
VECTO-URBAN,EU VECTO Urban Bus,Urban,368,31.3,1.27824074074074,0,1
VECTO-URBAN,EU VECTO Urban Bus,Urban,369,31.3,1.65208333333333,0,1
VECTO-URBAN,EU VECTO Urban Bus,Urban,370,31.3,2.0912037037037,0,1
VECTO-URBAN,EU VECTO Urban Bus,Urban,371,31.3,2.54768518518517,0,1
VECTO-URBAN,EU VECTO Urban Bus,Urban,372,31.2142361111111,2.85282720871913,0,1
VECTO-URBAN,EU VECTO Urban Bus,Urban,373,26.5342361111111,2.8686629050926,0,1
VECTO-URBAN,EU VECTO Urban Bus,Urban,374,25.5,2.79098283179013,0,1
VECTO-URBAN,EU VECTO Urban Bus,Urban,375,25.5,2.51853266460907,0,1
VECTO-URBAN,EU VECTO Urban Bus,Urban,376,25.5,2.14726466049387,0,1
VECTO-URBAN,EU VECTO Urban Bus,Urban,377,25.5,1.61946566358027,0,1
VECTO-URBAN,EU VECTO Urban Bus,Urban,378,29.1,0.961195987654446,0,1
VECTO-URBAN,EU VECTO Urban Bus,Urban,379,32.7,0.111132330246949,0,1
VECTO-URBAN,EU VECTO Urban Bus,Urban,380,36.3,-0.818034336419714,0,1
VECTO-URBAN,EU VECTO Urban Bus,Urban,381,37.1,-1.65551311728386,0,1
VECTO-URBAN,EU VECTO Urban Bus,Urban,382,37.1,-2.34303433641971,0,1
VECTO-URBAN,EU VECTO Urban Bus,Urban,383,37.1,-2.8583121141975,0,1
VECTO-URBAN,EU VECTO Urban Bus,Urban,384,37.1,-3.23679494598764,0,1
VECTO-URBAN,EU VECTO Urban Bus,Urban,385,37.1,-3.46295588991769,0,1
VECTO-URBAN,EU VECTO Urban Bus,Urban,386,37.1,-3.60075371773288,0,1
VECTO-URBAN,EU VECTO Urban Bus,Urban,387,37.1,-3.69444058641975,0,1
VECTO-URBAN,EU VECTO Urban Bus,Urban,388,37.1,-3.76924300044092,0,1
VECTO-URBAN,EU VECTO Urban Bus,Urban,389,37.1,-3.84285411155203,0,1
VECTO-URBAN,EU VECTO Urban Bus,Urban,390,37.1,-3.91536754115226,0,1
VECTO-URBAN,EU VECTO Urban Bus,Urban,391,37.1,-3.98407124485597,0,1
VECTO-URBAN,EU VECTO Urban Bus,Urban,392,37.1,-3.98069209199036,0,1
VECTO-URBAN,EU VECTO Urban Bus,Urban,393,37.1,-3.95555659063535,0,1
VECTO-URBAN,EU VECTO Urban Bus,Urban,394,37.1,-3.93042108928034,0,1
VECTO-URBAN,EU VECTO Urban Bus,Urban,395,37.1,-3.90528558792532,0,1
VECTO-URBAN,EU VECTO Urban Bus,Urban,396,37.1,-3.80957261659807,0,1
VECTO-URBAN,EU VECTO Urban Bus,Urban,397,33.5,-3.62639949845677,0,1
VECTO-URBAN,EU VECTO Urban Bus,Urban,398,34.4440200617291,-3.38096552426265,0,1
VECTO-URBAN,EU VECTO Urban Bus,Urban,399,35.5,-3.07262158136143,0,1
VECTO-URBAN,EU VECTO Urban Bus,Urban,400,35.5,-2.70218760716731,0,1
VECTO-URBAN,EU VECTO Urban Bus,Urban,401,35.5,-2.33942136774117,0,1
VECTO-URBAN,EU VECTO Urban Bus,Urban,402,35.5,-2.0330382480281,0,1
VECTO-URBAN,EU VECTO Urban Bus,Urban,403,35.5,-1.79460418810013,0,1
VECTO-URBAN,EU VECTO Urban Bus,Urban,404,35.5,-1.70801384602196,0,1
VECTO-URBAN,EU VECTO Urban Bus,Urban,405,35.5,-1.86577254265262,0,1
VECTO-URBAN,EU VECTO Urban Bus,Urban,406,35.5,-2.02807286308301,0,1
VECTO-URBAN,EU VECTO Urban Bus,Urban,407,30.82,-2.27780085448105,0,1
VECTO-URBAN,EU VECTO Urban Bus,Urban,408,33.7,-2.60983789151809,0,1
VECTO-URBAN,EU VECTO Urban Bus,Urban,409,33.7,-2.92187492855513,0,1
VECTO-URBAN,EU VECTO Urban Bus,Urban,410,33.7,-3.2203471793553,0,1
VECTO-URBAN,EU VECTO Urban Bus,Urban,411,33.7,-3.36723087598595,0,1
VECTO-URBAN,EU VECTO Urban Bus,Urban,412,33.7,-3.34815706776933,0,1
VECTO-URBAN,EU VECTO Urban Bus,Urban,413,33.7,-3.2557043956986,0,1
VECTO-URBAN,EU VECTO Urban Bus,Urban,414,33.7,-3.05127321959302,0,1
VECTO-URBAN,EU VECTO Urban Bus,Urban,415,33.7,-2.80442713691699,0,1
VECTO-URBAN,EU VECTO Urban Bus,Urban,416,33.7,-2.44539935913921,0,1
VECTO-URBAN,EU VECTO Urban Bus,Urban,417,33.7,-2.03637158136144,0,1
VECTO-URBAN,EU VECTO Urban Bus,Urban,418,33.7,-1.60937521433464,0,1
VECTO-URBAN,EU VECTO Urban Bus,Urban,419,33.7,-1.19331602580588,0,1
VECTO-URBAN,EU VECTO Urban Bus,Urban,420,33.7,-0.86857649605621,0,1
VECTO-URBAN,EU VECTO Urban Bus,Urban,421,33.7,-0.525260470250328,0,1
VECTO-URBAN,EU VECTO Urban Bus,Urban,422,33.7,-0.254976923296734,0,1
VECTO-URBAN,EU VECTO Urban Bus,Urban,423,33.7,-0.00720491469477338,0,1
VECTO-URBAN,EU VECTO Urban Bus,Urban,424,33.7,0.251822863083004,0,1
VECTO-URBAN,EU VECTO Urban Bus,Urban,425,33.7,0.510850640860781,0,1
VECTO-URBAN,EU VECTO Urban Bus,Urban,426,33.7,0.769878418638558,0,1
VECTO-URBAN,EU VECTO Urban Bus,Urban,427,33.7,1.03854159522178,0,1
VECTO-URBAN,EU VECTO Urban Bus,Urban,428,29.02,1.36224529892549,0,1
VECTO-URBAN,EU VECTO Urban Bus,Urban,429,24.34,1.60928233596252,0,1
VECTO-URBAN,EU VECTO Urban Bus,Urban,430,19.66,1.84631937299956,0,1
VECTO-URBAN,EU VECTO Urban Bus,Urban,431,14.98,2.00668974336993,0,1
VECTO-URBAN,EU VECTO Urban Bus,Urban,432,10.3,2.12372678040697,0,1
VECTO-URBAN,EU VECTO Urban Bus,Urban,433,13.9,2.235763817444,0,1
VECTO-URBAN,EU VECTO Urban Bus,Urban,434,9.22000000000001,2.3,0,1
VECTO-URBAN,EU VECTO Urban Bus,Urban,435,4.54000000000001,2.3,0,1
VECTO-URBAN,EU VECTO Urban Bus,Urban,436,0,2.3,1,1.1
VECTO-URBAN,EU VECTO Urban Bus,Urban,437,0,2.3,1,1.1
VECTO-URBAN,EU VECTO Urban Bus,Urban,438,0,2.3,1,1.1
VECTO-URBAN,EU VECTO Urban Bus,Urban,439,0,2.3,1,1.1
VECTO-URBAN,EU VECTO Urban Bus,Urban,440,0,2.3,1,1.1
VECTO-URBAN,EU VECTO Urban Bus,Urban,441,0,2.3,0,1
VECTO-URBAN,EU VECTO Urban Bus,Urban,442,3.6,2.3,0,1
VECTO-URBAN,EU VECTO Urban Bus,Urban,443,7.2,2.35,0,1
VECTO-URBAN,EU VECTO Urban Bus,Urban,444,10.8,2.475,0,1
VECTO-URBAN,EU VECTO Urban Bus,Urban,445,14.4,2.56,0,1
VECTO-URBAN,EU VECTO Urban Bus,Urban,446,18,2.65,0,1
VECTO-URBAN,EU VECTO Urban Bus,Urban,447,18.8,2.72901234567901,0,1
VECTO-URBAN,EU VECTO Urban Bus,Urban,448,18.8,2.78703703703704,0,1
VECTO-URBAN,EU VECTO Urban Bus,Urban,449,18.8,2.82027777777778,0,1
VECTO-URBAN,EU VECTO Urban Bus,Urban,450,18.8,2.84638888888889,0,1
VECTO-URBAN,EU VECTO Urban Bus,Urban,451,18.8,2.8725,0,1
VECTO-URBAN,EU VECTO Urban Bus,Urban,452,17.2423076923077,2.89752938034188,0,1
VECTO-URBAN,EU VECTO Urban Bus,Urban,453,15.5095044378699,2.9,0,1
VECTO-URBAN,EU VECTO Urban Bus,Urban,454,14.3,2.9,0,1
VECTO-URBAN,EU VECTO Urban Bus,Urban,455,14.3,2.9,0,1
VECTO-URBAN,EU VECTO Urban Bus,Urban,456,14.3,3.03056274654832,0,1
VECTO-URBAN,EU VECTO Urban Bus,Urban,457,14.3,3.08730877829435,0,1
VECTO-URBAN,EU VECTO Urban Bus,Urban,458,14.3,3.16167673405654,0,1
VECTO-URBAN,EU VECTO Urban Bus,Urban,459,14.3,3.24112117850098,0,1
VECTO-URBAN,EU VECTO Urban Bus,Urban,460,14.3,3.32056562294542,0,1
VECTO-URBAN,EU VECTO Urban Bus,Urban,461,14.3,3.40001258423733,0,1
VECTO-URBAN,EU VECTO Urban Bus,Urban,462,12.8696400908123,3.49435161233043,0,1
VECTO-URBAN,EU VECTO Urban Bus,Urban,463,10.1715438873496,3.57435572336572,0,1
VECTO-URBAN,EU VECTO Urban Bus,Urban,464,7.88342631174053,3.6,0,1
VECTO-URBAN,EU VECTO Urban Bus,Urban,465,6.09046746558103,3.6,0,1
VECTO-URBAN,EU VECTO Urban Bus,Urban,466,4.7027821807498,3.6,0,1
VECTO-URBAN,EU VECTO Urban Bus,Urban,467,3.63095252837122,3.6,0,1
VECTO-URBAN,EU VECTO Urban Bus,Urban,468,2.80336637322921,3.6,0,1
VECTO-URBAN,EU VECTO Urban Bus,Urban,469,2.16440276008412,3.6,0,1
VECTO-URBAN,EU VECTO Urban Bus,Urban,470,1.67107568642879,3.6,0,1
VECTO-URBAN,EU VECTO Urban Bus,Urban,471,1.29019136847632,3.6,0,1
VECTO-URBAN,EU VECTO Urban Bus,Urban,472,0.996121098440695,3.6,0,1
VECTO-URBAN,EU VECTO Urban Bus,Urban,473,0.769077568739988,3.6,0,1
VECTO-URBAN,EU VECTO Urban Bus,Urban,474,0.593783534429562,3.6,0,1
VECTO-URBAN,EU VECTO Urban Bus,Urban,475,0.458443855434339,3.6,0,1
VECTO-URBAN,EU VECTO Urban Bus,Urban,476,0.353951829913001,3.6,0,1
VECTO-URBAN,EU VECTO Urban Bus,Urban,477,0,3.6,1,1.1
VECTO-URBAN,EU VECTO Urban Bus,Urban,478,0,3.6,1,1.1
VECTO-URBAN,EU VECTO Urban Bus,Urban,479,0,3.6,1,1.1
VECTO-URBAN,EU VECTO Urban Bus,Urban,480,0,3.6,1,1.1
VECTO-URBAN,EU VECTO Urban Bus,Urban,481,0,3.6,1,1.1
VECTO-URBAN,EU VECTO Urban Bus,Urban,482,0,3.6,1,1.1
VECTO-URBAN,EU VECTO Urban Bus,Urban,483,0,3.6,1,1.1
VECTO-URBAN,EU VECTO Urban Bus,Urban,484,0,3.6,1,1.1
VECTO-URBAN,EU VECTO Urban Bus,Urban,485,0,3.6,1,1.1
VECTO-URBAN,EU VECTO Urban Bus,Urban,486,0,3.6,1,1.1
VECTO-URBAN,EU VECTO Urban Bus,Urban,487,0,3.6,1,1.1
VECTO-URBAN,EU VECTO Urban Bus,Urban,488,0,3.6,1,1.1
VECTO-URBAN,EU VECTO Urban Bus,Urban,489,0,3.6,1,1.1
VECTO-URBAN,EU VECTO Urban Bus,Urban,490,0,3.6,1,1.1
VECTO-URBAN,EU VECTO Urban Bus,Urban,491,0,3.6,1,1.1
VECTO-URBAN,EU VECTO Urban Bus,Urban,492,0,3.6,1,1.1
VECTO-URBAN,EU VECTO Urban Bus,Urban,493,0,3.6,1,1.1
VECTO-URBAN,EU VECTO Urban Bus,Urban,494,0,3.6,1,1.1
VECTO-URBAN,EU VECTO Urban Bus,Urban,495,0,3.6,1,1.1
VECTO-URBAN,EU VECTO Urban Bus,Urban,496,0,3.6,1,1.1
VECTO-URBAN,EU VECTO Urban Bus,Urban,497,0,3.6,1,1.1
VECTO-URBAN,EU VECTO Urban Bus,Urban,498,0,3.6,1,1.1
VECTO-URBAN,EU VECTO Urban Bus,Urban,499,0,3.6,1,1.1
VECTO-URBAN,EU VECTO Urban Bus,Urban,500,0,3.6,1,1.1
VECTO-URBAN,EU VECTO Urban Bus,Urban,501,0,3.6,0,1
VECTO-URBAN,EU VECTO Urban Bus,Urban,502,3.6,3.6,0,1
VECTO-URBAN,EU VECTO Urban Bus,Urban,503,7.2,3.6,0,1
VECTO-URBAN,EU VECTO Urban Bus,Urban,504,10.8,3.5375,0,1
VECTO-URBAN,EU VECTO Urban Bus,Urban,505,11.1,3.44861111111112,0,1
VECTO-URBAN,EU VECTO Urban Bus,Urban,506,11.1,3.31875,0,1
VECTO-URBAN,EU VECTO Urban Bus,Urban,507,11.1,3.16458333333333,0,1
VECTO-URBAN,EU VECTO Urban Bus,Urban,508,11.1,3.01041666666665,0,1
VECTO-URBAN,EU VECTO Urban Bus,Urban,509,14.7,2.78124999999998,0,1
VECTO-URBAN,EU VECTO Urban Bus,Urban,510,18.3,2.40416666666661,0,1
VECTO-URBAN,EU VECTO Urban Bus,Urban,511,21.9,1.94583333333326,0,1
VECTO-URBAN,EU VECTO Urban Bus,Urban,512,25.3,1.39027777777769,0,1
VECTO-URBAN,EU VECTO Urban Bus,Urban,513,25.3,0.787499999999909,0,1
VECTO-URBAN,EU VECTO Urban Bus,Urban,514,25.3,-0.00763888888893689,0,1
VECTO-URBAN,EU VECTO Urban Bus,Urban,515,25.3,-0.536111111111313,0,1
VECTO-URBAN,EU VECTO Urban Bus,Urban,516,25.3,-1.14166666666688,0,1
VECTO-URBAN,EU VECTO Urban Bus,Urban,517,25.3,-1.82361111111122,0,1
VECTO-URBAN,EU VECTO Urban Bus,Urban,518,26.6,-2.34444444444457,0,1
VECTO-URBAN,EU VECTO Urban Bus,Urban,519,26.6,-3.04166666666672,0,1
VECTO-URBAN,EU VECTO Urban Bus,Urban,520,26.6,-3.71111111111115,0,1
VECTO-URBAN,EU VECTO Urban Bus,Urban,521,26.6,-4.33055555555559,0,1
VECTO-URBAN,EU VECTO Urban Bus,Urban,522,26.6,-4.95000000000002,0,1
VECTO-URBAN,EU VECTO Urban Bus,Urban,523,26.6,-5.43888888888891,0,1
VECTO-URBAN,EU VECTO Urban Bus,Urban,524,26.6,-5.97777777777778,0,1
VECTO-URBAN,EU VECTO Urban Bus,Urban,525,26.6,-6.40833333333333,0,1
VECTO-URBAN,EU VECTO Urban Bus,Urban,526,22.8,-6.76759259259259,0,1
VECTO-URBAN,EU VECTO Urban Bus,Urban,527,26.4,-7,0,1
VECTO-URBAN,EU VECTO Urban Bus,Urban,528,27.8,-7.28472222222223,0,1
VECTO-URBAN,EU VECTO Urban Bus,Urban,529,27.8,-7.44444444444445,0,1
VECTO-URBAN,EU VECTO Urban Bus,Urban,530,27.8,-7.45208333333333,0,1
VECTO-URBAN,EU VECTO Urban Bus,Urban,531,27.8,-7.34074074074074,0,1
VECTO-URBAN,EU VECTO Urban Bus,Urban,532,27.8,-7.13611111111111,0,1
VECTO-URBAN,EU VECTO Urban Bus,Urban,533,27.8,-6.7,0,1
VECTO-URBAN,EU VECTO Urban Bus,Urban,534,23.12,-6.19277777777779,0,1
VECTO-URBAN,EU VECTO Urban Bus,Urban,535,26.72,-5.50055555555555,0,1
VECTO-URBAN,EU VECTO Urban Bus,Urban,536,22.04,-4.62333333333331,0,1
VECTO-URBAN,EU VECTO Urban Bus,Urban,537,17.36,-3.87611111111109,0,1
VECTO-URBAN,EU VECTO Urban Bus,Urban,538,12.68,-3.3,0,1
VECTO-URBAN,EU VECTO Urban Bus,Urban,539,8,-3.3,0,1
VECTO-URBAN,EU VECTO Urban Bus,Urban,540,3.32,-3.3,0,1
VECTO-URBAN,EU VECTO Urban Bus,Urban,541,0,-3.3,1,1.1
VECTO-URBAN,EU VECTO Urban Bus,Urban,542,0,-3.3,1,1.1
VECTO-URBAN,EU VECTO Urban Bus,Urban,543,0,-3.3,1,1.1
VECTO-URBAN,EU VECTO Urban Bus,Urban,544,0,-3.3,1,1.1
VECTO-URBAN,EU VECTO Urban Bus,Urban,545,0,-3.3,1,1.1
VECTO-URBAN,EU VECTO Urban Bus,Urban,546,0,-3.3,1,1.1
VECTO-URBAN,EU VECTO Urban Bus,Urban,547,0,-3.3,1,1.1
VECTO-URBAN,EU VECTO Urban Bus,Urban,548,0,-3.3,1,1.1
VECTO-URBAN,EU VECTO Urban Bus,Urban,549,0,-3.3,1,1.1
VECTO-URBAN,EU VECTO Urban Bus,Urban,550,0,-3.3,1,1.1
VECTO-URBAN,EU VECTO Urban Bus,Urban,551,0,-3.3,1,1.1
VECTO-URBAN,EU VECTO Urban Bus,Urban,552,0,-3.3,1,1.1
VECTO-URBAN,EU VECTO Urban Bus,Urban,553,0,-3.3,1,1.1
VECTO-URBAN,EU VECTO Urban Bus,Urban,554,0,-3.3,1,1.1
VECTO-URBAN,EU VECTO Urban Bus,Urban,555,0,-3.3,1,1.1
VECTO-URBAN,EU VECTO Urban Bus,Urban,556,0,-3.3,1,1.1
VECTO-URBAN,EU VECTO Urban Bus,Urban,557,0,-3.3,1,1.1
VECTO-URBAN,EU VECTO Urban Bus,Urban,558,0,-3.3,1,1.1
VECTO-URBAN,EU VECTO Urban Bus,Urban,559,0,-3.3,1,1.1
VECTO-URBAN,EU VECTO Urban Bus,Urban,560,0,-3.3,1,1.1
VECTO-URBAN,EU VECTO Urban Bus,Urban,561,0,-3.3,1,1.1
VECTO-URBAN,EU VECTO Urban Bus,Urban,562,0,-3.3,1,1.1
VECTO-URBAN,EU VECTO Urban Bus,Urban,563,0,-3.3,1,1.1
VECTO-URBAN,EU VECTO Urban Bus,Urban,564,0,-3.3,1,1.1
VECTO-URBAN,EU VECTO Urban Bus,Urban,565,0,-3.3,1,1.1
VECTO-URBAN,EU VECTO Urban Bus,Urban,566,0,-3.3,1,1.1
VECTO-URBAN,EU VECTO Urban Bus,Urban,567,0,-3.3,1,1.1
VECTO-URBAN,EU VECTO Urban Bus,Urban,568,0,-3.3,1,1.1
VECTO-URBAN,EU VECTO Urban Bus,Urban,569,0,-3.3,1,1.1
VECTO-URBAN,EU VECTO Urban Bus,Urban,570,0,-3.3,1,1.1
VECTO-URBAN,EU VECTO Urban Bus,Urban,571,0,-3.3,1,1.1
VECTO-URBAN,EU VECTO Urban Bus,Urban,572,0,-3.3,1,1.1
VECTO-URBAN,EU VECTO Urban Bus,Urban,573,0,-3.3,1,1.1
VECTO-URBAN,EU VECTO Urban Bus,Urban,574,0,-3.3,1,1.1
VECTO-URBAN,EU VECTO Urban Bus,Urban,575,0,-3.3,1,1.1
VECTO-URBAN,EU VECTO Urban Bus,Urban,576,0,-3.3,1,1.1
VECTO-URBAN,EU VECTO Urban Bus,Urban,577,0,-3.3,1,1.1
VECTO-URBAN,EU VECTO Urban Bus,Urban,578,0,-3.3,1,1.1
VECTO-URBAN,EU VECTO Urban Bus,Urban,579,0,-3.3,1,1.1
VECTO-URBAN,EU VECTO Urban Bus,Urban,580,0,-3.3,1,1.1
VECTO-URBAN,EU VECTO Urban Bus,Urban,581,0,-3.3,1,1.1
VECTO-URBAN,EU VECTO Urban Bus,Urban,582,0,-3.3,1,1.1
VECTO-URBAN,EU VECTO Urban Bus,Urban,583,0,-3.3,1,1.1
VECTO-URBAN,EU VECTO Urban Bus,Urban,584,0,-3.3,1,1.1
VECTO-URBAN,EU VECTO Urban Bus,Urban,585,0,-3.3,1,1.1
VECTO-URBAN,EU VECTO Urban Bus,Urban,586,0,-3.3,1,1.1
VECTO-URBAN,EU VECTO Urban Bus,Urban,587,0,-3.3,1,1.1
VECTO-URBAN,EU VECTO Urban Bus,Urban,588,0,-3.3,1,1.1
VECTO-URBAN,EU VECTO Urban Bus,Urban,589,0,-3.3,1,1.1
VECTO-URBAN,EU VECTO Urban Bus,Urban,590,0,-3.3,1,1.1
VECTO-URBAN,EU VECTO Urban Bus,Urban,591,0,-3.3,1,1.1
VECTO-URBAN,EU VECTO Urban Bus,Urban,592,0,-3.3,1,1.1
VECTO-URBAN,EU VECTO Urban Bus,Urban,593,0,-3.3,1,1.1
VECTO-URBAN,EU VECTO Urban Bus,Urban,594,0,-3.3,1,1.1
VECTO-URBAN,EU VECTO Urban Bus,Urban,595,0,-3.3,1,1.1
VECTO-URBAN,EU VECTO Urban Bus,Urban,596,0,-3.3,0,1
VECTO-URBAN,EU VECTO Urban Bus,Urban,597,3.6,-3.3,0,1
VECTO-URBAN,EU VECTO Urban Bus,Urban,598,7.2,-3,0,1
VECTO-URBAN,EU VECTO Urban Bus,Urban,599,10.8,-2.65,0,1
VECTO-URBAN,EU VECTO Urban Bus,Urban,600,14.4,-2.2,0,1
VECTO-URBAN,EU VECTO Urban Bus,Urban,601,18,-1.55,0,1
VECTO-URBAN,EU VECTO Urban Bus,Urban,602,21.6,-0.8,0,1
VECTO-URBAN,EU VECTO Urban Bus,Urban,603,25.2,-0.125,0,1
VECTO-URBAN,EU VECTO Urban Bus,Urban,604,28.8,0.6,0,1
VECTO-URBAN,EU VECTO Urban Bus,Urban,605,32.4,1.025,0,1
VECTO-URBAN,EU VECTO Urban Bus,Urban,606,35.1,1.295625,0,1
VECTO-URBAN,EU VECTO Urban Bus,Urban,607,35.1,1.246875,0,1
VECTO-URBAN,EU VECTO Urban Bus,Urban,608,35.1,1.190625,0,1
VECTO-URBAN,EU VECTO Urban Bus,Urban,609,35.1,0.946875,0,1
VECTO-URBAN,EU VECTO Urban Bus,Urban,610,35.1,0.703125,0,1
VECTO-URBAN,EU VECTO Urban Bus,Urban,611,35.1,0.284375,0,1
VECTO-URBAN,EU VECTO Urban Bus,Urban,612,35.1,-0.01875,0,1
VECTO-URBAN,EU VECTO Urban Bus,Urban,613,35.1,-0.378125,0,1
VECTO-URBAN,EU VECTO Urban Bus,Urban,614,35.1,-0.5975,0,1
VECTO-URBAN,EU VECTO Urban Bus,Urban,615,35.1,-0.5125,0,1
VECTO-URBAN,EU VECTO Urban Bus,Urban,616,30.42,-0.30916666666667,0,1
VECTO-URBAN,EU VECTO Urban Bus,Urban,617,25.74,0.0841666666666697,0,1
VECTO-URBAN,EU VECTO Urban Bus,Urban,618,21.06,0.501250000000005,0,1
VECTO-URBAN,EU VECTO Urban Bus,Urban,619,16.38,0.911249999999995,0,1
VECTO-URBAN,EU VECTO Urban Bus,Urban,620,11.7,1.2125,0,1
VECTO-URBAN,EU VECTO Urban Bus,Urban,621,7.02,1.43625,0,1
VECTO-URBAN,EU VECTO Urban Bus,Urban,622,2.34,1.50250000000001,0,1
VECTO-URBAN,EU VECTO Urban Bus,Urban,623,5.94,1.6,0,1
VECTO-URBAN,EU VECTO Urban Bus,Urban,624,1.26,1.6,0,1
VECTO-URBAN,EU VECTO Urban Bus,Urban,625,0,1.6,1,1.1
VECTO-URBAN,EU VECTO Urban Bus,Urban,626,0,1.6,1,1.1
VECTO-URBAN,EU VECTO Urban Bus,Urban,627,0,1.6,1,1.1
VECTO-URBAN,EU VECTO Urban Bus,Urban,628,0,1.6,1,1.1
VECTO-URBAN,EU VECTO Urban Bus,Urban,629,0,1.6,1,1.1
VECTO-URBAN,EU VECTO Urban Bus,Urban,630,0,1.6,1,1.1
VECTO-URBAN,EU VECTO Urban Bus,Urban,631,0,1.6,1,1.1
VECTO-URBAN,EU VECTO Urban Bus,Urban,632,0,1.6,1,1.1
VECTO-URBAN,EU VECTO Urban Bus,Urban,633,0,1.6,1,1.1
VECTO-URBAN,EU VECTO Urban Bus,Urban,634,0,1.6,1,1.1
VECTO-URBAN,EU VECTO Urban Bus,Urban,635,0,1.6,1,1.1
VECTO-URBAN,EU VECTO Urban Bus,Urban,636,0,1.6,1,1.1
VECTO-URBAN,EU VECTO Urban Bus,Urban,637,0,1.6,1,1.1
VECTO-URBAN,EU VECTO Urban Bus,Urban,638,0,1.6,1,1.1
VECTO-URBAN,EU VECTO Urban Bus,Urban,639,0,1.6,1,1.1
VECTO-URBAN,EU VECTO Urban Bus,Urban,640,0,1.6,1,1.1
VECTO-URBAN,EU VECTO Urban Bus,Urban,641,0,1.6,1,1.1
VECTO-URBAN,EU VECTO Urban Bus,Urban,642,0,1.6,1,1.1
VECTO-URBAN,EU VECTO Urban Bus,Urban,643,0,1.6,1,1.1
VECTO-URBAN,EU VECTO Urban Bus,Urban,644,0,1.6,1,1.1
VECTO-URBAN,EU VECTO Urban Bus,Urban,645,0,1.6,1,1.1
VECTO-URBAN,EU VECTO Urban Bus,Urban,646,0,1.6,1,1.1
VECTO-URBAN,EU VECTO Urban Bus,Urban,647,0,1.6,1,1.1
VECTO-URBAN,EU VECTO Urban Bus,Urban,648,0,1.6,1,1.1
VECTO-URBAN,EU VECTO Urban Bus,Urban,649,0,1.6,1,1.1
VECTO-URBAN,EU VECTO Urban Bus,Urban,650,0,1.6,1,1.1
VECTO-URBAN,EU VECTO Urban Bus,Urban,651,0,1.6,1,1.1
VECTO-URBAN,EU VECTO Urban Bus,Urban,652,0,1.6,1,1.1
VECTO-URBAN,EU VECTO Urban Bus,Urban,653,0,1.6,1,1.1
VECTO-URBAN,EU VECTO Urban Bus,Urban,654,0,1.6,1,1.1
VECTO-URBAN,EU VECTO Urban Bus,Urban,655,0,1.6,1,1.1
VECTO-URBAN,EU VECTO Urban Bus,Urban,656,0,1.6,1,1.1
VECTO-URBAN,EU VECTO Urban Bus,Urban,657,0,1.6,1,1.1
VECTO-URBAN,EU VECTO Urban Bus,Urban,658,0,1.6,1,1.1
VECTO-URBAN,EU VECTO Urban Bus,Urban,659,0,1.6,1,1.1
VECTO-URBAN,EU VECTO Urban Bus,Urban,660,0,1.6,1,1.1
VECTO-URBAN,EU VECTO Urban Bus,Urban,661,0,1.6,0,1
VECTO-URBAN,EU VECTO Urban Bus,Urban,662,3.6,1.6,0,1
VECTO-URBAN,EU VECTO Urban Bus,Urban,663,7.2,1.8,0,1
VECTO-URBAN,EU VECTO Urban Bus,Urban,664,10.8,1.975,0,1
VECTO-URBAN,EU VECTO Urban Bus,Urban,665,14.4,2.2,0,1
VECTO-URBAN,EU VECTO Urban Bus,Urban,666,18,2.475,0,1
VECTO-URBAN,EU VECTO Urban Bus,Urban,667,21.6,2.7,0,1
VECTO-URBAN,EU VECTO Urban Bus,Urban,668,25.2,2.875,0,1
VECTO-URBAN,EU VECTO Urban Bus,Urban,669,28.8,2.8,0,1
VECTO-URBAN,EU VECTO Urban Bus,Urban,670,32.4,2.575,0,1
VECTO-URBAN,EU VECTO Urban Bus,Urban,671,36,2.2,0,1
VECTO-URBAN,EU VECTO Urban Bus,Urban,672,38.9,1.52986111111111,0,1
VECTO-URBAN,EU VECTO Urban Bus,Urban,673,38.9,0.889583333333326,0,1
VECTO-URBAN,EU VECTO Urban Bus,Urban,674,38.9,0.349305555555543,0,1
VECTO-URBAN,EU VECTO Urban Bus,Urban,675,38.9,-0.12048611111112,0,1
VECTO-URBAN,EU VECTO Urban Bus,Urban,676,38.9,-0.443750000000008,0,1
VECTO-URBAN,EU VECTO Urban Bus,Urban,677,38.9,-0.657175925925935,0,1
VECTO-URBAN,EU VECTO Urban Bus,Urban,678,38.9,-0.802623456790131,0,1
VECTO-URBAN,EU VECTO Urban Bus,Urban,679,38.9,-0.920416666666674,0,1
VECTO-URBAN,EU VECTO Urban Bus,Urban,680,38.9,-1.03559027777779,0,1
VECTO-URBAN,EU VECTO Urban Bus,Urban,681,38.9,-1.1513888888889,0,1
VECTO-URBAN,EU VECTO Urban Bus,Urban,682,38.9,-1.26822916666668,0,1
VECTO-URBAN,EU VECTO Urban Bus,Urban,683,38.9,-1.39182098765433,0,1
VECTO-URBAN,EU VECTO Urban Bus,Urban,684,38.9,-1.53699494949496,0,1
VECTO-URBAN,EU VECTO Urban Bus,Urban,685,38.9,-1.6298076923077,0,1
VECTO-URBAN,EU VECTO Urban Bus,Urban,686,39.174195906433,-1.69095453515611,0,1
VECTO-URBAN,EU VECTO Urban Bus,Urban,687,40.9558481135224,-1.63237994157427,0,1
VECTO-URBAN,EU VECTO Urban Bus,Urban,688,42,-1.55118675752535,0,1
VECTO-URBAN,EU VECTO Urban Bus,Urban,689,42,-1.42454845826403,0,1
VECTO-URBAN,EU VECTO Urban Bus,Urban,690,42,-1.2324302498614,0,1
VECTO-URBAN,EU VECTO Urban Bus,Urban,691,42,-1.03261086655579,0,1
VECTO-URBAN,EU VECTO Urban Bus,Urban,692,42,-0.81376966658747,0,1
VECTO-URBAN,EU VECTO Urban Bus,Urban,693,42,-0.658857888827293,0,1
VECTO-URBAN,EU VECTO Urban Bus,Urban,694,42,-0.546921194398249,0,1
VECTO-URBAN,EU VECTO Urban Bus,Urban,695,42,-0.484115464897693,0,1
VECTO-URBAN,EU VECTO Urban Bus,Urban,696,42,-0.453413710511728,0,1
VECTO-URBAN,EU VECTO Urban Bus,Urban,697,42,-0.422711956125764,0,1
VECTO-URBAN,EU VECTO Urban Bus,Urban,698,42,-0.374698972176031,0,1
VECTO-URBAN,EU VECTO Urban Bus,Urban,699,42,-0.232430249861432,0,1
VECTO-URBAN,EU VECTO Urban Bus,Urban,700,42,0.0684728336104627,0,1
VECTO-URBAN,EU VECTO Urban Bus,Urban,701,42,0.602408222591718,0,1
VECTO-URBAN,EU VECTO Urban Bus,Urban,702,42,1.47027900055423,0,1
VECTO-URBAN,EU VECTO Urban Bus,Urban,703,37.32,2.60791850083137,0,1
VECTO-URBAN,EU VECTO Urban Bus,Urban,704,32.64,3.81541850083138,0,1
VECTO-URBAN,EU VECTO Urban Bus,Urban,705,27.96,4.85583700166271,0,1
VECTO-URBAN,EU VECTO Urban Bus,Urban,706,31.56,5.81194566722093,0,1
VECTO-URBAN,EU VECTO Urban Bus,Urban,707,26.88,6.7118061669438,0,1
VECTO-URBAN,EU VECTO Urban Bus,Urban,708,22.2,7.10263950027713,0,1
VECTO-URBAN,EU VECTO Urban Bus,Urban,709,17.52,7.27138913344419,0,1
VECTO-URBAN,EU VECTO Urban Bus,Urban,710,12.84,7.3,0,1
VECTO-URBAN,EU VECTO Urban Bus,Urban,711,8.16,7.3,0,1
VECTO-URBAN,EU VECTO Urban Bus,Urban,712,3.48,7.3,0,1
VECTO-URBAN,EU VECTO Urban Bus,Urban,713,0,7.3,1,1.1
VECTO-URBAN,EU VECTO Urban Bus,Urban,714,0,7.3,1,1.1
VECTO-URBAN,EU VECTO Urban Bus,Urban,715,0,7.3,1,1.1
VECTO-URBAN,EU VECTO Urban Bus,Urban,716,0,7.3,1,1.1
VECTO-URBAN,EU VECTO Urban Bus,Urban,717,0,7.3,1,1.1
VECTO-URBAN,EU VECTO Urban Bus,Urban,718,0,7.3,1,1.1
VECTO-URBAN,EU VECTO Urban Bus,Urban,719,0,7.3,1,1.1
VECTO-URBAN,EU VECTO Urban Bus,Urban,720,0,7.3,1,1.1
VECTO-URBAN,EU VECTO Urban Bus,Urban,721,0,7.3,1,1.1
VECTO-URBAN,EU VECTO Urban Bus,Urban,722,0,7.3,1,1.1
VECTO-URBAN,EU VECTO Urban Bus,Urban,723,0,7.3,1,1.1
VECTO-URBAN,EU VECTO Urban Bus,Urban,724,0,7.3,1,1.1
VECTO-URBAN,EU VECTO Urban Bus,Urban,725,0,7.3,1,1.1
VECTO-URBAN,EU VECTO Urban Bus,Urban,726,0,7.3,1,1.1
VECTO-URBAN,EU VECTO Urban Bus,Urban,727,0,7.3,1,1.1
VECTO-URBAN,EU VECTO Urban Bus,Urban,728,0,7.3,1,1.1
VECTO-URBAN,EU VECTO Urban Bus,Urban,729,0,7.3,1,1.1
VECTO-URBAN,EU VECTO Urban Bus,Urban,730,0,7.3,1,1.1
VECTO-URBAN,EU VECTO Urban Bus,Urban,731,0,7.3,1,1.1
VECTO-URBAN,EU VECTO Urban Bus,Urban,732,0,7.3,1,1.1
VECTO-URBAN,EU VECTO Urban Bus,Urban,733,0,7.3,1,1.1
VECTO-URBAN,EU VECTO Urban Bus,Urban,734,0,7.3,0,1
VECTO-URBAN,EU VECTO Urban Bus,Urban,735,0,5.8,1,1.1
VECTO-URBAN,EU VECTO Urban Bus,Urban,736,0,5.8,1,1.1
VECTO-URBAN,EU VECTO Urban Bus,Urban,737,0,5.8,0,1
VECTO-URBAN,EU VECTO Urban Bus,Urban,738,3.6,5.8,0,1
VECTO-URBAN,EU VECTO Urban Bus,Urban,739,7.2,5.6,0,1
VECTO-URBAN,EU VECTO Urban Bus,Urban,740,10.8,5.2,0,1
VECTO-URBAN,EU VECTO Urban Bus,Urban,741,14.4,4.7,0,1
VECTO-URBAN,EU VECTO Urban Bus,Urban,742,18,3.95,0,1
VECTO-URBAN,EU VECTO Urban Bus,Urban,743,20.9,3.20972222222222,0,1
VECTO-URBAN,EU VECTO Urban Bus,Urban,744,20.9,2.2583333333333,0,1
VECTO-URBAN,EU VECTO Urban Bus,Urban,745,20.9,1.49722222222217,0,1
VECTO-URBAN,EU VECTO Urban Bus,Urban,746,20.9,0.86805555555552,0,1
VECTO-URBAN,EU VECTO Urban Bus,Urban,747,20.9,0.295833333333318,0,1
VECTO-URBAN,EU VECTO Urban Bus,Urban,748,20.9,-0.0465277777778056,0,1
VECTO-URBAN,EU VECTO Urban Bus,Urban,749,20.9,-0.268402777777794,0,1
VECTO-URBAN,EU VECTO Urban Bus,Urban,750,24.5,-0.4,0,1
VECTO-URBAN,EU VECTO Urban Bus,Urban,751,28.1,-0.368948412698407,0,1
VECTO-URBAN,EU VECTO Urban Bus,Urban,752,31.7,-0.309623015873009,0,1
VECTO-URBAN,EU VECTO Urban Bus,Urban,753,35.3,-0.211574074074062,0,1
VECTO-URBAN,EU VECTO Urban Bus,Urban,754,38.9,-0.107361111111099,0,1
VECTO-URBAN,EU VECTO Urban Bus,Urban,755,42.5,-0.150330687830694,0,1
VECTO-URBAN,EU VECTO Urban Bus,Urban,756,43.4,-0.210714285714295,0,1
VECTO-URBAN,EU VECTO Urban Bus,Urban,757,43.4,-0.296825396825407,0,1
VECTO-URBAN,EU VECTO Urban Bus,Urban,758,43.4,-0.406111111111127,0,1
VECTO-URBAN,EU VECTO Urban Bus,Urban,759,43.4,-0.529629629629648,0,1
VECTO-URBAN,EU VECTO Urban Bus,Urban,760,43.4,-0.6476851851852,0,1
VECTO-URBAN,EU VECTO Urban Bus,Urban,761,43.4,-0.748148148148164,0,1
VECTO-URBAN,EU VECTO Urban Bus,Urban,762,43.4,-0.848611111111128,0,1
VECTO-URBAN,EU VECTO Urban Bus,Urban,763,43.4,-0.942063492063507,0,1
VECTO-URBAN,EU VECTO Urban Bus,Urban,764,43.4,-1.03287037037039,0,1
VECTO-URBAN,EU VECTO Urban Bus,Urban,765,43.4,-1.08749999999999,0,1
VECTO-URBAN,EU VECTO Urban Bus,Urban,766,43.4,-1.04982638888888,0,1
VECTO-URBAN,EU VECTO Urban Bus,Urban,767,43.4,-1.01215277777777,0,1
VECTO-URBAN,EU VECTO Urban Bus,Urban,768,38.72,-0.862083333333271,0,1
VECTO-URBAN,EU VECTO Urban Bus,Urban,769,34.04,-0.534444444444387,0,1
VECTO-URBAN,EU VECTO Urban Bus,Urban,770,29.36,-0.12861111111099,0,1
VECTO-URBAN,EU VECTO Urban Bus,Urban,771,24.68,0.264444444444522,0,1
VECTO-URBAN,EU VECTO Urban Bus,Urban,772,20,0.606944444444571,0,1
VECTO-URBAN,EU VECTO Urban Bus,Urban,773,15.32,0.852222222222349,0,1
VECTO-URBAN,EU VECTO Urban Bus,Urban,774,10.64,0.988333333333412,0,1
VECTO-URBAN,EU VECTO Urban Bus,Urban,775,5.95999999999999,1.0977777777779,0,1
VECTO-URBAN,EU VECTO Urban Bus,Urban,776,9.56,1.2,0,1
VECTO-URBAN,EU VECTO Urban Bus,Urban,777,4.87999999999999,1.2,0,1
VECTO-URBAN,EU VECTO Urban Bus,Urban,778,0.199999999999994,1.2,1,1.1
VECTO-URBAN,EU VECTO Urban Bus,Urban,779,0,1.2,1,1.1
VECTO-URBAN,EU VECTO Urban Bus,Urban,780,0,1.2,1,1.1
VECTO-URBAN,EU VECTO Urban Bus,Urban,781,0,1.2,1,1.1
VECTO-URBAN,EU VECTO Urban Bus,Urban,782,0,1.2,1,1.1
VECTO-URBAN,EU VECTO Urban Bus,Urban,783,0,1.2,1,1.1
VECTO-URBAN,EU VECTO Urban Bus,Urban,784,0,1.2,1,1.1
VECTO-URBAN,EU VECTO Urban Bus,Urban,785,0,1.2,1,1.1
VECTO-URBAN,EU VECTO Urban Bus,Urban,786,0,1.2,1,1.1
VECTO-URBAN,EU VECTO Urban Bus,Urban,787,0,1.2,1,1.1
VECTO-URBAN,EU VECTO Urban Bus,Urban,788,0,1.2,1,1.1
VECTO-URBAN,EU VECTO Urban Bus,Urban,789,0,1.2,1,1.1
VECTO-URBAN,EU VECTO Urban Bus,Urban,790,0,1.2,1,1.1
VECTO-URBAN,EU VECTO Urban Bus,Urban,791,0,1.2,1,1.1
VECTO-URBAN,EU VECTO Urban Bus,Urban,792,0,1.2,1,1.1
VECTO-URBAN,EU VECTO Urban Bus,Urban,793,0,1.2,1,1.1
VECTO-URBAN,EU VECTO Urban Bus,Urban,794,0,1.2,1,1.1
VECTO-URBAN,EU VECTO Urban Bus,Urban,795,0,1.2,1,1.1
VECTO-URBAN,EU VECTO Urban Bus,Urban,796,0,1.2,1,1.1
VECTO-URBAN,EU VECTO Urban Bus,Urban,797,0,1.2,1,1.1
VECTO-URBAN,EU VECTO Urban Bus,Urban,798,0,1.2,1,1.1
VECTO-URBAN,EU VECTO Urban Bus,Urban,799,0,1.2,1,1.1
VECTO-URBAN,EU VECTO Urban Bus,Urban,800,0,1.2,0,1
VECTO-URBAN,EU VECTO Urban Bus,Urban,801,3.6,1.2,0,1
VECTO-URBAN,EU VECTO Urban Bus,Urban,802,7.2,1.3,0,1
VECTO-URBAN,EU VECTO Urban Bus,Urban,803,10.8,1.3625,0,1
VECTO-URBAN,EU VECTO Urban Bus,Urban,804,14.4,1.38823529411765,0,1
VECTO-URBAN,EU VECTO Urban Bus,Urban,805,18,1.36176470588235,0,1
VECTO-URBAN,EU VECTO Urban Bus,Urban,806,18.7,1.33178104575163,0,1
VECTO-URBAN,EU VECTO Urban Bus,Urban,807,18.7,1.30122549019608,0,1
VECTO-URBAN,EU VECTO Urban Bus,Urban,808,22.3,1.2,0,1
VECTO-URBAN,EU VECTO Urban Bus,Urban,809,25.9,0.927314814814827,0,1
VECTO-URBAN,EU VECTO Urban Bus,Urban,810,29.5,0.604166666666682,0,1
VECTO-URBAN,EU VECTO Urban Bus,Urban,811,33.1,0.0715277777778056,0,1
VECTO-URBAN,EU VECTO Urban Bus,Urban,812,33.2,-0.388888888888869,0,1
VECTO-URBAN,EU VECTO Urban Bus,Urban,813,33.2,-0.949999999999977,0,1
VECTO-URBAN,EU VECTO Urban Bus,Urban,814,33.2,-1.56111111111109,0,1
VECTO-URBAN,EU VECTO Urban Bus,Urban,815,33.2,-2.04444444444439,0,1
VECTO-URBAN,EU VECTO Urban Bus,Urban,816,32.1037037037051,-2.47572016460904,0,1
VECTO-URBAN,EU VECTO Urban Bus,Urban,817,35.7037037037051,-2.86440329218108,0,1
VECTO-URBAN,EU VECTO Urban Bus,Urban,818,39.3037037037051,-3.2587448559671,0,1
VECTO-URBAN,EU VECTO Urban Bus,Urban,819,42.9037037037051,-3.49534979423871,0,1
VECTO-URBAN,EU VECTO Urban Bus,Urban,820,46.5037037037051,-3.44702093397745,0,1
VECTO-URBAN,EU VECTO Urban Bus,Urban,821,47.1,-3.36877572016458,0,1
VECTO-URBAN,EU VECTO Urban Bus,Urban,822,47.1,-3.16827417695467,0,1
VECTO-URBAN,EU VECTO Urban Bus,Urban,823,47.1,-2.89412722908089,0,1
VECTO-URBAN,EU VECTO Urban Bus,Urban,824,47.1,-2.6512860082304,0,1
VECTO-URBAN,EU VECTO Urban Bus,Urban,825,47.1,-2.40801611796977,0,1
VECTO-URBAN,EU VECTO Urban Bus,Urban,826,47.1,-2.20662722908088,0,1
VECTO-URBAN,EU VECTO Urban Bus,Urban,827,47.1,-1.96642875514399,0,1
VECTO-URBAN,EU VECTO Urban Bus,Urban,828,47.1,-1.74461934156372,0,1
VECTO-URBAN,EU VECTO Urban Bus,Urban,829,47.1,-1.44295267489705,0,1
VECTO-URBAN,EU VECTO Urban Bus,Urban,830,47.1,-1.12128600823038,0,1
VECTO-URBAN,EU VECTO Urban Bus,Urban,831,47.1,-0.74952417695464,0,1
VECTO-URBAN,EU VECTO Urban Bus,Urban,832,47.1,-0.422440843621303,0,1
VECTO-URBAN,EU VECTO Urban Bus,Urban,833,47.1,-0.0953575102879654,0,1
VECTO-URBAN,EU VECTO Urban Bus,Urban,834,42.42,0.192380658436296,0,1
VECTO-URBAN,EU VECTO Urban Bus,Urban,835,37.74,0.367890946502114,0,1
VECTO-URBAN,EU VECTO Urban Bus,Urban,836,33.06,0.378928612254218,0,1
VECTO-URBAN,EU VECTO Urban Bus,Urban,837,28.38,0.355224908550515,0,1
VECTO-URBAN,EU VECTO Urban Bus,Urban,838,31.98,0.331937871513478,0,1
VECTO-URBAN,EU VECTO Urban Bus,Urban,839,27.3,0.309067501143108,0,1
VECTO-URBAN,EU VECTO Urban Bus,Urban,840,22.62,0.247585243974078,0,1
VECTO-URBAN,EU VECTO Urban Bus,Urban,841,17.94,0.2,0,1
VECTO-URBAN,EU VECTO Urban Bus,Urban,842,13.26,0.2,0,1
VECTO-URBAN,EU VECTO Urban Bus,Urban,843,8.58,0.2,0,1
VECTO-URBAN,EU VECTO Urban Bus,Urban,844,3.9,0.2,0,1
VECTO-URBAN,EU VECTO Urban Bus,Urban,845,0,0.2,1,1.1
VECTO-URBAN,EU VECTO Urban Bus,Urban,846,0,0.2,1,1.1
VECTO-URBAN,EU VECTO Urban Bus,Urban,847,0,0.2,1,1.1
VECTO-URBAN,EU VECTO Urban Bus,Urban,848,0,0.2,1,1.1
VECTO-URBAN,EU VECTO Urban Bus,Urban,849,0,0.2,1,1.1
VECTO-URBAN,EU VECTO Urban Bus,Urban,850,0,0.2,1,1.1
VECTO-URBAN,EU VECTO Urban Bus,Urban,851,0,0.2,1,1.1
VECTO-URBAN,EU VECTO Urban Bus,Urban,852,0,0.2,1,1.1
VECTO-URBAN,EU VECTO Urban Bus,Urban,853,0,0.2,1,1.1
VECTO-URBAN,EU VECTO Urban Bus,Urban,854,0,0.2,1,1.1
VECTO-URBAN,EU VECTO Urban Bus,Urban,855,0,0.2,1,1.1
VECTO-URBAN,EU VECTO Urban Bus,Urban,856,0,0.2,1,1.1
VECTO-URBAN,EU VECTO Urban Bus,Urban,857,0,0.2,1,1.1
VECTO-URBAN,EU VECTO Urban Bus,Urban,858,0,0.2,1,1.1
VECTO-URBAN,EU VECTO Urban Bus,Urban,859,0,0.2,1,1.1
VECTO-URBAN,EU VECTO Urban Bus,Urban,860,0,0.2,1,1.1
VECTO-URBAN,EU VECTO Urban Bus,Urban,861,0,0.2,1,1.1
VECTO-URBAN,EU VECTO Urban Bus,Urban,862,0,0.2,1,1.1
VECTO-URBAN,EU VECTO Urban Bus,Urban,863,0,0.2,1,1.1
VECTO-URBAN,EU VECTO Urban Bus,Urban,864,0,0.2,1,1.1
VECTO-URBAN,EU VECTO Urban Bus,Urban,865,0,0.2,1,1.1
VECTO-URBAN,EU VECTO Urban Bus,Urban,866,0,0.2,1,1.1
VECTO-URBAN,EU VECTO Urban Bus,Urban,867,0,0.2,1,1.1
VECTO-URBAN,EU VECTO Urban Bus,Urban,868,0,0.2,1,1.1
VECTO-URBAN,EU VECTO Urban Bus,Urban,869,0,0.2,0,1
VECTO-URBAN,EU VECTO Urban Bus,Urban,870,3.6,0.2,0,1
VECTO-URBAN,EU VECTO Urban Bus,Urban,871,7.2,0.15,0,1
VECTO-URBAN,EU VECTO Urban Bus,Urban,872,10.8,0.075,0,1
VECTO-URBAN,EU VECTO Urban Bus,Urban,873,14.4,0.0166666666666667,0,1
VECTO-URBAN,EU VECTO Urban Bus,Urban,874,18,-0.05,0,1
VECTO-URBAN,EU VECTO Urban Bus,Urban,875,21.6,-0.128571428571429,0,1
VECTO-URBAN,EU VECTO Urban Bus,Urban,876,25.2,-0.215,0,1
VECTO-URBAN,EU VECTO Urban Bus,Urban,877,28.8,-0.29,0,1
VECTO-URBAN,EU VECTO Urban Bus,Urban,878,32.4,-0.3375,0,1
VECTO-URBAN,EU VECTO Urban Bus,Urban,879,36,-0.385,0,1
VECTO-URBAN,EU VECTO Urban Bus,Urban,880,39.6,-0.415957446808511,0,1
VECTO-URBAN,EU VECTO Urban Bus,Urban,881,43.2,-0.440425531914894,0,1
VECTO-URBAN,EU VECTO Urban Bus,Urban,882,45.5,-0.466637115839243,0,1
VECTO-URBAN,EU VECTO Urban Bus,Urban,883,45.5,-0.493528368794326,0,1
VECTO-URBAN,EU VECTO Urban Bus,Urban,884,45.5,-0.579976851851848,0,1
VECTO-URBAN,EU VECTO Urban Bus,Urban,885,45.5,-0.722361111111104,0,1
VECTO-URBAN,EU VECTO Urban Bus,Urban,886,45.5,-0.860937499999989,0,1
VECTO-URBAN,EU VECTO Urban Bus,Urban,887,45.5,-1.0314236111111,0,1
VECTO-URBAN,EU VECTO Urban Bus,Urban,888,45.5,-1.18940972222221,0,1
VECTO-URBAN,EU VECTO Urban Bus,Urban,889,45.5,-1.33194444444443,0,1
VECTO-URBAN,EU VECTO Urban Bus,Urban,890,45.5,-1.39099794238684,0,1
VECTO-URBAN,EU VECTO Urban Bus,Urban,891,45.5,-1.34418724279836,0,1
VECTO-URBAN,EU VECTO Urban Bus,Urban,892,45.5,-1.2945512820513,0,1
VECTO-URBAN,EU VECTO Urban Bus,Urban,893,45.5,-1.19503968253972,0,1
VECTO-URBAN,EU VECTO Urban Bus,Urban,894,45.5,-1.01448412698416,0,1
VECTO-URBAN,EU VECTO Urban Bus,Urban,895,45.5,-0.827500000000055,0,1
VECTO-URBAN,EU VECTO Urban Bus,Urban,896,45.5,-0.610515873015915,0,1
VECTO-URBAN,EU VECTO Urban Bus,Urban,897,45.5,-0.361944444444507,0,1
VECTO-URBAN,EU VECTO Urban Bus,Urban,898,45.5,-0.161458333333417,0,1
VECTO-URBAN,EU VECTO Urban Bus,Urban,899,45.5,0.0647569444444002,0,1
VECTO-URBAN,EU VECTO Urban Bus,Urban,900,45.5,0.296388888888814,0,1
VECTO-URBAN,EU VECTO Urban Bus,Urban,901,45.5,0.506547619047563,0,1
VECTO-URBAN,EU VECTO Urban Bus,Urban,902,45.5,0.715674603174544,0,1
VECTO-URBAN,EU VECTO Urban Bus,Urban,903,45.5,0.884201388888835,0,1
VECTO-URBAN,EU VECTO Urban Bus,Urban,904,45.5,1.07083333333328,0,1
VECTO-URBAN,EU VECTO Urban Bus,Urban,905,45.5,1.21772875816991,0,1
VECTO-URBAN,EU VECTO Urban Bus,Urban,906,45.5,1.29207516339866,0,1
VECTO-URBAN,EU VECTO Urban Bus,Urban,907,45.5,1.23357843137258,0,1
VECTO-URBAN,EU VECTO Urban Bus,Urban,908,45.5,1.15049603174607,0,1
VECTO-URBAN,EU VECTO Urban Bus,Urban,909,45.5,1.00717592592602,0,1
VECTO-URBAN,EU VECTO Urban Bus,Urban,910,45.5,0.864351851851916,0,1
VECTO-URBAN,EU VECTO Urban Bus,Urban,911,40.82,0.825821759259236,0,1
VECTO-URBAN,EU VECTO Urban Bus,Urban,912,44.42,0.875150462962938,0,1
VECTO-URBAN,EU VECTO Urban Bus,Urban,913,39.74,0.995416666666567,0,1
VECTO-URBAN,EU VECTO Urban Bus,Urban,914,35.06,1.30379629629609,0,1
VECTO-URBAN,EU VECTO Urban Bus,Urban,915,30.38,1.67342592592571,0,1
VECTO-URBAN,EU VECTO Urban Bus,Urban,916,25.7,1.99958333333302,0,1
VECTO-URBAN,EU VECTO Urban Bus,Urban,917,21.02,2.24935185185165,0,1
VECTO-URBAN,EU VECTO Urban Bus,Urban,918,16.34,2.4,0,1
VECTO-URBAN,EU VECTO Urban Bus,Urban,919,11.66,2.4,0,1
VECTO-URBAN,EU VECTO Urban Bus,Urban,920,6.97999999999999,2.4,0,1
VECTO-URBAN,EU VECTO Urban Bus,Urban,921,2.29999999999999,2.4,0,1
VECTO-URBAN,EU VECTO Urban Bus,Urban,922,0,2.4,1,1.1
VECTO-URBAN,EU VECTO Urban Bus,Urban,923,0,2.4,1,1.1
VECTO-URBAN,EU VECTO Urban Bus,Urban,924,0,2.4,1,1.1
VECTO-URBAN,EU VECTO Urban Bus,Urban,925,0,2.4,1,1.1
VECTO-URBAN,EU VECTO Urban Bus,Urban,926,0,2.4,1,1.1
VECTO-URBAN,EU VECTO Urban Bus,Urban,927,0,2.4,1,1.1
VECTO-URBAN,EU VECTO Urban Bus,Urban,928,0,2.4,1,1.1
VECTO-URBAN,EU VECTO Urban Bus,Urban,929,0,2.4,1,1.1
VECTO-URBAN,EU VECTO Urban Bus,Urban,930,0,2.4,1,1.1
VECTO-URBAN,EU VECTO Urban Bus,Urban,931,0,2.4,1,1.1
VECTO-URBAN,EU VECTO Urban Bus,Urban,932,0,2.4,1,1.1
VECTO-URBAN,EU VECTO Urban Bus,Urban,933,0,2.4,0,1
VECTO-URBAN,EU VECTO Urban Bus,Urban,934,3.6,2.4,0,1
VECTO-URBAN,EU VECTO Urban Bus,Urban,935,7.2,2.45,0,1
VECTO-URBAN,EU VECTO Urban Bus,Urban,936,10.8,2.53,0,1
VECTO-URBAN,EU VECTO Urban Bus,Urban,937,14.4,2.6,0,1
VECTO-URBAN,EU VECTO Urban Bus,Urban,938,18,2.56538461538462,0,1
VECTO-URBAN,EU VECTO Urban Bus,Urban,939,21.6,2.52307692307692,0,1
VECTO-URBAN,EU VECTO Urban Bus,Urban,940,25.2,2.43,0,1
VECTO-URBAN,EU VECTO Urban Bus,Urban,941,28.8,2.16666666666667,0,1
VECTO-URBAN,EU VECTO Urban Bus,Urban,942,32.4,1.725,0,1
VECTO-URBAN,EU VECTO Urban Bus,Urban,943,36,1.25,0,1
VECTO-URBAN,EU VECTO Urban Bus,Urban,944,39.6,0.625,0,1
VECTO-URBAN,EU VECTO Urban Bus,Urban,945,43.2,0,0,1
VECTO-URBAN,EU VECTO Urban Bus,Urban,946,46.8,-0.516666666666667,0,1
VECTO-URBAN,EU VECTO Urban Bus,Urban,947,50.4,-0.92,0,1
VECTO-URBAN,EU VECTO Urban Bus,Urban,948,51.5,-1.18940972222222,0,1
VECTO-URBAN,EU VECTO Urban Bus,Urban,949,51.5,-1.33638888888889,0,1
VECTO-URBAN,EU VECTO Urban Bus,Urban,950,53.2106691919191,-1.4,0,1
VECTO-URBAN,EU VECTO Urban Bus,Urban,951,56.8106691919191,-1.4,0,1
VECTO-URBAN,EU VECTO Urban Bus,Urban,952,59.4,-1.28788703002245,0,1
VECTO-URBAN,EU VECTO Urban Bus,Urban,953,59.4,-1.20538703002245,0,1
VECTO-URBAN,EU VECTO Urban Bus,Urban,954,59.4,-1.10360878752806,0,1
VECTO-URBAN,EU VECTO Urban Bus,Urban,955,59.4,-1.00139786969017,0,1
VECTO-URBAN,EU VECTO Urban Bus,Urban,956,59.4,-1.02639786969017,0,1
VECTO-URBAN,EU VECTO Urban Bus,Urban,957,59.4,-1.05139786969017,0,1
VECTO-URBAN,EU VECTO Urban Bus,Urban,958,59.4,-1.07639786969017,0,1
VECTO-URBAN,EU VECTO Urban Bus,Urban,959,59.4,-1.10576621247194,0,1
VECTO-URBAN,EU VECTO Urban Bus,Urban,960,59.4,-1.20711296997755,0,1
VECTO-URBAN,EU VECTO Urban Bus,Urban,961,59.4,-1.28961296997755,0,1
VECTO-URBAN,EU VECTO Urban Bus,Urban,962,59.4,-1.35769037598204,0,1
VECTO-URBAN,EU VECTO Urban Bus,Urban,963,59.4,-1.36882845265521,0,1
VECTO-URBAN,EU VECTO Urban Bus,Urban,964,59.4,-1.29022116001283,0,1
VECTO-URBAN,EU VECTO Urban Bus,Urban,965,59.4,-1.24307830286997,0,1
VECTO-URBAN,EU VECTO Urban Bus,Urban,966,59.4,-1.19877362586594,0,1
VECTO-URBAN,EU VECTO Urban Bus,Urban,967,59.4,-1.1845494879349,0,1
VECTO-URBAN,EU VECTO Urban Bus,Urban,968,59.4,-1.17032535000387,0,1
VECTO-URBAN,EU VECTO Urban Bus,Urban,969,59.4,-1.15610121207284,0,1
VECTO-URBAN,EU VECTO Urban Bus,Urban,970,59.4,-1.1418770741418,0,1
VECTO-URBAN,EU VECTO Urban Bus,Urban,971,59.4,-1.12765293621077,0,1
VECTO-URBAN,EU VECTO Urban Bus,Urban,972,59.4,-1.11342879827973,0,1
VECTO-URBAN,EU VECTO Urban Bus,Urban,973,59.4,-1.09290312311146,0,1
VECTO-URBAN,EU VECTO Urban Bus,Urban,974,59.4,-0.955774060044896,0,1
VECTO-URBAN,EU VECTO Urban Bus,Urban,975,59.4,-0.772534371492709,0,1
VECTO-URBAN,EU VECTO Urban Bus,Urban,976,59.4,-0.522534371492709,0,1
VECTO-URBAN,EU VECTO Urban Bus,Urban,977,59.4,-0.201290100074827,0,1
VECTO-URBAN,EU VECTO Urban Bus,Urban,978,59.4,0.0570432332585066,0,1
VECTO-URBAN,EU VECTO Urban Bus,Urban,979,59.4,0.36537656659184,0,1
VECTO-URBAN,EU VECTO Urban Bus,Urban,980,59.4,0.554225939955104,0,1
VECTO-URBAN,EU VECTO Urban Bus,Urban,981,59.4,0.719483959970069,0,1
VECTO-URBAN,EU VECTO Urban Bus,Urban,982,59.4,0.786598200013605,0,1
VECTO-URBAN,EU VECTO Urban Bus,Urban,983,59.4,0.736598200013605,0,1
VECTO-URBAN,EU VECTO Urban Bus,Urban,984,59.4,0.670516040029931,0,1
VECTO-URBAN,EU VECTO Urban Bus,Urban,985,59.4,0.534193400049884,0,1
VECTO-URBAN,EU VECTO Urban Bus,Urban,986,59.4,0.33974895560544,0,1
VECTO-URBAN,EU VECTO Urban Bus,Urban,987,59.4,0.0679567667414934,0,1
VECTO-URBAN,EU VECTO Urban Bus,Urban,988,54.72,-0.175451879910215,0,1
VECTO-URBAN,EU VECTO Urban Bus,Urban,989,50.04,-0.278709624017956,0,1
VECTO-URBAN,EU VECTO Urban Bus,Urban,990,45.36,-0.225709624017956,0,1
VECTO-URBAN,EU VECTO Urban Bus,Urban,991,40.68,-0.0895481200897848,0,1
VECTO-URBAN,EU VECTO Urban Bus,Urban,992,36,0.30575313318368,0,1
VECTO-URBAN,EU VECTO Urban Bus,Urban,993,31.32,0.726129699775538,0,1
VECTO-URBAN,EU VECTO Urban Bus,Urban,994,34.92,1.18612969977553,0,1
VECTO-URBAN,EU VECTO Urban Bus,Urban,995,30.24,1.63862969977554,0,1
VECTO-URBAN,EU VECTO Urban Bus,Urban,996,25.56,2.01306484988777,0,1
VECTO-URBAN,EU VECTO Urban Bus,Urban,997,20.88,2.19908646651702,0,1
VECTO-URBAN,EU VECTO Urban Bus,Urban,998,16.2,2.3,0,1
VECTO-URBAN,EU VECTO Urban Bus,Urban,999,11.52,2.3,0,1
VECTO-URBAN,EU VECTO Urban Bus,Urban,1000,6.83999999999998,2.3,0,1
VECTO-URBAN,EU VECTO Urban Bus,Urban,1001,2.15999999999998,2.3,0,1
VECTO-URBAN,EU VECTO Urban Bus,Urban,1002,0,2.3,1,1.1
VECTO-URBAN,EU VECTO Urban Bus,Urban,1003,0,2.3,1,1.1
VECTO-URBAN,EU VECTO Urban Bus,Urban,1004,0,2.3,1,1.1
VECTO-URBAN,EU VECTO Urban Bus,Urban,1005,0,2.3,1,1.1
VECTO-URBAN,EU VECTO Urban Bus,Urban,1006,0,2.3,1,1.1
VECTO-URBAN,EU VECTO Urban Bus,Urban,1007,0,2.3,1,1.1
VECTO-URBAN,EU VECTO Urban Bus,Urban,1008,0,2.3,1,1.1
VECTO-URBAN,EU VECTO Urban Bus,Urban,1009,0,2.3,1,1.1
VECTO-URBAN,EU VECTO Urban Bus,Urban,1010,0,2.3,1,1.1
VECTO-URBAN,EU VECTO Urban Bus,Urban,1011,0,2.3,0,1
VECTO-URBAN,EU VECTO Urban Bus,Urban,1012,3.6,2.3,0,1
VECTO-URBAN,EU VECTO Urban Bus,Urban,1013,7.2,2.28333333333333,0,1
VECTO-URBAN,EU VECTO Urban Bus,Urban,1014,10.8,2.24166666666667,0,1
VECTO-URBAN,EU VECTO Urban Bus,Urban,1015,14.4,2.18571428571429,0,1
VECTO-URBAN,EU VECTO Urban Bus,Urban,1016,18,2.12142857142857,0,1
VECTO-URBAN,EU VECTO Urban Bus,Urban,1017,21.6,1.975,0,1
VECTO-URBAN,EU VECTO Urban Bus,Urban,1018,25.2,1.775,0,1
VECTO-URBAN,EU VECTO Urban Bus,Urban,1019,28.8,1.45,0,1
VECTO-URBAN,EU VECTO Urban Bus,Urban,1020,32.4,1.0625,0,1
VECTO-URBAN,EU VECTO Urban Bus,Urban,1021,36,0.725,0,1
VECTO-URBAN,EU VECTO Urban Bus,Urban,1022,39.6,0.3625,0,1
VECTO-URBAN,EU VECTO Urban Bus,Urban,1023,43.2,0.128571428571429,0,1
VECTO-URBAN,EU VECTO Urban Bus,Urban,1024,44.2,-0.0020337301587298,0,1
VECTO-URBAN,EU VECTO Urban Bus,Urban,1025,44.2,-0.0239583333333323,0,1
VECTO-URBAN,EU VECTO Urban Bus,Urban,1026,44.2,-0.0458829365079347,0,1
VECTO-URBAN,EU VECTO Urban Bus,Urban,1027,44.2,-0.0678075396825372,0,1
VECTO-URBAN,EU VECTO Urban Bus,Urban,1028,44.2,-0.0897321428571396,0,1
VECTO-URBAN,EU VECTO Urban Bus,Urban,1029,44.2,-0.132638888888878,0,1
VECTO-URBAN,EU VECTO Urban Bus,Urban,1030,44.2,-0.194027777777765,0,1
VECTO-URBAN,EU VECTO Urban Bus,Urban,1031,44.2,-0.279166666666645,0,1
VECTO-URBAN,EU VECTO Urban Bus,Urban,1032,44.2,-0.385101010100979,0,1
VECTO-URBAN,EU VECTO Urban Bus,Urban,1033,44.2,-0.511706349206322,0,1
VECTO-URBAN,EU VECTO Urban Bus,Urban,1034,44.2,-0.599404761904732,0,1
VECTO-URBAN,EU VECTO Urban Bus,Urban,1035,44.2,-0.506196581196617,0,1
VECTO-URBAN,EU VECTO Urban Bus,Urban,1036,44.2,-0.338194444444571,0,1
VECTO-URBAN,EU VECTO Urban Bus,Urban,1037,39.52,0.154999999999745,0,1
VECTO-URBAN,EU VECTO Urban Bus,Urban,1038,34.84,0.821388888888623,0,1
VECTO-URBAN,EU VECTO Urban Bus,Urban,1039,30.16,1.64555555555498,0,1
VECTO-URBAN,EU VECTO Urban Bus,Urban,1040,25.48,2.4591666666664,0,1
VECTO-URBAN,EU VECTO Urban Bus,Urban,1041,20.8,3.18055555555529,0,1
VECTO-URBAN,EU VECTO Urban Bus,Urban,1042,16.12,3.77388888888836,0,1
VECTO-URBAN,EU VECTO Urban Bus,Urban,1043,11.44,4.15666666666611,0,1
VECTO-URBAN,EU VECTO Urban Bus,Urban,1044,6.76,4.40944444444385,0,1
VECTO-URBAN,EU VECTO Urban Bus,Urban,1045,2.08,4.53222222222166,0,1
VECTO-URBAN,EU VECTO Urban Bus,Urban,1046,5.68,4.63999999999942,0,1
VECTO-URBAN,EU VECTO Urban Bus,Urban,1047,0.999999999999997,4.7,0,1
VECTO-URBAN,EU VECTO Urban Bus,Urban,1048,0,4.7,1,1.1
VECTO-URBAN,EU VECTO Urban Bus,Urban,1049,0,4.7,1,1.1
VECTO-URBAN,EU VECTO Urban Bus,Urban,1050,0,4.7,1,1.1
VECTO-URBAN,EU VECTO Urban Bus,Urban,1051,0,4.7,1,1.1
VECTO-URBAN,EU VECTO Urban Bus,Urban,1052,0,4.7,1,1.1
VECTO-URBAN,EU VECTO Urban Bus,Urban,1053,0,4.7,1,1.1
VECTO-URBAN,EU VECTO Urban Bus,Urban,1054,0,4.7,1,1.1
VECTO-URBAN,EU VECTO Urban Bus,Urban,1055,0,4.7,1,1.1
VECTO-URBAN,EU VECTO Urban Bus,Urban,1056,0,4.7,1,1.1
VECTO-URBAN,EU VECTO Urban Bus,Urban,1057,0,4.7,1,1.1
VECTO-URBAN,EU VECTO Urban Bus,Urban,1058,0,4.7,1,1.1
VECTO-URBAN,EU VECTO Urban Bus,Urban,1059,0,4.7,1,1.1
VECTO-URBAN,EU VECTO Urban Bus,Urban,1060,0,4.7,1,1.1
VECTO-URBAN,EU VECTO Urban Bus,Urban,1061,0,4.7,1,1.1
VECTO-URBAN,EU VECTO Urban Bus,Urban,1062,0,4.7,1,1.1
VECTO-URBAN,EU VECTO Urban Bus,Urban,1063,0,4.7,1,1.1
VECTO-URBAN,EU VECTO Urban Bus,Urban,1064,0,4.7,1,1.1
VECTO-URBAN,EU VECTO Urban Bus,Urban,1065,0,4.7,1,1.1
VECTO-URBAN,EU VECTO Urban Bus,Urban,1066,0,4.7,1,1.1
VECTO-URBAN,EU VECTO Urban Bus,Urban,1067,0,4.7,1,1.1
VECTO-URBAN,EU VECTO Urban Bus,Urban,1068,0,4.7,1,1.1
VECTO-URBAN,EU VECTO Urban Bus,Urban,1069,0,4.7,1,1.1
VECTO-URBAN,EU VECTO Urban Bus,Urban,1070,0,4.7,1,1.1
VECTO-URBAN,EU VECTO Urban Bus,Urban,1071,0,4.7,1,1.1
VECTO-URBAN,EU VECTO Urban Bus,Urban,1072,0,4.7,1,1.1
VECTO-URBAN,EU VECTO Urban Bus,Urban,1073,0,4.7,1,1.1
VECTO-URBAN,EU VECTO Urban Bus,Urban,1074,0,4.7,1,1.1
VECTO-URBAN,EU VECTO Urban Bus,Urban,1075,0,4.7,1,1.1
VECTO-URBAN,EU VECTO Urban Bus,Urban,1076,0,4.7,1,1.1
VECTO-URBAN,EU VECTO Urban Bus,Urban,1077,0,4.7,1,1.1
VECTO-URBAN,EU VECTO Urban Bus,Urban,1078,0,4.7,1,1.1
VECTO-URBAN,EU VECTO Urban Bus,Urban,1079,0,4.7,1,1.1
VECTO-URBAN,EU VECTO Urban Bus,Urban,1080,0,4.7,1,1.1
VECTO-URBAN,EU VECTO Urban Bus,Urban,1081,0,4.7,0,1
VECTO-URBAN,EU VECTO Urban Bus,Urban,1082,3.6,4.7,0,1
VECTO-URBAN,EU VECTO Urban Bus,Urban,1083,7.2,4.9,0,1
VECTO-URBAN,EU VECTO Urban Bus,Urban,1084,10.8,5.05,0,1
VECTO-URBAN,EU VECTO Urban Bus,Urban,1085,14.4,5.3,0,1
VECTO-URBAN,EU VECTO Urban Bus,Urban,1086,18,5.55,0,1
VECTO-URBAN,EU VECTO Urban Bus,Urban,1087,21.6,5.73333333333333,0,1
VECTO-URBAN,EU VECTO Urban Bus,Urban,1088,25.2,5.7375,0,1
VECTO-URBAN,EU VECTO Urban Bus,Urban,1089,28.8,5.53333333333333,0,1
VECTO-URBAN,EU VECTO Urban Bus,Urban,1090,32.2,5.10555555555547,0,1
VECTO-URBAN,EU VECTO Urban Bus,Urban,1091,32.2,4.32916666666665,0,1
VECTO-URBAN,EU VECTO Urban Bus,Urban,1092,32.2,3.36388888888887,0,1
VECTO-URBAN,EU VECTO Urban Bus,Urban,1093,32.2,2.36944444444443,0,1
VECTO-URBAN,EU VECTO Urban Bus,Urban,1094,32.2,1.275,0,1
VECTO-URBAN,EU VECTO Urban Bus,Urban,1095,32.2,0.280555555555566,0,1
VECTO-URBAN,EU VECTO Urban Bus,Urban,1096,32.2,-0.656944444444434,0,1
VECTO-URBAN,EU VECTO Urban Bus,Urban,1097,32.2,-1.50416666666665,0,1
VECTO-URBAN,EU VECTO Urban Bus,Urban,1098,27.52,-2.11888888888889,0,1
VECTO-URBAN,EU VECTO Urban Bus,Urban,1099,31.12,-2.6761111111111,0,1
VECTO-URBAN,EU VECTO Urban Bus,Urban,1100,34.72,-3.09166666666665,0,1
VECTO-URBAN,EU VECTO Urban Bus,Urban,1101,35.5,-3.44731481481479,0,1
VECTO-URBAN,EU VECTO Urban Bus,Urban,1102,35.5,-3.6856111111111,0,1
VECTO-URBAN,EU VECTO Urban Bus,Urban,1103,35.5,-3.85236111111111,0,1
VECTO-URBAN,EU VECTO Urban Bus,Urban,1104,35.5,-3.98753472222222,0,1
VECTO-URBAN,EU VECTO Urban Bus,Urban,1105,35.5,-4.16439814814815,0,1
VECTO-URBAN,EU VECTO Urban Bus,Urban,1106,35.5,-4.34541666666667,0,1
VECTO-URBAN,EU VECTO Urban Bus,Urban,1107,30.82,-4.49893518518519,0,1
VECTO-URBAN,EU VECTO Urban Bus,Urban,1108,26.14,-4.59576388888889,0,1
VECTO-URBAN,EU VECTO Urban Bus,Urban,1109,21.46,-4.56270833333333,0,1
VECTO-URBAN,EU VECTO Urban Bus,Urban,1110,16.78,-4.53615277777777,0,1
VECTO-URBAN,EU VECTO Urban Bus,Urban,1111,12.1,-4.51609722222222,0,1
VECTO-URBAN,EU VECTO Urban Bus,Urban,1112,7.42,-4.50254166666667,0,1
VECTO-URBAN,EU VECTO Urban Bus,Urban,1113,2.74,-4.5,0,1
VECTO-URBAN,EU VECTO Urban Bus,Urban,1114,6.34,-4.5,0,1
VECTO-URBAN,EU VECTO Urban Bus,Urban,1115,1.66,-4.5,0,1
VECTO-URBAN,EU VECTO Urban Bus,Urban,1116,0,-4.5,1,1.1
VECTO-URBAN,EU VECTO Urban Bus,Urban,1117,0,-4.5,1,1.1
VECTO-URBAN,EU VECTO Urban Bus,Urban,1118,0,-4.5,1,1.1
VECTO-URBAN,EU VECTO Urban Bus,Urban,1119,0,-4.5,1,1.1
VECTO-URBAN,EU VECTO Urban Bus,Urban,1120,0,-4.5,1,1.1
VECTO-URBAN,EU VECTO Urban Bus,Urban,1121,0,-4.5,1,1.1
VECTO-URBAN,EU VECTO Urban Bus,Urban,1122,0,-4.5,1,1.1
VECTO-URBAN,EU VECTO Urban Bus,Urban,1123,0,-4.5,1,1.1
VECTO-URBAN,EU VECTO Urban Bus,Urban,1124,0,-4.5,1,1.1
VECTO-URBAN,EU VECTO Urban Bus,Urban,1125,0,-4.5,1,1.1
VECTO-URBAN,EU VECTO Urban Bus,Urban,1126,0,-4.5,0,1
VECTO-URBAN,EU VECTO Urban Bus,Urban,1127,3.6,-4.5,0,1
VECTO-URBAN,EU VECTO Urban Bus,Urban,1128,7.2,-4.4,0,1
VECTO-URBAN,EU VECTO Urban Bus,Urban,1129,10.8,-4.35,0,1
VECTO-URBAN,EU VECTO Urban Bus,Urban,1130,14.4,-4.275,0,1
VECTO-URBAN,EU VECTO Urban Bus,Urban,1131,18,-4.15,0,1
VECTO-URBAN,EU VECTO Urban Bus,Urban,1132,21.6,-3.93333333333333,0,1
VECTO-URBAN,EU VECTO Urban Bus,Urban,1133,25.2,-3.675,0,1
VECTO-URBAN,EU VECTO Urban Bus,Urban,1134,28.8,-3.36666666666667,0,1
VECTO-URBAN,EU VECTO Urban Bus,Urban,1135,32.4,-3.025,0,1
VECTO-URBAN,EU VECTO Urban Bus,Urban,1136,36,-2.725,0,1
VECTO-URBAN,EU VECTO Urban Bus,Urban,1137,38.4,-2.49583333333334,0,1
VECTO-URBAN,EU VECTO Urban Bus,Urban,1138,38.4,-2.41111111111111,0,1
VECTO-URBAN,EU VECTO Urban Bus,Urban,1139,38.4,-2.45061728395062,0,1
VECTO-URBAN,EU VECTO Urban Bus,Urban,1140,38.4,-2.49012345679013,0,1
VECTO-URBAN,EU VECTO Urban Bus,Urban,1141,38.4,-2.46923076923077,0,1
VECTO-URBAN,EU VECTO Urban Bus,Urban,1142,38.4,-2.42820512820512,0,1
VECTO-URBAN,EU VECTO Urban Bus,Urban,1143,38.4,-2.36969696969696,0,1
VECTO-URBAN,EU VECTO Urban Bus,Urban,1144,33.72,-2.29416666666665,0,1
VECTO-URBAN,EU VECTO Urban Bus,Urban,1145,32.3,-2.1497222222222,0,1
VECTO-URBAN,EU VECTO Urban Bus,Urban,1146,32.3,-2.02154761904759,0,1
VECTO-URBAN,EU VECTO Urban Bus,Urban,1147,32.3,-1.89484567901232,0,1
VECTO-URBAN,EU VECTO Urban Bus,Urban,1148,32.3,-1.79664529914528,0,1
VECTO-URBAN,EU VECTO Urban Bus,Urban,1149,32.3,-1.72762820512818,0,1
VECTO-URBAN,EU VECTO Urban Bus,Urban,1150,32.3,-1.68748708010335,0,1
VECTO-URBAN,EU VECTO Urban Bus,Urban,1151,32.3,-1.66662144702841,0,1
VECTO-URBAN,EU VECTO Urban Bus,Urban,1152,32.3,-1.64575581395348,0,1
VECTO-URBAN,EU VECTO Urban Bus,Urban,1153,32.3,-1.62489018087854,0,1
VECTO-URBAN,EU VECTO Urban Bus,Urban,1154,32.3,-1.60402454780361,0,1
VECTO-URBAN,EU VECTO Urban Bus,Urban,1155,31.6533333333209,-1.51060185185181,0,1
VECTO-URBAN,EU VECTO Urban Bus,Urban,1156,35.2533333333209,-1.4,0,1
VECTO-URBAN,EU VECTO Urban Bus,Urban,1157,38.8533333333209,-1.10657407407416,0,1
VECTO-URBAN,EU VECTO Urban Bus,Urban,1158,39.9,-0.846500000000106,0,1
VECTO-URBAN,EU VECTO Urban Bus,Urban,1159,39.9,-0.564833333333445,0,1
VECTO-URBAN,EU VECTO Urban Bus,Urban,1160,39.9,-0.352638888888987,0,1
VECTO-URBAN,EU VECTO Urban Bus,Urban,1161,39.9,-0.325564516129012,0,1
VECTO-URBAN,EU VECTO Urban Bus,Urban,1162,39.9,-0.361317204301054,0,1
VECTO-URBAN,EU VECTO Urban Bus,Urban,1163,39.9,-0.397069892473096,0,1
VECTO-URBAN,EU VECTO Urban Bus,Urban,1164,39.9,-0.559642857142756,0,1
VECTO-URBAN,EU VECTO Urban Bus,Urban,1165,39.9,-0.785166666666519,0,1
VECTO-URBAN,EU VECTO Urban Bus,Urban,1166,39.9,-1.06708333333295,0,1
VECTO-URBAN,EU VECTO Urban Bus,Urban,1167,39.9,-1.32849999999984,0,1
VECTO-URBAN,EU VECTO Urban Bus,Urban,1168,39.9,-1.5701666666665,0,1
VECTO-URBAN,EU VECTO Urban Bus,Urban,1169,39.9,-1.7931944444443,0,1
VECTO-URBAN,EU VECTO Urban Bus,Urban,1170,39.9,-1.92826923076916,0,1
VECTO-URBAN,EU VECTO Urban Bus,Urban,1171,39.9,-1.99323717948722,0,1
VECTO-URBAN,EU VECTO Urban Bus,Urban,1172,39.9,-1.95060897435901,0,1
VECTO-URBAN,EU VECTO Urban Bus,Urban,1173,39.9,-1.90798076923081,0,1
VECTO-URBAN,EU VECTO Urban Bus,Urban,1174,39.9,-1.80991666666677,0,1
VECTO-URBAN,EU VECTO Urban Bus,Urban,1175,39.9,-1.66513888888906,0,1
VECTO-URBAN,EU VECTO Urban Bus,Urban,1176,39.9,-1.42062500000027,0,1
VECTO-URBAN,EU VECTO Urban Bus,Urban,1177,39.9,-1.01854166666694,0,1
VECTO-URBAN,EU VECTO Urban Bus,Urban,1178,35.22,-0.361666666668862,0,1
VECTO-URBAN,EU VECTO Urban Bus,Urban,1179,30.54,0.28249999999889,0,1
VECTO-URBAN,EU VECTO Urban Bus,Urban,1180,25.86,0.882916666666097,0,1
VECTO-URBAN,EU VECTO Urban Bus,Urban,1181,21.18,1.51916666666557,0,1
VECTO-URBAN,EU VECTO Urban Bus,Urban,1182,16.5,1.94249999999893,0,1
VECTO-URBAN,EU VECTO Urban Bus,Urban,1183,11.82,2.33583333333227,0,1
VECTO-URBAN,EU VECTO Urban Bus,Urban,1184,15.42,2.60708333333282,0,1
VECTO-URBAN,EU VECTO Urban Bus,Urban,1185,10.74,2.8,0,1
VECTO-URBAN,EU VECTO Urban Bus,Urban,1186,6.05999999999999,2.8,0,1
VECTO-URBAN,EU VECTO Urban Bus,Urban,1187,1.37999999999999,2.8,0,1
VECTO-URBAN,EU VECTO Urban Bus,Urban,1188,0,2.8,1,1.1
VECTO-URBAN,EU VECTO Urban Bus,Urban,1189,0,2.8,1,1.1
VECTO-URBAN,EU VECTO Urban Bus,Urban,1190,0,2.8,1,1.1
VECTO-URBAN,EU VECTO Urban Bus,Urban,1191,0,2.8,1,1.1
VECTO-URBAN,EU VECTO Urban Bus,Urban,1192,0,2.8,1,1.1
VECTO-URBAN,EU VECTO Urban Bus,Urban,1193,0,2.8,1,1.1
VECTO-URBAN,EU VECTO Urban Bus,Urban,1194,0,2.8,1,1.1
VECTO-URBAN,EU VECTO Urban Bus,Urban,1195,0,2.8,1,1.1
VECTO-URBAN,EU VECTO Urban Bus,Urban,1196,0,2.8,1,1.1
VECTO-URBAN,EU VECTO Urban Bus,Urban,1197,0,2.8,1,1.1
VECTO-URBAN,EU VECTO Urban Bus,Urban,1198,0,2.8,1,1.1
VECTO-URBAN,EU VECTO Urban Bus,Urban,1199,0,2.8,1,1.1
VECTO-URBAN,EU VECTO Urban Bus,Urban,1200,0,2.8,1,1.1
VECTO-URBAN,EU VECTO Urban Bus,Urban,1201,0,2.8,1,1.1
VECTO-URBAN,EU VECTO Urban Bus,Urban,1202,0,2.8,1,1.1
VECTO-URBAN,EU VECTO Urban Bus,Urban,1203,0,2.8,1,1.1
VECTO-URBAN,EU VECTO Urban Bus,Urban,1204,0,2.8,1,1.1
VECTO-URBAN,EU VECTO Urban Bus,Urban,1205,0,2.8,1,1.1
VECTO-URBAN,EU VECTO Urban Bus,Urban,1206,0,2.8,1,1.1
VECTO-URBAN,EU VECTO Urban Bus,Urban,1207,0,2.8,1,1.1
VECTO-URBAN,EU VECTO Urban Bus,Urban,1208,0,2.8,1,1.1
VECTO-URBAN,EU VECTO Urban Bus,Urban,1209,0,2.8,0,1
VECTO-URBAN,EU VECTO Urban Bus,Urban,1210,3.6,2.8,0,1
VECTO-URBAN,EU VECTO Urban Bus,Urban,1211,7.2,3,0,1
VECTO-URBAN,EU VECTO Urban Bus,Urban,1212,10.8,3.15,0,1
VECTO-URBAN,EU VECTO Urban Bus,Urban,1213,14.4,3.3,0,1
VECTO-URBAN,EU VECTO Urban Bus,Urban,1214,18,3.4375,0,1
VECTO-URBAN,EU VECTO Urban Bus,Urban,1215,21.6,3.47,0,1
VECTO-URBAN,EU VECTO Urban Bus,Urban,1216,25.2,3.405,0,1
VECTO-URBAN,EU VECTO Urban Bus,Urban,1217,28.8,3.2,0,1
VECTO-URBAN,EU VECTO Urban Bus,Urban,1218,32.4,2.825,0,1
VECTO-URBAN,EU VECTO Urban Bus,Urban,1219,36,2.3,0,1
VECTO-URBAN,EU VECTO Urban Bus,Urban,1220,39.6,1.55,0,1
VECTO-URBAN,EU VECTO Urban Bus,Urban,1221,43.2,1,0,1
VECTO-URBAN,EU VECTO Urban Bus,Urban,1222,46.8,0.525,0,1
VECTO-URBAN,EU VECTO Urban Bus,Urban,1223,50,0.267283950617285,0,1
VECTO-URBAN,EU VECTO Urban Bus,Urban,1224,50,0.169871794871796,0,1
VECTO-URBAN,EU VECTO Urban Bus,Urban,1225,50,0.116452991452993,0,1
VECTO-URBAN,EU VECTO Urban Bus,Urban,1226,50,0.0542328042328076,0,1
VECTO-URBAN,EU VECTO Urban Bus,Urban,1227,50,-0.0249999999999909,0,1
VECTO-URBAN,EU VECTO Urban Bus,Urban,1228,50,-0.170987654320975,0,1
VECTO-URBAN,EU VECTO Urban Bus,Urban,1229,50,-0.340972222222206,0,1
VECTO-URBAN,EU VECTO Urban Bus,Urban,1230,50,-0.503333333333303,0,1
VECTO-URBAN,EU VECTO Urban Bus,Urban,1231,50,-0.711728395061709,0,1
VECTO-URBAN,EU VECTO Urban Bus,Urban,1232,50,-0.859444444444425,0,1
VECTO-URBAN,EU VECTO Urban Bus,Urban,1233,53.6,-0.966666666666647,0,1
VECTO-URBAN,EU VECTO Urban Bus,Urban,1234,56.8,-1.01535087719298,0,1
VECTO-URBAN,EU VECTO Urban Bus,Urban,1235,56.8,-1.03611111111111,0,1
VECTO-URBAN,EU VECTO Urban Bus,Urban,1236,56.8,-1.05687134502924,0,1
VECTO-URBAN,EU VECTO Urban Bus,Urban,1237,56.8,-1.07763157894736,0,1
VECTO-URBAN,EU VECTO Urban Bus,Urban,1238,56.8,-1.09839181286549,0,1
VECTO-URBAN,EU VECTO Urban Bus,Urban,1239,60.4,-1.1,0,1
VECTO-URBAN,EU VECTO Urban Bus,Urban,1240,64,-1.1,0,1
VECTO-URBAN,EU VECTO Urban Bus,Urban,1241,67.6,-0.983156966490308,0,1
VECTO-URBAN,EU VECTO Urban Bus,Urban,1242,68.1,-0.953240740740748,0,1
VECTO-URBAN,EU VECTO Urban Bus,Urban,1243,68.1,-0.923214285714293,0,1
VECTO-URBAN,EU VECTO Urban Bus,Urban,1244,68.1,-0.884104938271621,0,1
VECTO-URBAN,EU VECTO Urban Bus,Urban,1245,68.1,-0.814043209876558,0,1
VECTO-URBAN,EU VECTO Urban Bus,Urban,1246,68.1,-0.731250000000017,0,1
VECTO-URBAN,EU VECTO Urban Bus,Urban,1247,68.1,-0.642658730158746,0,1
VECTO-URBAN,EU VECTO Urban Bus,Urban,1248,68.1,-0.533611111111131,0,1
VECTO-URBAN,EU VECTO Urban Bus,Urban,1249,68.1,-0.426973684210541,0,1
VECTO-URBAN,EU VECTO Urban Bus,Urban,1250,68.1,-0.327412280701767,0,1
VECTO-URBAN,EU VECTO Urban Bus,Urban,1251,68.1,-0.227850877192994,0,1
VECTO-URBAN,EU VECTO Urban Bus,Urban,1252,68.1,-0.213903061224488,0,1
VECTO-URBAN,EU VECTO Urban Bus,Urban,1253,68.1,-0.233205782312924,0,1
VECTO-URBAN,EU VECTO Urban Bus,Urban,1254,68.1,-0.252508503401359,0,1
VECTO-URBAN,EU VECTO Urban Bus,Urban,1255,68.1,-0.271811224489795,0,1
VECTO-URBAN,EU VECTO Urban Bus,Urban,1256,68.1,-0.291113945578231,0,1
VECTO-URBAN,EU VECTO Urban Bus,Urban,1257,68.1,-0.308038057742782,0,1
VECTO-URBAN,EU VECTO Urban Bus,Urban,1258,68.1,-0.322933070866142,0,1
VECTO-URBAN,EU VECTO Urban Bus,Urban,1259,68.1,-0.337828083989502,0,1
VECTO-URBAN,EU VECTO Urban Bus,Urban,1260,68.1,-0.352723097112861,0,1
VECTO-URBAN,EU VECTO Urban Bus,Urban,1261,68.1,-0.367618110236221,0,1
VECTO-URBAN,EU VECTO Urban Bus,Urban,1262,68.1,-0.382513123359581,0,1
VECTO-URBAN,EU VECTO Urban Bus,Urban,1263,68.1,-0.397408136482941,0,1
VECTO-URBAN,EU VECTO Urban Bus,Urban,1264,68.1,-0.471022727272736,0,1
VECTO-URBAN,EU VECTO Urban Bus,Urban,1265,68.1,-0.569675925925938,0,1
VECTO-URBAN,EU VECTO Urban Bus,Urban,1266,68.1,-0.578293010752684,0,1
VECTO-URBAN,EU VECTO Urban Bus,Urban,1267,68.1,-0.547782258064512,0,1
VECTO-URBAN,EU VECTO Urban Bus,Urban,1268,68.1,-0.517271505376339,0,1
VECTO-URBAN,EU VECTO Urban Bus,Urban,1269,68.1,-0.417916666666633,0,1
VECTO-URBAN,EU VECTO Urban Bus,Urban,1270,68.1,-0.188749999999964,0,1
VECTO-URBAN,EU VECTO Urban Bus,Urban,1271,68.1,0.0577380952381515,0,1
VECTO-URBAN,EU VECTO Urban Bus,Urban,1272,68.1,0.277314814814862,0,1
VECTO-URBAN,EU VECTO Urban Bus,Urban,1273,68.1,0.384274193548372,0,1
VECTO-URBAN,EU VECTO Urban Bus,Urban,1274,68.1,0.323252688172027,0,1
VECTO-URBAN,EU VECTO Urban Bus,Urban,1275,68.1,0.191145833333269,0,1
VECTO-URBAN,EU VECTO Urban Bus,Urban,1276,68.1,-0.132500000000109,0,1
VECTO-URBAN,EU VECTO Urban Bus,Urban,1277,63.42,-0.497833333333438,0,1
VECTO-URBAN,EU VECTO Urban Bus,Urban,1278,58.74,-0.777166666666762,0,1
VECTO-URBAN,EU VECTO Urban Bus,Urban,1279,54.06,-0.994062500000064,0,1
VECTO-URBAN,EU VECTO Urban Bus,Urban,1280,49.38,-1.12779761904766,0,1
VECTO-URBAN,EU VECTO Urban Bus,Urban,1281,44.7,-1.1946212121212,0,1
VECTO-URBAN,EU VECTO Urban Bus,Urban,1282,44.6,-1.1720707070707,0,1
VECTO-URBAN,EU VECTO Urban Bus,Urban,1283,44.6,-1.14954545454545,0,1
VECTO-URBAN,EU VECTO Urban Bus,Urban,1284,44.6,-1.12702020202019,0,1
VECTO-URBAN,EU VECTO Urban Bus,Urban,1285,44.6,-1.10449494949494,0,1
VECTO-URBAN,EU VECTO Urban Bus,Urban,1286,44.6,-1.02916666666664,0,1
VECTO-URBAN,EU VECTO Urban Bus,Urban,1287,44.6,-0.881349206349153,0,1
VECTO-URBAN,EU VECTO Urban Bus,Urban,1288,44.6,-0.64611111111104,0,1
VECTO-URBAN,EU VECTO Urban Bus,Urban,1289,44.6,-0.363888888888778,0,1
VECTO-URBAN,EU VECTO Urban Bus,Urban,1290,44.6,-0.0131944444443661,0,1
VECTO-URBAN,EU VECTO Urban Bus,Urban,1291,44.6,0.421527777777851,0,1
VECTO-URBAN,EU VECTO Urban Bus,Urban,1292,44.6,0.812500000000136,0,1
VECTO-URBAN,EU VECTO Urban Bus,Urban,1293,44.6,1.33194444444457,0,1
VECTO-URBAN,EU VECTO Urban Bus,Urban,1294,39.92,1.81888888888902,0,1
VECTO-URBAN,EU VECTO Urban Bus,Urban,1295,35.24,2.29083333333347,0,1
VECTO-URBAN,EU VECTO Urban Bus,Urban,1296,30.56,2.8477777777779,0,1
VECTO-URBAN,EU VECTO Urban Bus,Urban,1297,25.88,3.23972222222233,0,1
VECTO-URBAN,EU VECTO Urban Bus,Urban,1298,29.48,3.71611111111118,0,1
VECTO-URBAN,EU VECTO Urban Bus,Urban,1299,24.8,4.10111111111123,0,1
VECTO-URBAN,EU VECTO Urban Bus,Urban,1300,20.12,4.34203703703712,0,1
VECTO-URBAN,EU VECTO Urban Bus,Urban,1301,15.44,4.4,0,1
VECTO-URBAN,EU VECTO Urban Bus,Urban,1302,10.76,4.4,0,1
VECTO-URBAN,EU VECTO Urban Bus,Urban,1303,6.07999999999999,4.4,0,1
VECTO-URBAN,EU VECTO Urban Bus,Urban,1304,1.39999999999999,4.4,0,1
VECTO-URBAN,EU VECTO Urban Bus,Urban,1305,0,4.4,1,1.1
VECTO-URBAN,EU VECTO Urban Bus,Urban,1306,0,4.4,1,1.1
VECTO-URBAN,EU VECTO Urban Bus,Urban,1307,0,4.4,1,1.1
VECTO-URBAN,EU VECTO Urban Bus,Urban,1308,0,4.4,1,1.1
VECTO-URBAN,EU VECTO Urban Bus,Urban,1309,0,4.4,1,1.1
VECTO-URBAN,EU VECTO Urban Bus,Urban,1310,0,4.4,1,1.1
VECTO-URBAN,EU VECTO Urban Bus,Urban,1311,0,4.4,1,1.1
VECTO-URBAN,EU VECTO Urban Bus,Urban,1312,0,4.4,1,1.1
VECTO-URBAN,EU VECTO Urban Bus,Urban,1313,0,4.4,1,1.1
VECTO-URBAN,EU VECTO Urban Bus,Urban,1314,0,4.4,1,1.1
VECTO-URBAN,EU VECTO Urban Bus,Urban,1315,0,4.4,1,1.1
VECTO-URBAN,EU VECTO Urban Bus,Urban,1316,0,4.4,1,1.1
VECTO-URBAN,EU VECTO Urban Bus,Urban,1317,0,4.4,1,1.1
VECTO-URBAN,EU VECTO Urban Bus,Urban,1318,0,4.4,1,1.1
VECTO-URBAN,EU VECTO Urban Bus,Urban,1319,0,4.4,1,1.1
VECTO-URBAN,EU VECTO Urban Bus,Urban,1320,0,4.4,1,1.1
VECTO-URBAN,EU VECTO Urban Bus,Urban,1321,0,4.4,1,1.1
VECTO-URBAN,EU VECTO Urban Bus,Urban,1322,0,4.4,1,1.1
VECTO-URBAN,EU VECTO Urban Bus,Urban,1323,0,4.4,1,1.1
VECTO-URBAN,EU VECTO Urban Bus,Urban,1324,0,4.4,1,1.1
VECTO-URBAN,EU VECTO Urban Bus,Urban,1325,0,4.4,1,1.1
VECTO-URBAN,EU VECTO Urban Bus,Urban,1326,0,4.4,1,1.1
VECTO-URBAN,EU VECTO Urban Bus,Urban,1327,0,4.4,1,1.1
VECTO-URBAN,EU VECTO Urban Bus,Urban,1328,0,4.4,1,1.1
VECTO-URBAN,EU VECTO Urban Bus,Urban,1329,0,4.4,1,1.1
VECTO-URBAN,EU VECTO Urban Bus,Urban,1330,0,4.4,1,1.1
VECTO-URBAN,EU VECTO Urban Bus,Urban,1331,0,4.4,1,1.1
VECTO-URBAN,EU VECTO Urban Bus,Urban,1332,0,4.4,1,1.1
VECTO-URBAN,EU VECTO Urban Bus,Urban,1333,0,4.4,1,1.1
VECTO-URBAN,EU VECTO Urban Bus,Urban,1334,0,4.4,1,1.1
VECTO-URBAN,EU VECTO Urban Bus,Urban,1335,0,4.4,1,1.1
VECTO-URBAN,EU VECTO Urban Bus,Urban,1336,0,4.4,1,1.1
VECTO-URBAN,EU VECTO Urban Bus,Urban,1337,0,4.4,1,1.1
VECTO-URBAN,EU VECTO Urban Bus,Urban,1338,0,4.4,1,1.1
VECTO-URBAN,EU VECTO Urban Bus,Urban,1339,0,4.4,1,1.1
VECTO-URBAN,EU VECTO Urban Bus,Urban,1340,0,4.4,1,1.1
VECTO-URBAN,EU VECTO Urban Bus,Urban,1341,0,4.4,1,1.1
VECTO-URBAN,EU VECTO Urban Bus,Urban,1342,0,4.4,1,1.1
VECTO-URBAN,EU VECTO Urban Bus,Urban,1343,0,4.4,1,1.1
VECTO-URBAN,EU VECTO Urban Bus,Urban,1344,0,4.4,1,1.1
VECTO-URBAN,EU VECTO Urban Bus,Urban,1345,0,4.4,1,1.1
VECTO-URBAN,EU VECTO Urban Bus,Urban,1346,0,4.4,1,1.1
VECTO-URBAN,EU VECTO Urban Bus,Urban,1347,0,4.4,1,1.1
VECTO-URBAN,EU VECTO Urban Bus,Urban,1348,0,4.4,1,1.1
VECTO-URBAN,EU VECTO Urban Bus,Urban,1349,0,4.4,1,1.1
VECTO-URBAN,EU VECTO Urban Bus,Urban,1350,0,4.4,1,1.1
VECTO-URBAN,EU VECTO Urban Bus,Urban,1351,0,4.4,1,1.1
VECTO-URBAN,EU VECTO Urban Bus,Urban,1352,0,4.4,1,1.1
VECTO-URBAN,EU VECTO Urban Bus,Urban,1353,0,4.4,1,1.1
VECTO-URBAN,EU VECTO Urban Bus,Urban,1354,0,4.4,1,1.1
VECTO-URBAN,EU VECTO Urban Bus,Urban,1355,0,4.4,1,1.1
VECTO-URBAN,EU VECTO Urban Bus,Urban,1356,0,4.4,1,1.1
VECTO-URBAN,EU VECTO Urban Bus,Urban,1357,0,4.4,0,1
VECTO-URBAN,EU VECTO Urban Bus,Urban,1358,3.6,4.4,0,1
VECTO-URBAN,EU VECTO Urban Bus,Urban,1359,7.2,4.4,0,1
VECTO-URBAN,EU VECTO Urban Bus,Urban,1360,10.8,4.4,0,1
VECTO-URBAN,EU VECTO Urban Bus,Urban,1361,14.4,4.4,0,1
VECTO-URBAN,EU VECTO Urban Bus,Urban,1362,18,4.3875,0,1
VECTO-URBAN,EU VECTO Urban Bus,Urban,1363,21.6,4.23333333333333,0,1
VECTO-URBAN,EU VECTO Urban Bus,Urban,1364,25.2,3.975,0,1
VECTO-URBAN,EU VECTO Urban Bus,Urban,1365,28.8,3.5,0,1
VECTO-URBAN,EU VECTO Urban Bus,Urban,1366,32.4,2.95,0,1
VECTO-URBAN,EU VECTO Urban Bus,Urban,1367,36,2.2,0,1
VECTO-URBAN,EU VECTO Urban Bus,Urban,1368,39.6,1.55,0,1
VECTO-URBAN,EU VECTO Urban Bus,Urban,1369,43.2,1.05,0,1
VECTO-URBAN,EU VECTO Urban Bus,Urban,1370,43.4,0.749652777777783,0,1
VECTO-URBAN,EU VECTO Urban Bus,Urban,1371,43.4,0.744907407407406,0,1
VECTO-URBAN,EU VECTO Urban Bus,Urban,1372,43.4,0.819444444444443,0,1
VECTO-URBAN,EU VECTO Urban Bus,Urban,1373,43.4,0.931944444444443,0,1
VECTO-URBAN,EU VECTO Urban Bus,Urban,1374,43.4,1.0375,0,1
VECTO-URBAN,EU VECTO Urban Bus,Urban,1375,43.4,1.09231266149871,0,1
VECTO-URBAN,EU VECTO Urban Bus,Urban,1376,43.4,1.06427648578811,0,1
VECTO-URBAN,EU VECTO Urban Bus,Urban,1377,43.4,1.03624031007752,0,1
VECTO-URBAN,EU VECTO Urban Bus,Urban,1378,43.4,1.00820413436692,0,1
VECTO-URBAN,EU VECTO Urban Bus,Urban,1379,43.4,0.939087301587298,0,1
VECTO-URBAN,EU VECTO Urban Bus,Urban,1380,43.4,0.805952380952372,0,1
VECTO-URBAN,EU VECTO Urban Bus,Urban,1381,43.4,0.667222222222208,0,1
VECTO-URBAN,EU VECTO Urban Bus,Urban,1382,43.4,0.457638888888869,0,1
VECTO-URBAN,EU VECTO Urban Bus,Urban,1383,39.4,0.290277777777737,0,1
VECTO-URBAN,EU VECTO Urban Bus,Urban,1384,39.4,-0.00347222222223991,0,1
VECTO-URBAN,EU VECTO Urban Bus,Urban,1385,39.4,-0.244047619047628,0,1
VECTO-URBAN,EU VECTO Urban Bus,Urban,1386,39.4,-0.450462962962971,0,1
VECTO-URBAN,EU VECTO Urban Bus,Urban,1387,39.4,-0.662152777777783,0,1
VECTO-URBAN,EU VECTO Urban Bus,Urban,1388,35.2088235294116,-0.7,0,1
VECTO-URBAN,EU VECTO Urban Bus,Urban,1389,30.7613235294121,-0.7,0,1
VECTO-URBAN,EU VECTO Urban Bus,Urban,1390,34.3613235294121,-0.649401552287574,0,1
VECTO-URBAN,EU VECTO Urban Bus,Urban,1391,35.8,-0.510192577030804,0,1
VECTO-URBAN,EU VECTO Urban Bus,Urban,1392,35.8,-0.258967864923731,0,1
VECTO-URBAN,EU VECTO Urban Bus,Urban,1393,35.8,0.108770424836621,0,1
VECTO-URBAN,EU VECTO Urban Bus,Urban,1394,35.8,0.505992647058838,0,1
VECTO-URBAN,EU VECTO Urban Bus,Urban,1395,35.8,1.10321486928106,0,1
VECTO-URBAN,EU VECTO Urban Bus,Urban,1396,35.8,1.70043709150327,0,1
VECTO-URBAN,EU VECTO Urban Bus,Urban,1397,35.8,2.29765931372549,0,1
VECTO-URBAN,EU VECTO Urban Bus,Urban,1398,35.8,2.84488153594771,0,1
VECTO-URBAN,EU VECTO Urban Bus,Urban,1399,35.8,3.39210375816992,0,1
VECTO-URBAN,EU VECTO Urban Bus,Urban,1400,35.8,3.79288398692809,0,1
VECTO-URBAN,EU VECTO Urban Bus,Urban,1401,34.9227281297138,3.99531445586946,0,1
VECTO-URBAN,EU VECTO Urban Bus,Urban,1402,30.2427281297138,3.92569324191708,0,1
VECTO-URBAN,EU VECTO Urban Bus,Urban,1403,33.8,3.80890596195743,0,1
VECTO-URBAN,EU VECTO Urban Bus,Urban,1404,33.8,3.50282046044913,0,1
VECTO-URBAN,EU VECTO Urban Bus,Urban,1405,33.8,3.1333760160047,0,1
VECTO-URBAN,EU VECTO Urban Bus,Urban,1406,33.8,2.73196578578013,0,1
VECTO-URBAN,EU VECTO Urban Bus,Urban,1407,33.8,2.24448712711583,0,1
VECTO-URBAN,EU VECTO Urban Bus,Urban,1408,33.8,1.85008536534278,0,1
VECTO-URBAN,EU VECTO Urban Bus,Urban,1409,33.8,1.47779911911348,0,1
VECTO-URBAN,EU VECTO Urban Bus,Urban,1410,33.8,1.13615379378252,0,1
VECTO-URBAN,EU VECTO Urban Bus,Urban,1411,33.8,0.744472899558726,0,1
VECTO-URBAN,EU VECTO Urban Bus,Urban,1412,29.12,0.359529809787273,0,1
VECTO-URBAN,EU VECTO Urban Bus,Urban,1413,24.44,-0.042179539550807,0,1
VECTO-URBAN,EU VECTO Urban Bus,Urban,1414,28.04,-0.456623983995269,0,1
VECTO-URBAN,EU VECTO Urban Bus,Urban,1415,23.36,-0.813568428439703,0,1
VECTO-URBAN,EU VECTO Urban Bus,Urban,1416,18.68,-1.10551287288413,0,1
VECTO-URBAN,EU VECTO Urban Bus,Urban,1417,14,-1.3,0,1
VECTO-URBAN,EU VECTO Urban Bus,Urban,1418,9.32,-1.3,0,1
VECTO-URBAN,EU VECTO Urban Bus,Urban,1419,4.64,-1.3,0,1
VECTO-URBAN,EU VECTO Urban Bus,Urban,1420,0,-1.3,1,1.1
VECTO-URBAN,EU VECTO Urban Bus,Urban,1421,0,-1.3,1,1.1
VECTO-URBAN,EU VECTO Urban Bus,Urban,1422,0,-1.3,1,1.1
VECTO-URBAN,EU VECTO Urban Bus,Urban,1423,0,-1.3,1,1.1
VECTO-URBAN,EU VECTO Urban Bus,Urban,1424,0,-1.3,1,1.1
VECTO-URBAN,EU VECTO Urban Bus,Urban,1425,0,-1.3,1,1.1
VECTO-URBAN,EU VECTO Urban Bus,Urban,1426,0,-1.3,1,1.1
VECTO-URBAN,EU VECTO Urban Bus,Urban,1427,0,-1.3,1,1.1
VECTO-URBAN,EU VECTO Urban Bus,Urban,1428,0,-1.3,1,1.1
VECTO-URBAN,EU VECTO Urban Bus,Urban,1429,0,-1.3,1,1.1
VECTO-URBAN,EU VECTO Urban Bus,Urban,1430,0,-1.3,1,1.1
VECTO-URBAN,EU VECTO Urban Bus,Urban,1431,0,-1.3,1,1.1
VECTO-URBAN,EU VECTO Urban Bus,Urban,1432,0,-1.3,1,1.1
VECTO-URBAN,EU VECTO Urban Bus,Urban,1433,0,-1.3,1,1.1
VECTO-URBAN,EU VECTO Urban Bus,Urban,1434,0,-1.3,1,1.1
VECTO-URBAN,EU VECTO Urban Bus,Urban,1435,0,-1.3,1,1.1
VECTO-URBAN,EU VECTO Urban Bus,Urban,1436,0,-1.3,1,1.1
VECTO-URBAN,EU VECTO Urban Bus,Urban,1437,0,-1.3,1,1.1
VECTO-URBAN,EU VECTO Urban Bus,Urban,1438,0,-1.3,1,1.1
VECTO-URBAN,EU VECTO Urban Bus,Urban,1439,0,-1.3,1,1.1
VECTO-URBAN,EU VECTO Urban Bus,Urban,1440,0,-1.3,1,1.1
VECTO-URBAN,EU VECTO Urban Bus,Urban,1441,0,-1.3,1,1.1
VECTO-URBAN,EU VECTO Urban Bus,Urban,1442,0,-1.3,1,1.1
VECTO-URBAN,EU VECTO Urban Bus,Urban,1443,0,-1.3,1,1.1
VECTO-URBAN,EU VECTO Urban Bus,Urban,1444,0,-1.3,1,1.1
VECTO-URBAN,EU VECTO Urban Bus,Urban,1445,0,-1.3,1,1.1
VECTO-URBAN,EU VECTO Urban Bus,Urban,1446,0,-1.3,1,1.1
VECTO-URBAN,EU VECTO Urban Bus,Urban,1447,0,-1.3,1,1.1
VECTO-URBAN,EU VECTO Urban Bus,Urban,1448,0,-1.3,1,1.1
VECTO-URBAN,EU VECTO Urban Bus,Urban,1449,0,-1.3,1,1.1
VECTO-URBAN,EU VECTO Urban Bus,Urban,1450,0,-1.3,1,1.1
VECTO-URBAN,EU VECTO Urban Bus,Urban,1451,0,-1.3,1,1.1
VECTO-URBAN,EU VECTO Urban Bus,Urban,1452,0,-1.3,1,1.1
VECTO-URBAN,EU VECTO Urban Bus,Urban,1453,0,-1.3,1,1.1
VECTO-URBAN,EU VECTO Urban Bus,Urban,1454,0,-1.3,1,1.1
VECTO-URBAN,EU VECTO Urban Bus,Urban,1455,0,-1.3,1,1.1
VECTO-URBAN,EU VECTO Urban Bus,Urban,1456,0,-1.3,1,1.1
VECTO-URBAN,EU VECTO Urban Bus,Urban,1457,0,-1.3,1,1.1
VECTO-URBAN,EU VECTO Urban Bus,Urban,1458,0,-1.3,1,1.1
VECTO-URBAN,EU VECTO Urban Bus,Urban,1459,0,-1.3,1,1.1
VECTO-URBAN,EU VECTO Urban Bus,Urban,1460,0,-1.3,1,1.1
VECTO-URBAN,EU VECTO Urban Bus,Urban,1461,0,-1.3,1,1.1
VECTO-URBAN,EU VECTO Urban Bus,Urban,1462,0,-1.3,1,1.1
VECTO-URBAN,EU VECTO Urban Bus,Urban,1463,0,-1.3,1,1.1
VECTO-URBAN,EU VECTO Urban Bus,Urban,1464,0,-1.3,1,1.1
VECTO-URBAN,EU VECTO Urban Bus,Urban,1465,0,-1.3,1,1.1
VECTO-URBAN,EU VECTO Urban Bus,Urban,1466,0,-1.3,1,1.1
VECTO-URBAN,EU VECTO Urban Bus,Urban,1467,0,-1.3,1,1.1
VECTO-URBAN,EU VECTO Urban Bus,Urban,1468,0,-1.3,1,1.1
VECTO-URBAN,EU VECTO Urban Bus,Urban,1469,0,-1.3,1,1.1
VECTO-URBAN,EU VECTO Urban Bus,Urban,1470,0,-1.3,1,1.1
VECTO-URBAN,EU VECTO Urban Bus,Urban,1471,0,-1.3,1,1.1
VECTO-URBAN,EU VECTO Urban Bus,Urban,1472,0,-1.3,1,1.1
VECTO-URBAN,EU VECTO Urban Bus,Urban,1473,0,-1.3,1,1.1
VECTO-URBAN,EU VECTO Urban Bus,Urban,1474,0,-1.3,1,1.1
VECTO-URBAN,EU VECTO Urban Bus,Urban,1475,0,-1.3,1,1.1
VECTO-URBAN,EU VECTO Urban Bus,Urban,1476,0,-1.3,1,1.1
VECTO-URBAN,EU VECTO Urban Bus,Urban,1477,0,-1.3,1,1.1
VECTO-URBAN,EU VECTO Urban Bus,Urban,1478,0,-1.3,1,1.1
VECTO-URBAN,EU VECTO Urban Bus,Urban,1479,0,-1.3,1,1.1
VECTO-URBAN,EU VECTO Urban Bus,Urban,1480,0,-1.3,1,1.1
VECTO-URBAN,EU VECTO Urban Bus,Urban,1481,0,-1.3,1,1.1
VECTO-URBAN,EU VECTO Urban Bus,Urban,1482,0,-1.3,1,1.1
VECTO-URBAN,EU VECTO Urban Bus,Urban,1483,0,-1.3,1,1.1
VECTO-URBAN,EU VECTO Urban Bus,Urban,1484,0,-1.3,1,1.1
VECTO-URBAN,EU VECTO Urban Bus,Urban,1485,0,-1.3,1,1.1
VECTO-URBAN,EU VECTO Urban Bus,Urban,1486,0,-1.3,1,1.1
VECTO-URBAN,EU VECTO Urban Bus,Urban,1487,0,-1.3,1,1.1
VECTO-URBAN,EU VECTO Urban Bus,Urban,1488,0,-1.3,1,1.1
VECTO-URBAN,EU VECTO Urban Bus,Urban,1489,0,-1.3,1,1.1
VECTO-URBAN,EU VECTO Urban Bus,Urban,1490,0,-1.3,1,1.1
VECTO-URBAN,EU VECTO Urban Bus,Urban,1491,0,-1.3,1,1.1
VECTO-URBAN,EU VECTO Urban Bus,Urban,1492,0,-1.3,1,1.1
VECTO-URBAN,EU VECTO Urban Bus,Urban,1493,0,-1.3,1,1.1
VECTO-URBAN,EU VECTO Urban Bus,Urban,1494,0,-1.3,0,1
VECTO-URBAN,EU VECTO Urban Bus,Urban,1495,3.6,-1.3,0,1
VECTO-URBAN,EU VECTO Urban Bus,Urban,1496,7.2,-1.4,0,1
VECTO-URBAN,EU VECTO Urban Bus,Urban,1497,10.8,-1.51666666666667,0,1
VECTO-URBAN,EU VECTO Urban Bus,Urban,1498,14.4,-1.625,0,1
VECTO-URBAN,EU VECTO Urban Bus,Urban,1499,18,-1.68928571428571,0,1
VECTO-URBAN,EU VECTO Urban Bus,Urban,1500,21.6,-1.65,0,1
VECTO-URBAN,EU VECTO Urban Bus,Urban,1501,25.2,-1.60357142857143,0,1
VECTO-URBAN,EU VECTO Urban Bus,Urban,1502,27.8,-1.43796296296296,0,1
VECTO-URBAN,EU VECTO Urban Bus,Urban,1503,27.8,-1.14166666666661,0,1
VECTO-URBAN,EU VECTO Urban Bus,Urban,1504,27.8,-0.823148148148114,0,1
VECTO-URBAN,EU VECTO Urban Bus,Urban,1505,27.8,-0.39861111111104,0,1
VECTO-URBAN,EU VECTO Urban Bus,Urban,1506,27.8,-0.0249999999998181,0,1
VECTO-URBAN,EU VECTO Urban Bus,Urban,1507,27.8,0.282407407407481,0,1
VECTO-URBAN,EU VECTO Urban Bus,Urban,1508,27.8,0.523888888888941,0,1
VECTO-URBAN,EU VECTO Urban Bus,Urban,1509,27.8,0.560833333333303,0,1
VECTO-URBAN,EU VECTO Urban Bus,Urban,1510,27.8,0.467222222222153,0,1
VECTO-URBAN,EU VECTO Urban Bus,Urban,1511,27.8,0.254629629629502,0,1
VECTO-URBAN,EU VECTO Urban Bus,Urban,1512,27.8,-0.108333333333758,0,1
VECTO-URBAN,EU VECTO Urban Bus,Urban,1513,27.8,-0.69027777777801,0,1
VECTO-URBAN,EU VECTO Urban Bus,Urban,1514,27.8,-1.35277777777828,0,1
VECTO-URBAN,EU VECTO Urban Bus,Urban,1515,23.12,-1.96000000000049,0,1
VECTO-URBAN,EU VECTO Urban Bus,Urban,1516,18.44,-2.61861111111134,0,1
VECTO-URBAN,EU VECTO Urban Bus,Urban,1517,17.9,-2.94194444444493,0,1
VECTO-URBAN,EU VECTO Urban Bus,Urban,1518,17.9,-3.33916666666719,0,1
VECTO-URBAN,EU VECTO Urban Bus,Urban,1519,17.9,-3.66819444444473,0,1
VECTO-URBAN,EU VECTO Urban Bus,Urban,1520,15.1873765431987,-3.94796789266138,0,1
VECTO-URBAN,EU VECTO Urban Bus,Urban,1521,10.5073765431987,-4.08426911865572,0,1
VECTO-URBAN,EU VECTO Urban Bus,Urban,1522,14.1073765431987,-4.1,0,1
VECTO-URBAN,EU VECTO Urban Bus,Urban,1523,9.4273765431987,-4.1,0,1
VECTO-URBAN,EU VECTO Urban Bus,Urban,1524,4.7473765431987,-4.1,0,1
VECTO-URBAN,EU VECTO Urban Bus,Urban,1525,0.0673765431987006,-4.1,0,1
VECTO-URBAN,EU VECTO Urban Bus,Urban,1526,0,-4.1,1,1.1
VECTO-URBAN,EU VECTO Urban Bus,Urban,1527,0,-4.1,1,1.1
VECTO-URBAN,EU VECTO Urban Bus,Urban,1528,0,-4.1,1,1.1
VECTO-URBAN,EU VECTO Urban Bus,Urban,1529,0,-4.1,1,1.1
VECTO-URBAN,EU VECTO Urban Bus,Urban,1530,0,-4.1,1,1.1
VECTO-URBAN,EU VECTO Urban Bus,Urban,1531,0,-4.1,1,1.1
VECTO-URBAN,EU VECTO Urban Bus,Urban,1532,0,-4.1,1,1.1
VECTO-URBAN,EU VECTO Urban Bus,Urban,1533,0,-4.1,1,1.1
VECTO-URBAN,EU VECTO Urban Bus,Urban,1534,0,-4.1,0,1
VECTO-URBAN,EU VECTO Urban Bus,Urban,1535,3.6,-4.1,0,1
VECTO-URBAN,EU VECTO Urban Bus,Urban,1536,7.2,-4.06666666666667,0,1
VECTO-URBAN,EU VECTO Urban Bus,Urban,1537,10.8,-3.98333333333333,0,1
VECTO-URBAN,EU VECTO Urban Bus,Urban,1538,14.4,-3.85,0,1
VECTO-URBAN,EU VECTO Urban Bus,Urban,1539,18,-3.625,0,1
VECTO-URBAN,EU VECTO Urban Bus,Urban,1540,21.6,-3.3,0,1
VECTO-URBAN,EU VECTO Urban Bus,Urban,1541,25.2,-2.75,0,1
VECTO-URBAN,EU VECTO Urban Bus,Urban,1542,28.5,-2.00833333333321,0,1
VECTO-URBAN,EU VECTO Urban Bus,Urban,1543,28.5,-1.40625,0,1
VECTO-URBAN,EU VECTO Urban Bus,Urban,1544,28.5,-0.660416666666697,0,1
VECTO-URBAN,EU VECTO Urban Bus,Urban,1545,28.5,-0.114583333333394,0,1
VECTO-URBAN,EU VECTO Urban Bus,Urban,1546,28.5,0.320833333333273,0,1
VECTO-URBAN,EU VECTO Urban Bus,Urban,1547,28.5,0.584722222222141,0,1
VECTO-URBAN,EU VECTO Urban Bus,Urban,1548,28.5,0.69305555555557,0,1
VECTO-URBAN,EU VECTO Urban Bus,Urban,1549,28.5,0.65535714285716,0,1
VECTO-URBAN,EU VECTO Urban Bus,Urban,1550,28.5,0.61765873015875,0,1
VECTO-URBAN,EU VECTO Urban Bus,Urban,1551,28.5,0.529861111111192,0,1
VECTO-URBAN,EU VECTO Urban Bus,Urban,1552,28.5,0.377500000000109,0,1
VECTO-URBAN,EU VECTO Urban Bus,Urban,1553,28.5,0.16527777777798,0,1
VECTO-URBAN,EU VECTO Urban Bus,Urban,1554,28.5,-0.0319444444442221,0,1
VECTO-URBAN,EU VECTO Urban Bus,Urban,1555,28.5,-0.329166666666424,0,1
VECTO-URBAN,EU VECTO Urban Bus,Urban,1556,28.5,-0.593055555555293,0,1
VECTO-URBAN,EU VECTO Urban Bus,Urban,1557,28.5,-0.823611111110828,0,1
VECTO-URBAN,EU VECTO Urban Bus,Urban,1558,28.5,-1.09249999999982,0,1
VECTO-URBAN,EU VECTO Urban Bus,Urban,1559,28.5,-1.37708333333285,0,1
VECTO-URBAN,EU VECTO Urban Bus,Urban,1560,26.2491666666808,-1.57864293981461,0,1
VECTO-URBAN,EU VECTO Urban Bus,Urban,1561,29.8491666666808,-1.7,0,1
VECTO-URBAN,EU VECTO Urban Bus,Urban,1562,30.2,-1.8273109567901,0,1
VECTO-URBAN,EU VECTO Urban Bus,Urban,1563,30.2,-1.8972183641975,0,1
VECTO-URBAN,EU VECTO Urban Bus,Urban,1564,30.2,-1.79954089506176,0,1
VECTO-URBAN,EU VECTO Urban Bus,Urban,1565,30.2,-1.72963348765435,0,1
VECTO-URBAN,EU VECTO Urban Bus,Urban,1566,30.2,-1.63095899470905,0,1
VECTO-URBAN,EU VECTO Urban Bus,Urban,1567,30.2,-1.51111772486778,0,1
VECTO-URBAN,EU VECTO Urban Bus,Urban,1568,30.2,-1.31297839506187,0,1
VECTO-URBAN,EU VECTO Urban Bus,Urban,1569,30.2,-1.14000925925935,0,1
VECTO-URBAN,EU VECTO Urban Bus,Urban,1570,30.2,-0.932231481481576,0,1
VECTO-URBAN,EU VECTO Urban Bus,Urban,1571,30.2,-0.705567129629753,0,1
VECTO-URBAN,EU VECTO Urban Bus,Urban,1572,30.2,-0.496675925926029,0,1
VECTO-URBAN,EU VECTO Urban Bus,Urban,1573,25.52,-0.35237268518531,0,1
VECTO-URBAN,EU VECTO Urban Bus,Urban,1574,23.6,-0.185453703703788,0,1
VECTO-URBAN,EU VECTO Urban Bus,Urban,1575,23.6,-0.0543425925926931,0,1
VECTO-URBAN,EU VECTO Urban Bus,Urban,1576,23.6,0.0548346560845727,0,1
VECTO-URBAN,EU VECTO Urban Bus,Urban,1577,23.6,0.156566358024581,0,1
VECTO-URBAN,EU VECTO Urban Bus,Urban,1578,18.92,0.236661522633666,0,1
VECTO-URBAN,EU VECTO Urban Bus,Urban,1579,14.24,0.287834362139842,0,1
VECTO-URBAN,EU VECTO Urban Bus,Urban,1580,9.56,0.324562757201562,0,1
VECTO-URBAN,EU VECTO Urban Bus,Urban,1581,13.16,0.359624485596618,0,1
VECTO-URBAN,EU VECTO Urban Bus,Urban,1582,8.48,0.393019547325012,0,1
VECTO-URBAN,EU VECTO Urban Bus,Urban,1583,3.8,0.4,0,1
VECTO-URBAN,EU VECTO Urban Bus,Urban,1584,0,0.4,1,1.1
VECTO-URBAN,EU VECTO Urban Bus,Urban,1585,0,0.4,1,1.1
VECTO-URBAN,EU VECTO Urban Bus,Urban,1586,0,0.4,1,1.1
VECTO-URBAN,EU VECTO Urban Bus,Urban,1587,0,0.4,1,1.1
VECTO-URBAN,EU VECTO Urban Bus,Urban,1588,0,0.4,1,1.1
VECTO-URBAN,EU VECTO Urban Bus,Urban,1589,0,0.4,1,1.1
VECTO-URBAN,EU VECTO Urban Bus,Urban,1590,0,0.4,1,1.1
VECTO-URBAN,EU VECTO Urban Bus,Urban,1591,0,0.4,1,1.1
VECTO-URBAN,EU VECTO Urban Bus,Urban,1592,0,0.4,1,1.1
VECTO-URBAN,EU VECTO Urban Bus,Urban,1593,0,0.4,1,1.1
VECTO-URBAN,EU VECTO Urban Bus,Urban,1594,0,0.4,1,1.1
VECTO-URBAN,EU VECTO Urban Bus,Urban,1595,0,0.4,1,1.1
VECTO-URBAN,EU VECTO Urban Bus,Urban,1596,0,0.4,1,1.1
VECTO-URBAN,EU VECTO Urban Bus,Urban,1597,0,0.4,1,1.1
VECTO-URBAN,EU VECTO Urban Bus,Urban,1598,0,0.4,1,1.1
VECTO-URBAN,EU VECTO Urban Bus,Urban,1599,0,0.4,1,1.1
VECTO-URBAN,EU VECTO Urban Bus,Urban,1600,0,0.4,1,1.1
VECTO-URBAN,EU VECTO Urban Bus,Urban,1601,0,0.4,1,1.1
VECTO-URBAN,EU VECTO Urban Bus,Urban,1602,0,0.4,1,1.1
VECTO-URBAN,EU VECTO Urban Bus,Urban,1603,0,0.4,1,1.1
VECTO-URBAN,EU VECTO Urban Bus,Urban,1604,0,0.4,1,1.1
VECTO-URBAN,EU VECTO Urban Bus,Urban,1605,0,0.4,1,1.1
VECTO-URBAN,EU VECTO Urban Bus,Urban,1606,0,0.4,1,1.1
VECTO-URBAN,EU VECTO Urban Bus,Urban,1607,0,0.4,1,1.1
VECTO-URBAN,EU VECTO Urban Bus,Urban,1608,0,0.4,1,1.1
VECTO-URBAN,EU VECTO Urban Bus,Urban,1609,0,0.4,1,1.1
VECTO-URBAN,EU VECTO Urban Bus,Urban,1610,0,0.4,0,1
VECTO-URBAN,EU VECTO Urban Bus,Urban,1611,3.6,0.4,0,1
VECTO-URBAN,EU VECTO Urban Bus,Urban,1612,7.2,0.39,0,1
VECTO-URBAN,EU VECTO Urban Bus,Urban,1613,10.8,0.365,0,1
VECTO-URBAN,EU VECTO Urban Bus,Urban,1614,14.4,0.33,0,1
VECTO-URBAN,EU VECTO Urban Bus,Urban,1615,18,0.285,0,1
VECTO-URBAN,EU VECTO Urban Bus,Urban,1616,21.6,0.23,0,1
VECTO-URBAN,EU VECTO Urban Bus,Urban,1617,25.2,0.15625,0,1
VECTO-URBAN,EU VECTO Urban Bus,Urban,1618,28.6,0.0575396825396768,0,1
VECTO-URBAN,EU VECTO Urban Bus,Urban,1619,28.6,-0.065277777777798,0,1
VECTO-URBAN,EU VECTO Urban Bus,Urban,1620,28.6,-0.197685185185219,0,1
VECTO-URBAN,EU VECTO Urban Bus,Urban,1621,28.6,-0.340079365079406,0,1
VECTO-URBAN,EU VECTO Urban Bus,Urban,1622,28.6,-0.453571428571481,0,1
VECTO-URBAN,EU VECTO Urban Bus,Urban,1623,28.6,-0.542676767676808,0,1
VECTO-URBAN,EU VECTO Urban Bus,Urban,1624,28.6,-0.595179738562076,0,1
VECTO-URBAN,EU VECTO Urban Bus,Urban,1625,28.6,-0.571813725490178,0,1
VECTO-URBAN,EU VECTO Urban Bus,Urban,1626,28.6,-0.54844771241828,0,1
VECTO-URBAN,EU VECTO Urban Bus,Urban,1627,28.6,-0.525081699346383,0,1
VECTO-URBAN,EU VECTO Urban Bus,Urban,1628,28.6,-0.501715686274485,0,1
VECTO-URBAN,EU VECTO Urban Bus,Urban,1629,28.6,-0.461257309941472,0,1
VECTO-URBAN,EU VECTO Urban Bus,Urban,1630,28.6,-0.419444444444391,0,1
VECTO-URBAN,EU VECTO Urban Bus,Urban,1631,28.6,-0.379761904761853,0,1
VECTO-URBAN,EU VECTO Urban Bus,Urban,1632,28.6,-0.341931216931161,0,1
VECTO-URBAN,EU VECTO Urban Bus,Urban,1633,32.2,-0.301719576719517,0,1
VECTO-URBAN,EU VECTO Urban Bus,Urban,1634,35.8,-0.320238095238133,0,1
VECTO-URBAN,EU VECTO Urban Bus,Urban,1635,37.9,-0.349484126984166,0,1
VECTO-URBAN,EU VECTO Urban Bus,Urban,1636,37.9,-0.37956349206353,0,1
VECTO-URBAN,EU VECTO Urban Bus,Urban,1637,37.9,-0.394181034482737,0,1
VECTO-URBAN,EU VECTO Urban Bus,Urban,1638,37.9,-0.376029693486569,0,1
VECTO-URBAN,EU VECTO Urban Bus,Urban,1639,37.9,-0.357878352490401,0,1
VECTO-URBAN,EU VECTO Urban Bus,Urban,1640,37.9,-0.339727011494233,0,1
VECTO-URBAN,EU VECTO Urban Bus,Urban,1641,37.9,-0.321575670498065,0,1
VECTO-URBAN,EU VECTO Urban Bus,Urban,1642,37.9,-0.303424329501897,0,1
VECTO-URBAN,EU VECTO Urban Bus,Urban,1643,37.9,-0.31779513888891,0,1
VECTO-URBAN,EU VECTO Urban Bus,Urban,1644,37.9,-0.33972800925928,0,1
VECTO-URBAN,EU VECTO Urban Bus,Urban,1645,37.9,-0.361660879629649,0,1
VECTO-URBAN,EU VECTO Urban Bus,Urban,1646,37.9,-0.383593750000019,0,1
VECTO-URBAN,EU VECTO Urban Bus,Urban,1647,37.9,-0.416579861111165,0,1
VECTO-URBAN,EU VECTO Urban Bus,Urban,1648,37.9,-0.482378472222274,0,1
VECTO-URBAN,EU VECTO Urban Bus,Urban,1649,34.7465909090877,-0.5,0,1
VECTO-URBAN,EU VECTO Urban Bus,Urban,1650,33.4,-0.631126367845187,0,1
VECTO-URBAN,EU VECTO Urban Bus,Urban,1651,33.4,-0.709208562901817,0,1
VECTO-URBAN,EU VECTO Urban Bus,Urban,1652,33.4,-0.793551997245248,0,1
VECTO-URBAN,EU VECTO Urban Bus,Urban,1653,33.4,-0.857123316498364,0,1
VECTO-URBAN,EU VECTO Urban Bus,Urban,1654,33.4,-0.891105389835838,0,1
VECTO-URBAN,EU VECTO Urban Bus,Urban,1655,33.4,-0.862112334280283,0,1
VECTO-URBAN,EU VECTO Urban Bus,Urban,1656,33.4,-0.833119278724729,0,1
VECTO-URBAN,EU VECTO Urban Bus,Urban,1657,33.4,-0.804126223169175,0,1
VECTO-URBAN,EU VECTO Urban Bus,Urban,1658,33.4,-0.711584595959539,0,1
VECTO-URBAN,EU VECTO Urban Bus,Urban,1659,33.4,-0.592161195286038,0,1
VECTO-URBAN,EU VECTO Urban Bus,Urban,1660,33.4,-0.387176452020094,0,1
VECTO-URBAN,EU VECTO Urban Bus,Urban,1661,33.4,-0.0802320075756597,0,1
VECTO-URBAN,EU VECTO Urban Bus,Urban,1662,33.4,0.268949915825033,0,1
VECTO-URBAN,EU VECTO Urban Bus,Urban,1663,33.4,0.678209175084279,0,1
VECTO-URBAN,EU VECTO Urban Bus,Urban,1664,33.4,1.13120265151529,0,1
VECTO-URBAN,EU VECTO Urban Bus,Urban,1665,33.4,1.59018308080831,0,1
VECTO-URBAN,EU VECTO Urban Bus,Urban,1666,33.4,1.93932028619535,0,1
VECTO-URBAN,EU VECTO Urban Bus,Urban,1667,33.4,2.22914772727276,0,1
VECTO-URBAN,EU VECTO Urban Bus,Urban,1668,33.4,2.24786214416895,0,1
VECTO-URBAN,EU VECTO Urban Bus,Urban,1669,33.4,2.11974116161615,0,1
VECTO-URBAN,EU VECTO Urban Bus,Urban,1670,33.4,1.7854640151515,0,1
VECTO-URBAN,EU VECTO Urban Bus,Urban,1671,33.4,1.22157512626263,0,1
VECTO-URBAN,EU VECTO Urban Bus,Urban,1672,33.4,0.515372474747528,0,1
VECTO-URBAN,EU VECTO Urban Bus,Urban,1673,33.4,-0.156202651515105,0,1
VECTO-URBAN,EU VECTO Urban Bus,Urban,1674,33.4,-0.680061026935982,0,1
VECTO-URBAN,EU VECTO Urban Bus,Urban,1675,33.4,-0.743203914141431,0,1
VECTO-URBAN,EU VECTO Urban Bus,Urban,1676,28.72,-0.484630681818271,0,1
VECTO-URBAN,EU VECTO Urban Bus,Urban,1677,32.32,0.239258207070634,0,1
VECTO-URBAN,EU VECTO Urban Bus,Urban,1678,27.64,1.12258838383823,0,1
VECTO-URBAN,EU VECTO Urban Bus,Urban,1679,22.96,2.1281439393937,0,1
VECTO-URBAN,EU VECTO Urban Bus,Urban,1680,18.28,2.88684974747466,0,1
VECTO-URBAN,EU VECTO Urban Bus,Urban,1681,13.6,3.4,0,1
VECTO-URBAN,EU VECTO Urban Bus,Urban,1682,8.92,3.4,0,1
VECTO-URBAN,EU VECTO Urban Bus,Urban,1683,4.24,3.4,0,1
VECTO-URBAN,EU VECTO Urban Bus,Urban,1684,0,3.4,1,1.1
VECTO-URBAN,EU VECTO Urban Bus,Urban,1685,0,3.4,1,1.1
VECTO-URBAN,EU VECTO Urban Bus,Urban,1686,0,3.4,1,1.1
VECTO-URBAN,EU VECTO Urban Bus,Urban,1687,0,3.4,1,1.1
VECTO-URBAN,EU VECTO Urban Bus,Urban,1688,0,3.4,1,1.1
VECTO-URBAN,EU VECTO Urban Bus,Urban,1689,0,3.4,1,1.1
VECTO-URBAN,EU VECTO Urban Bus,Urban,1690,0,3.4,1,1.1
VECTO-URBAN,EU VECTO Urban Bus,Urban,1691,0,3.4,1,1.1
VECTO-URBAN,EU VECTO Urban Bus,Urban,1692,0,3.4,1,1.1
VECTO-URBAN,EU VECTO Urban Bus,Urban,1693,0,3.4,1,1.1
VECTO-URBAN,EU VECTO Urban Bus,Urban,1694,0,3.4,1,1.1
VECTO-URBAN,EU VECTO Urban Bus,Urban,1695,0,3.4,1,1.1
VECTO-URBAN,EU VECTO Urban Bus,Urban,1696,0,3.4,1,1.1
VECTO-URBAN,EU VECTO Urban Bus,Urban,1697,0,3.4,1,1.1
VECTO-URBAN,EU VECTO Urban Bus,Urban,1698,0,3.4,1,1.1
VECTO-URBAN,EU VECTO Urban Bus,Urban,1699,0,3.4,0,1
VECTO-URBAN,EU VECTO Urban Bus,Urban,1700,0,4.3,1,1.1
VECTO-URBAN,EU VECTO Urban Bus,Urban,1701,0,4.3,1,1.1
VECTO-URBAN,EU VECTO Urban Bus,Urban,1702,0,4.3,1,1.1
VECTO-URBAN,EU VECTO Urban Bus,Urban,1703,0,4.3,1,1.1
VECTO-URBAN,EU VECTO Urban Bus,Urban,1704,0,4.3,1,1.1
VECTO-URBAN,EU VECTO Urban Bus,Urban,1705,0,4.3,1,1.1
VECTO-URBAN,EU VECTO Urban Bus,Urban,1706,0,4.3,1,1.1
VECTO-URBAN,EU VECTO Urban Bus,Urban,1707,0,4.3,1,1.1
VECTO-URBAN,EU VECTO Urban Bus,Urban,1708,0,4.3,1,1.1
VECTO-URBAN,EU VECTO Urban Bus,Urban,1709,0,4.3,1,1.1
VECTO-URBAN,EU VECTO Urban Bus,Urban,1710,0,4.3,1,1.1
VECTO-URBAN,EU VECTO Urban Bus,Urban,1711,0,4.3,1,1.1
VECTO-URBAN,EU VECTO Urban Bus,Urban,1712,0,4.3,1,1.1
VECTO-URBAN,EU VECTO Urban Bus,Urban,1713,0,4.3,1,1.1
VECTO-URBAN,EU VECTO Urban Bus,Urban,1714,0,4.3,0,1
VECTO-URBAN,EU VECTO Urban Bus,Urban,1715,3.6,4.3,0,1
VECTO-URBAN,EU VECTO Urban Bus,Urban,1716,7.2,4.25,0,1
VECTO-URBAN,EU VECTO Urban Bus,Urban,1717,10.8,4.125,0,1
VECTO-URBAN,EU VECTO Urban Bus,Urban,1718,14.4,3.9,0,1
VECTO-URBAN,EU VECTO Urban Bus,Urban,1719,14.5,3.49861111111113,0,1
VECTO-URBAN,EU VECTO Urban Bus,Urban,1720,14.5,3.09583333333339,0,1
VECTO-URBAN,EU VECTO Urban Bus,Urban,1721,14.5,2.59305555555566,0,1
VECTO-URBAN,EU VECTO Urban Bus,Urban,1722,14.256944444448,2.08730709876545,0,1
VECTO-URBAN,EU VECTO Urban Bus,Urban,1723,11,1.54286265432092,0,1
VECTO-URBAN,EU VECTO Urban Bus,Urban,1724,14.6,1.08730709876545,0,1
VECTO-URBAN,EU VECTO Urban Bus,Urban,1725,18.2,0.365875771604988,0,1
VECTO-URBAN,EU VECTO Urban Bus,Urban,1726,21.8,-0.26190200617275,0,1
VECTO-URBAN,EU VECTO Urban Bus,Urban,1727,25.4,-0.939679783950487,0,1
VECTO-URBAN,EU VECTO Urban Bus,Urban,1728,29,-1.44497170781882,0,1
VECTO-URBAN,EU VECTO Urban Bus,Urban,1729,32.6,-1.82261766975298,0,1
VECTO-URBAN,EU VECTO Urban Bus,Urban,1730,36.2,-1.85385526895947,0,1
VECTO-URBAN,EU VECTO Urban Bus,Urban,1731,37.4,-1.74635030864207,0,1
VECTO-URBAN,EU VECTO Urban Bus,Urban,1732,37.4,-1.49821566358037,0,1
VECTO-URBAN,EU VECTO Urban Bus,Urban,1733,37.4,-1.2179912551442,0,1
VECTO-URBAN,EU VECTO Urban Bus,Urban,1734,37.4,-0.953771219135933,0,1
VECTO-URBAN,EU VECTO Urban Bus,Urban,1735,37.4,-0.729365997942477,0,1
VECTO-URBAN,EU VECTO Urban Bus,Urban,1736,37.4,-0.576118827160545,0,1
VECTO-URBAN,EU VECTO Urban Bus,Urban,1737,37.4,-0.50650263839106,0,1
VECTO-URBAN,EU VECTO Urban Bus,Urban,1738,37.4,-0.540015183193927,0,1
VECTO-URBAN,EU VECTO Urban Bus,Urban,1739,37.4,-0.573527727996794,0,1
VECTO-URBAN,EU VECTO Urban Bus,Urban,1740,37.4,-0.594101393059744,0,1
VECTO-URBAN,EU VECTO Urban Bus,Urban,1741,37.4,-0.566023314981666,0,1
VECTO-URBAN,EU VECTO Urban Bus,Urban,1742,37.4,-0.537945236903589,0,1
VECTO-URBAN,EU VECTO Urban Bus,Urban,1743,37.4,-0.509867158825511,0,1
VECTO-URBAN,EU VECTO Urban Bus,Urban,1744,37.4,-0.403742283950721,0,1
VECTO-URBAN,EU VECTO Urban Bus,Urban,1745,37.4,-0.0624356995887259,0,1
VECTO-URBAN,EU VECTO Urban Bus,Urban,1746,37.4,0.375790895061345,0,1
VECTO-URBAN,EU VECTO Urban Bus,Urban,1747,32.72,0.9,0,1
VECTO-URBAN,EU VECTO Urban Bus,Urban,1748,28.04,1.28978652263352,0,1
VECTO-URBAN,EU VECTO Urban Bus,Urban,1749,23.36,1.64162422839472,0,1
VECTO-URBAN,EU VECTO Urban Bus,Urban,1750,20.4,1.86367541152243,0,1
VECTO-URBAN,EU VECTO Urban Bus,Urban,1751,20.4,1.99153858024678,0,1
VECTO-URBAN,EU VECTO Urban Bus,Urban,1752,20.4,1.95966464862304,0,1
VECTO-URBAN,EU VECTO Urban Bus,Urban,1753,20.4,1.9160749050333,0,1
VECTO-URBAN,EU VECTO Urban Bus,Urban,1754,20.4,1.81057677469157,0,1
VECTO-URBAN,EU VECTO Urban Bus,Urban,1755,15.984598765456,1.64565514974868,0,1
VECTO-URBAN,EU VECTO Urban Bus,Urban,1756,14.8,1.45470078875178,0,1
VECTO-URBAN,EU VECTO Urban Bus,Urban,1757,18.4,1.17414523319621,0,1
VECTO-URBAN,EU VECTO Urban Bus,Urban,1758,20.1,0.856784122085082,0,1
VECTO-URBAN,EU VECTO Urban Bus,Urban,1759,20.1,0.455234910836771,0,1
VECTO-URBAN,EU VECTO Urban Bus,Urban,1760,20.1,0.0969015775033768,0,1
VECTO-URBAN,EU VECTO Urban Bus,Urban,1761,20.1,-0.320477251943339,0,1
VECTO-URBAN,EU VECTO Urban Bus,Urban,1762,20.1,-0.659882544581706,0,1
VECTO-URBAN,EU VECTO Urban Bus,Urban,1763,20.1,-0.939049211248403,0,1
VECTO-URBAN,EU VECTO Urban Bus,Urban,1764,20.1,-1.17881058527673,0,1
VECTO-URBAN,EU VECTO Urban Bus,Urban,1765,17.9002539041872,-1.35473768668501,0,1
VECTO-URBAN,EU VECTO Urban Bus,Urban,1766,14.4493761457939,-1.4,0,1
VECTO-URBAN,EU VECTO Urban Bus,Urban,1767,11.6,-1.4,0,1
VECTO-URBAN,EU VECTO Urban Bus,Urban,1768,15.2,-1.4,0,1
VECTO-URBAN,EU VECTO Urban Bus,Urban,1769,17.5,-1.3,0,1
VECTO-URBAN,EU VECTO Urban Bus,Urban,1770,17.5,-1.20406321055677,0,1
VECTO-URBAN,EU VECTO Urban Bus,Urban,1771,17.5,-1.06303926027958,0,1
VECTO-URBAN,EU VECTO Urban Bus,Urban,1772,17.5,-0.869983704724018,0,1
VECTO-URBAN,EU VECTO Urban Bus,Urban,1773,17.5,-0.626928149168452,0,1
VECTO-URBAN,EU VECTO Urban Bus,Urban,1774,17.5,-0.383872593612887,0,1
VECTO-URBAN,EU VECTO Urban Bus,Urban,1775,12.82,-0.146634076114606,0,1
VECTO-URBAN,EU VECTO Urban Bus,Urban,1776,8.14,0.0222385174982264,0,1
VECTO-URBAN,EU VECTO Urban Bus,Urban,1777,11.74,0.210294073053774,0,1
VECTO-URBAN,EU VECTO Urban Bus,Urban,1778,7.06,0.3,0,1
VECTO-URBAN,EU VECTO Urban Bus,Urban,1779,2.38,0.3,0,1
VECTO-URBAN,EU VECTO Urban Bus,Urban,1780,0,0.3,1,1.1
VECTO-URBAN,EU VECTO Urban Bus,Urban,1781,0,0.3,1,1.1
VECTO-URBAN,EU VECTO Urban Bus,Urban,1782,0,0.3,1,1.1
VECTO-URBAN,EU VECTO Urban Bus,Urban,1783,0,0.3,1,1.1
VECTO-URBAN,EU VECTO Urban Bus,Urban,1784,0,0.3,1,1.1
VECTO-URBAN,EU VECTO Urban Bus,Urban,1785,0,0.3,1,1.1
VECTO-URBAN,EU VECTO Urban Bus,Urban,1786,0,0.3,1,1.1
VECTO-URBAN,EU VECTO Urban Bus,Urban,1787,0,0.3,1,1.1
VECTO-URBAN,EU VECTO Urban Bus,Urban,1788,0,0.3,1,1.1
VECTO-URBAN,EU VECTO Urban Bus,Urban,1789,0,0.3,1,1.1
VECTO-URBAN,EU VECTO Urban Bus,Urban,1790,0,0.3,1,1.1
VECTO-URBAN,EU VECTO Urban Bus,Urban,1791,0,0.3,1,1.1
VECTO-URBAN,EU VECTO Urban Bus,Urban,1792,0,0.3,1,1.1
VECTO-URBAN,EU VECTO Urban Bus,Urban,1793,0,0.3,1,1.1
VECTO-URBAN,EU VECTO Urban Bus,Urban,1794,0,0.3,1,1.1
VECTO-URBAN,EU VECTO Urban Bus,Urban,1795,0,0.3,1,1.1
VECTO-URBAN,EU VECTO Urban Bus,Urban,1796,0,0.3,1,1.1
VECTO-URBAN,EU VECTO Urban Bus,Urban,1797,0,0.3,1,1.1
VECTO-URBAN,EU VECTO Urban Bus,Urban,1798,0,0.3,1,1.1
VECTO-URBAN,EU VECTO Urban Bus,Urban,1799,0,0.3,0,1
VECTO-URBAN,EU VECTO Urban Bus,Urban,1800,3.6,0.3,0,1
VECTO-URBAN,EU VECTO Urban Bus,Urban,1801,7.2,0.4,0,1
VECTO-URBAN,EU VECTO Urban Bus,Urban,1802,10.8,0.525,0,1
VECTO-URBAN,EU VECTO Urban Bus,Urban,1803,14.4,0.7,0,1
VECTO-URBAN,EU VECTO Urban Bus,Urban,1804,18,0.916666666666667,0,1
VECTO-URBAN,EU VECTO Urban Bus,Urban,1805,20.4,1.16111111111113,0,1
VECTO-URBAN,EU VECTO Urban Bus,Urban,1806,20.4,1.31666666666667,0,1
VECTO-URBAN,EU VECTO Urban Bus,Urban,1807,20.4,1.50277777777777,0,1
VECTO-URBAN,EU VECTO Urban Bus,Urban,1808,20.4,1.5972222222222,0,1
VECTO-URBAN,EU VECTO Urban Bus,Urban,1809,20.4,1.56562500000001,0,1
VECTO-URBAN,EU VECTO Urban Bus,Urban,1810,20.4,1.53020833333335,0,1
VECTO-URBAN,EU VECTO Urban Bus,Urban,1811,20.4,1.48611111111116,0,1
VECTO-URBAN,EU VECTO Urban Bus,Urban,1812,15.72,1.40250000000005,0,1
VECTO-URBAN,EU VECTO Urban Bus,Urban,1813,12.9,1.3,0,1
VECTO-URBAN,EU VECTO Urban Bus,Urban,1814,16.5,1.20229166666672,0,1
VECTO-URBAN,EU VECTO Urban Bus,Urban,1815,20.1,1.00041666666675,0,1
VECTO-URBAN,EU VECTO Urban Bus,Urban,1816,23.7,0.797500000000037,0,1
VECTO-URBAN,EU VECTO Urban Bus,Urban,1817,27.3,0.561388888888905,0,1
VECTO-URBAN,EU VECTO Urban Bus,Urban,1818,30.9,0.31895833333333,0,1
VECTO-URBAN,EU VECTO Urban Bus,Urban,1819,34.5,0.113499999999985,0,1
VECTO-URBAN,EU VECTO Urban Bus,Urban,1820,38.1,0.0216333333333387,0,1
VECTO-URBAN,EU VECTO Urban Bus,Urban,1821,41.7,0.0659666666666744,0,1
VECTO-URBAN,EU VECTO Urban Bus,Urban,1822,45.3,0.151071428571465,0,1
VECTO-URBAN,EU VECTO Urban Bus,Urban,1823,48.9,0.37316666666673,0,1
VECTO-URBAN,EU VECTO Urban Bus,Urban,1824,52.5,0.674833333333409,0,1
VECTO-URBAN,EU VECTO Urban Bus,Urban,1825,56.1,0.976500000000087,0,1
VECTO-URBAN,EU VECTO Urban Bus,Urban,1826,59.7,1.21816666666677,0,1
VECTO-URBAN,EU VECTO Urban Bus,Urban,1827,60.7,1.4330050505051,0,1
VECTO-URBAN,EU VECTO Urban Bus,Urban,1828,60.7,1.48274242424241,0,1
VECTO-URBAN,EU VECTO Urban Bus,Urban,1829,60.7,1.45208585858585,0,1
VECTO-URBAN,EU VECTO Urban Bus,Urban,1830,60.7,1.42142929292928,0,1
VECTO-URBAN,EU VECTO Urban Bus,Urban,1831,60.7,1.36096153846149,0,1
VECTO-URBAN,EU VECTO Urban Bus,Urban,1832,60.7,1.21063888888883,0,1
VECTO-URBAN,EU VECTO Urban Bus,Urban,1833,60.7,1.01718253968245,0,1
VECTO-URBAN,EU VECTO Urban Bus,Urban,1834,63.7,0.813214285714197,0,1
VECTO-URBAN,EU VECTO Urban Bus,Urban,1835,63.7,0.503293650793551,0,1
VECTO-URBAN,EU VECTO Urban Bus,Urban,1836,63.7,0.188402777777583,0,1
VECTO-URBAN,EU VECTO Urban Bus,Urban,1837,63.7,-0.159404761904885,0,1
VECTO-URBAN,EU VECTO Urban Bus,Urban,1838,63.7,-0.52131944444468,0,1
VECTO-URBAN,EU VECTO Urban Bus,Urban,1839,63.7,-0.913680555555811,0,1
VECTO-URBAN,EU VECTO Urban Bus,Urban,1840,63.7,-1.30805555555592,0,1
VECTO-URBAN,EU VECTO Urban Bus,Urban,1841,63.7,-1.71337301587319,0,1
VECTO-URBAN,EU VECTO Urban Bus,Urban,1842,63.7,-2.00900793650812,0,1
VECTO-URBAN,EU VECTO Urban Bus,Urban,1843,63.7,-2.31325000000013,0,1
VECTO-URBAN,EU VECTO Urban Bus,Urban,1844,63.7,-2.51835858585872,0,1
VECTO-URBAN,EU VECTO Urban Bus,Urban,1845,63.7,-2.66702991453003,0,1
VECTO-URBAN,EU VECTO Urban Bus,Urban,1846,63.7,-2.7788725490197,0,1
VECTO-URBAN,EU VECTO Urban Bus,Urban,1847,59.3032516339817,-2.8,0,1
VECTO-URBAN,EU VECTO Urban Bus,Urban,1848,58.4,-2.89876763169665,0,1
VECTO-URBAN,EU VECTO Urban Bus,Urban,1849,58.4,-2.86508257751568,0,1
VECTO-URBAN,EU VECTO Urban Bus,Urban,1850,58.4,-2.82981687703259,0,1
VECTO-URBAN,EU VECTO Urban Bus,Urban,1851,58.4,-2.78746770606383,0,1
VECTO-URBAN,EU VECTO Urban Bus,Urban,1852,58.4,-2.70635659495272,0,1
VECTO-URBAN,EU VECTO Urban Bus,Urban,1853,58.4,-2.55061370960402,0,1
VECTO-URBAN,EU VECTO Urban Bus,Urban,1854,58.4,-2.33653749092198,0,1
VECTO-URBAN,EU VECTO Urban Bus,Urban,1855,53.72,-2.04509304647752,0,1
VECTO-URBAN,EU VECTO Urban Bus,Urban,1856,49.04,-1.65964860203308,0,1
VECTO-URBAN,EU VECTO Urban Bus,Urban,1857,46.6,-1.28495483841607,0,1
VECTO-URBAN,EU VECTO Urban Bus,Urban,1858,46.6,-0.758488410795871,0,1
VECTO-URBAN,EU VECTO Urban Bus,Urban,1859,46.6,-0.190510393971545,0,1
VECTO-URBAN,EU VECTO Urban Bus,Urban,1860,46.6,0.371141218833812,0,1
VECTO-URBAN,EU VECTO Urban Bus,Urban,1861,41.92,0.971434050472908,0,1
VECTO-URBAN,EU VECTO Urban Bus,Urban,1862,37.24,1.4,0,1
VECTO-URBAN,EU VECTO Urban Bus,Urban,1863,32.56,1.7039189966116,0,1
VECTO-URBAN,EU VECTO Urban Bus,Urban,1864,27.88,1.91024028685584,0,1
VECTO-URBAN,EU VECTO Urban Bus,Urban,1865,23.2,2,0,1
VECTO-URBAN,EU VECTO Urban Bus,Urban,1866,18.52,2,0,1
VECTO-URBAN,EU VECTO Urban Bus,Urban,1867,13.84,2,0,1
VECTO-URBAN,EU VECTO Urban Bus,Urban,1868,9.16,2,0,1
VECTO-URBAN,EU VECTO Urban Bus,Urban,1869,12.76,2,0,1
VECTO-URBAN,EU VECTO Urban Bus,Urban,1870,8.08,2,0,1
VECTO-URBAN,EU VECTO Urban Bus,Urban,1871,3.4,2,0,1
VECTO-URBAN,EU VECTO Urban Bus,Urban,1872,0,2,1,1.1
VECTO-URBAN,EU VECTO Urban Bus,Urban,1873,0,2,1,1.1
VECTO-URBAN,EU VECTO Urban Bus,Urban,1874,0,2,1,1.1
VECTO-URBAN,EU VECTO Urban Bus,Urban,1875,0,2,1,1.1
VECTO-URBAN,EU VECTO Urban Bus,Urban,1876,0,2,1,1.1
VECTO-URBAN,EU VECTO Urban Bus,Urban,1877,0,2,1,1.1
VECTO-URBAN,EU VECTO Urban Bus,Urban,1878,0,2,1,1.1
VECTO-URBAN,EU VECTO Urban Bus,Urban,1879,0,2,1,1.1
VECTO-URBAN,EU VECTO Urban Bus,Urban,1880,0,2,1,1.1
VECTO-URBAN,EU VECTO Urban Bus,Urban,1881,0,2,1,1.1
VECTO-URBAN,EU VECTO Urban Bus,Urban,1882,0,2,1,1.1
VECTO-URBAN,EU VECTO Urban Bus,Urban,1883,0,2,1,1.1
VECTO-URBAN,EU VECTO Urban Bus,Urban,1884,0,2,1,1.1
VECTO-URBAN,EU VECTO Urban Bus,Urban,1885,0,2,1,1.1
VECTO-URBAN,EU VECTO Urban Bus,Urban,1886,0,2,0,1
VECTO-URBAN,EU VECTO Urban Bus,Urban,1887,3.6,2,0,1
VECTO-URBAN,EU VECTO Urban Bus,Urban,1888,7.2,2,0,1
VECTO-URBAN,EU VECTO Urban Bus,Urban,1889,10.8,1.95833333333333,0,1
VECTO-URBAN,EU VECTO Urban Bus,Urban,1890,14.4,1.9,0,1
VECTO-URBAN,EU VECTO Urban Bus,Urban,1891,17.4,1.85984848484849,0,1
VECTO-URBAN,EU VECTO Urban Bus,Urban,1892,17.4,1.81590909090909,0,1
VECTO-URBAN,EU VECTO Urban Bus,Urban,1893,17.4,1.77944444444444,0,1
VECTO-URBAN,EU VECTO Urban Bus,Urban,1894,17.4,1.74722222222221,0,1
VECTO-URBAN,EU VECTO Urban Bus,Urban,1895,12.72,1.71933333333333,0,1
VECTO-URBAN,EU VECTO Urban Bus,Urban,1896,8.04,1.70011111111111,0,1
VECTO-URBAN,EU VECTO Urban Bus,Urban,1897,11.64,1.73880952380953,0,1
VECTO-URBAN,EU VECTO Urban Bus,Urban,1898,6.96,1.7757142857143,0,1
VECTO-URBAN,EU VECTO Urban Bus,Urban,1899,2.28,1.79404761904763,0,1
VECTO-URBAN,EU VECTO Urban Bus,Urban,1900,0,1.79857142857145,0,1
VECTO-URBAN,EU VECTO Urban Bus,Urban,1901,0,1.8,1,1.1
VECTO-URBAN,EU VECTO Urban Bus,Urban,1902,0,1.8,1,1.1
VECTO-URBAN,EU VECTO Urban Bus,Urban,1903,0,1.8,1,1.1
VECTO-URBAN,EU VECTO Urban Bus,Urban,1904,0,1.8,1,1.1
VECTO-URBAN,EU VECTO Urban Bus,Urban,1905,0,1.8,0,1
VECTO-URBAN,EU VECTO Urban Bus,Urban,1906,3.6,1.8,0,1
VECTO-URBAN,EU VECTO Urban Bus,Urban,1907,7.2,1.78,0,1
VECTO-URBAN,EU VECTO Urban Bus,Urban,1908,10.8,1.73,0,1
VECTO-URBAN,EU VECTO Urban Bus,Urban,1909,14.4,1.66,0,1
VECTO-URBAN,EU VECTO Urban Bus,Urban,1910,18,1.58846153846154,0,1
VECTO-URBAN,EU VECTO Urban Bus,Urban,1911,21.6,1.54615384615385,0,1
VECTO-URBAN,EU VECTO Urban Bus,Urban,1912,25.2,1.49375,0,1
VECTO-URBAN,EU VECTO Urban Bus,Urban,1913,28.8,1.4,0,1
VECTO-URBAN,EU VECTO Urban Bus,Urban,1914,32.4,1.28125,0,1
VECTO-URBAN,EU VECTO Urban Bus,Urban,1915,36,1.15,0,1
VECTO-URBAN,EU VECTO Urban Bus,Urban,1916,39.6,0.978571428571429,0,1
VECTO-URBAN,EU VECTO Urban Bus,Urban,1917,43.2,0.8,0,1
VECTO-URBAN,EU VECTO Urban Bus,Urban,1918,46.8,0.635714285714286,0,1
VECTO-URBAN,EU VECTO Urban Bus,Urban,1919,47.1,0.492261904761913,0,1
VECTO-URBAN,EU VECTO Urban Bus,Urban,1920,47.1,0.339772727272727,0,1
VECTO-URBAN,EU VECTO Urban Bus,Urban,1921,47.1,0.212916666666661,0,1
VECTO-URBAN,EU VECTO Urban Bus,Urban,1922,47.1,0.0776041666666515,0,1
VECTO-URBAN,EU VECTO Urban Bus,Urban,1923,47.1,-0.0625000000000165,0,1
VECTO-URBAN,EU VECTO Urban Bus,Urban,1924,47.1,-0.224479166666697,0,1
VECTO-URBAN,EU VECTO Urban Bus,Urban,1925,47.1,-0.364015151515179,0,1
VECTO-URBAN,EU VECTO Urban Bus,Urban,1926,47.1,-0.511250000000036,0,1
VECTO-URBAN,EU VECTO Urban Bus,Urban,1927,47.1,-0.638257575757614,0,1
VECTO-URBAN,EU VECTO Urban Bus,Urban,1928,47.1,-0.748397435897473,0,1
VECTO-URBAN,EU VECTO Urban Bus,Urban,1929,47.1,-0.835416666666697,0,1
VECTO-URBAN,EU VECTO Urban Bus,Urban,1930,47.1,-0.894391025641002,0,1
VECTO-URBAN,EU VECTO Urban Bus,Urban,1931,47.1,-0.844070512820487,0,1
VECTO-URBAN,EU VECTO Urban Bus,Urban,1932,47.1,-0.790441176470546,0,1
VECTO-URBAN,EU VECTO Urban Bus,Urban,1933,47.1,-0.713480392156816,0,1
VECTO-URBAN,EU VECTO Urban Bus,Urban,1934,47.1,-0.560119047618926,0,1
VECTO-URBAN,EU VECTO Urban Bus,Urban,1935,47.1,-0.382499999999818,0,1
VECTO-URBAN,EU VECTO Urban Bus,Urban,1936,47.1,-0.160833333333139,0,1
VECTO-URBAN,EU VECTO Urban Bus,Urban,1937,42.42,0.073194444444592,0,1
VECTO-URBAN,EU VECTO Urban Bus,Urban,1938,37.74,0.242083333333479,0,1
VECTO-URBAN,EU VECTO Urban Bus,Urban,1939,33.06,0.4,0,1
VECTO-URBAN,EU VECTO Urban Bus,Urban,1940,28.38,0.4,0,1
VECTO-URBAN,EU VECTO Urban Bus,Urban,1941,23.7,0.4,0,1
VECTO-URBAN,EU VECTO Urban Bus,Urban,1942,19.02,0.4,0,1
VECTO-URBAN,EU VECTO Urban Bus,Urban,1943,14.34,0.4,0,1
VECTO-URBAN,EU VECTO Urban Bus,Urban,1944,9.66,0.4,0,1
VECTO-URBAN,EU VECTO Urban Bus,Urban,1945,13.26,0.4,0,1
VECTO-URBAN,EU VECTO Urban Bus,Urban,1946,8.58,0.4,0,1
VECTO-URBAN,EU VECTO Urban Bus,Urban,1947,3.9,0.4,0,1
VECTO-URBAN,EU VECTO Urban Bus,Urban,1948,0,0.4,1,1.1
VECTO-URBAN,EU VECTO Urban Bus,Urban,1949,0,0.4,1,1.1
VECTO-URBAN,EU VECTO Urban Bus,Urban,1950,0,0.4,1,1.1
VECTO-URBAN,EU VECTO Urban Bus,Urban,1951,0,0.4,1,1.1
VECTO-URBAN,EU VECTO Urban Bus,Urban,1952,0,0.4,1,1.1
VECTO-URBAN,EU VECTO Urban Bus,Urban,1953,0,0.4,1,1.1
VECTO-URBAN,EU VECTO Urban Bus,Urban,1954,0,0.4,1,1.1
VECTO-URBAN,EU VECTO Urban Bus,Urban,1955,0,0.4,1,1.1
VECTO-URBAN,EU VECTO Urban Bus,Urban,1956,0,0.4,1,1.1
VECTO-URBAN,EU VECTO Urban Bus,Urban,1957,0,0.4,1,1.1
VECTO-URBAN,EU VECTO Urban Bus,Urban,1958,0,0.4,1,1.1
VECTO-URBAN,EU VECTO Urban Bus,Urban,1959,0,0.4,1,1.1
VECTO-URBAN,EU VECTO Urban Bus,Urban,1960,0,0.4,1,1.1
VECTO-URBAN,EU VECTO Urban Bus,Urban,1961,0,0.4,1,1.1
VECTO-URBAN,EU VECTO Urban Bus,Urban,1962,0,0.4,1,1.1
VECTO-URBAN,EU VECTO Urban Bus,Urban,1963,0,0.4,1,1.1
VECTO-URBAN,EU VECTO Urban Bus,Urban,1964,0,0.4,1,1.1
VECTO-URBAN,EU VECTO Urban Bus,Urban,1965,0,0.4,1,1.1
VECTO-URBAN,EU VECTO Urban Bus,Urban,1966,0,0.4,1,1.1
VECTO-URBAN,EU VECTO Urban Bus,Urban,1967,0,0.4,1,1.1
VECTO-URBAN,EU VECTO Urban Bus,Urban,1968,0,0.4,1,1.1
VECTO-URBAN,EU VECTO Urban Bus,Urban,1969,0,0.4,1,1.1
VECTO-URBAN,EU VECTO Urban Bus,Urban,1970,0,0.4,1,1.1
VECTO-URBAN,EU VECTO Urban Bus,Urban,1971,0,0.4,1,1.1
VECTO-URBAN,EU VECTO Urban Bus,Urban,1972,0,0.4,1,1.1
VECTO-URBAN,EU VECTO Urban Bus,Urban,1973,0,0.4,1,1.1
VECTO-URBAN,EU VECTO Urban Bus,Urban,1974,0,0.4,1,1.1
VECTO-URBAN,EU VECTO Urban Bus,Urban,1975,0,0.4,1,1.1
VECTO-URBAN,EU VECTO Urban Bus,Urban,1976,0,0.4,1,1.1
VECTO-URBAN,EU VECTO Urban Bus,Urban,1977,0,0.4,1,1.1
VECTO-URBAN,EU VECTO Urban Bus,Urban,1978,0,0.4,1,1.1
VECTO-URBAN,EU VECTO Urban Bus,Urban,1979,0,0.4,1,1.1
VECTO-URBAN,EU VECTO Urban Bus,Urban,1980,0,0.4,1,1.1
VECTO-URBAN,EU VECTO Urban Bus,Urban,1981,0,0.4,1,1.1
VECTO-URBAN,EU VECTO Urban Bus,Urban,1982,0,0.4,1,1.1
VECTO-URBAN,EU VECTO Urban Bus,Urban,1983,0,0.4,1,1.1
VECTO-URBAN,EU VECTO Urban Bus,Urban,1984,0,0.4,1,1.1
VECTO-URBAN,EU VECTO Urban Bus,Urban,1985,0,0.4,1,1.1
VECTO-URBAN,EU VECTO Urban Bus,Urban,1986,0,0.4,1,1.1
VECTO-URBAN,EU VECTO Urban Bus,Urban,1987,0,0.4,1,1.1
VECTO-URBAN,EU VECTO Urban Bus,Urban,1988,0,0.4,1,1.1
VECTO-URBAN,EU VECTO Urban Bus,Urban,1989,0,0.4,1,1.1
VECTO-URBAN,EU VECTO Urban Bus,Urban,1990,0,0.4,1,1.1
VECTO-URBAN,EU VECTO Urban Bus,Urban,1991,0,0.4,1,1.1
VECTO-URBAN,EU VECTO Urban Bus,Urban,1992,0,0.4,0,1
VECTO-URBAN,EU VECTO Urban Bus,Urban,1993,3.6,0.4,0,1
VECTO-URBAN,EU VECTO Urban Bus,Urban,1994,7.2,0.4,0,1
VECTO-URBAN,EU VECTO Urban Bus,Urban,1995,10.8,0.4,0,1
VECTO-URBAN,EU VECTO Urban Bus,Urban,1996,14.4,0.414285714285714,0,1
VECTO-URBAN,EU VECTO Urban Bus,Urban,1997,18,0.478571428571429,0,1
VECTO-URBAN,EU VECTO Urban Bus,Urban,1998,21.6,0.566666666666667,0,1
VECTO-URBAN,EU VECTO Urban Bus,Urban,1999,25.2,0.7375,0,1
VECTO-URBAN,EU VECTO Urban Bus,Urban,2000,28.8,0.95,0,1
VECTO-URBAN,EU VECTO Urban Bus,Urban,2001,32.4,1.18333333333333,0,1
VECTO-URBAN,EU VECTO Urban Bus,Urban,2002,33.5,1.46631944444443,0,1
VECTO-URBAN,EU VECTO Urban Bus,Urban,2003,33.5,1.71916666666664,0,1
VECTO-URBAN,EU VECTO Urban Bus,Urban,2004,33.5,1.86579861111109,0,1
VECTO-URBAN,EU VECTO Urban Bus,Urban,2005,33.5,1.84946581196583,0,1
VECTO-URBAN,EU VECTO Urban Bus,Urban,2006,33.5,1.7680555555556,0,1
VECTO-URBAN,EU VECTO Urban Bus,Urban,2007,33.5,1.59638888888898,0,1
VECTO-URBAN,EU VECTO Urban Bus,Urban,2008,33.5,1.38379629629647,0,1
VECTO-URBAN,EU VECTO Urban Bus,Urban,2009,33.5,0.980208333333485,0,1
VECTO-URBAN,EU VECTO Urban Bus,Urban,2010,33.5,0.590277777778465,0,1
VECTO-URBAN,EU VECTO Urban Bus,Urban,2011,33.5,0.0798611111114951,0,1
VECTO-URBAN,EU VECTO Urban Bus,Urban,2012,33.5,-0.385416666666242,0,1
VECTO-URBAN,EU VECTO Urban Bus,Urban,2013,33.5,-0.76712962962932,0,1
VECTO-URBAN,EU VECTO Urban Bus,Urban,2014,28.82,-1.04173611111087,0,1
VECTO-URBAN,EU VECTO Urban Bus,Urban,2015,24.14,-1.06134615384623,0,1
VECTO-URBAN,EU VECTO Urban Bus,Urban,2016,19.46,-1.01476495726504,0,1
VECTO-URBAN,EU VECTO Urban Bus,Urban,2017,14.78,-0.929097222222481,0,1
VECTO-URBAN,EU VECTO Urban Bus,Urban,2018,11.6,-0.837500000000273,0,1
VECTO-URBAN,EU VECTO Urban Bus,Urban,2019,11.6,-0.713888888889414,0,1
VECTO-URBAN,EU VECTO Urban Bus,Urban,2020,15.2,-0.527777777778283,0,1
VECTO-URBAN,EU VECTO Urban Bus,Urban,2021,18.8,-0.283333333334303,0,1
VECTO-URBAN,EU VECTO Urban Bus,Urban,2022,22.4,0.0888888888879592,0,1
VECTO-URBAN,EU VECTO Urban Bus,Urban,2023,26,0.530555555555111,0,1
VECTO-URBAN,EU VECTO Urban Bus,Urban,2024,29.6,1.06666666666624,0,1
VECTO-URBAN,EU VECTO Urban Bus,Urban,2025,30,1.63055555555511,0,1
VECTO-URBAN,EU VECTO Urban Bus,Urban,2026,30,2.0736111111109,0,1
VECTO-URBAN,EU VECTO Urban Bus,Urban,2027,30,2.4638888888885,0,1
VECTO-URBAN,EU VECTO Urban Bus,Urban,2028,30,2.69222222222208,0,1
VECTO-URBAN,EU VECTO Urban Bus,Urban,2029,30,2.78948412698415,0,1
VECTO-URBAN,EU VECTO Urban Bus,Urban,2030,30,2.75972222222224,0,1
VECTO-URBAN,EU VECTO Urban Bus,Urban,2031,30,2.72996031746034,0,1
VECTO-URBAN,EU VECTO Urban Bus,Urban,2032,27.5296296296377,2.70142379482659,0,1
VECTO-URBAN,EU VECTO Urban Bus,Urban,2033,22.8496296296377,2.7,0,1
VECTO-URBAN,EU VECTO Urban Bus,Urban,2034,24.5977803497935,2.7,0,1
VECTO-URBAN,EU VECTO Urban Bus,Urban,2035,25.1,2.72613555419809,0,1
VECTO-URBAN,EU VECTO Urban Bus,Urban,2036,25.1,2.81771777596784,0,1
VECTO-URBAN,EU VECTO Urban Bus,Urban,2037,25.1,2.94070577560586,0,1
VECTO-URBAN,EU VECTO Urban Bus,Urban,2038,25.1,3.10018777506289,0,1
VECTO-URBAN,EU VECTO Urban Bus,Urban,2039,25.1,3.2993244408246,0,1
VECTO-URBAN,EU VECTO Urban Bus,Urban,2040,25.1,3.56506518156536,0,1
VECTO-URBAN,EU VECTO Urban Bus,Urban,2041,25.1,3.83080592230611,0,1
VECTO-URBAN,EU VECTO Urban Bus,Urban,2042,25.1,4.04740999728515,0,1
VECTO-URBAN,EU VECTO Urban Bus,Urban,2043,25.1,4.21240888733755,0,1
VECTO-URBAN,EU VECTO Urban Bus,Urban,2044,25.1,4.28798793805927,0,1
VECTO-URBAN,EU VECTO Urban Bus,Urban,2045,20.42,4.19673866883852,0,1
VECTO-URBAN,EU VECTO Urban Bus,Urban,2046,15.74,4.09382370732346,0,1
VECTO-URBAN,EU VECTO Urban Bus,Urban,2047,19.34,3.93141629991605,0,1
VECTO-URBAN,EU VECTO Urban Bus,Urban,2048,14.66,3.71101333876295,0,1
VECTO-URBAN,EU VECTO Urban Bus,Urban,2049,9.98,3.6,0,1
VECTO-URBAN,EU VECTO Urban Bus,Urban,2050,5.3,3.6,0,1
VECTO-URBAN,EU VECTO Urban Bus,Urban,2051,0.620000000000003,3.6,0,1
VECTO-URBAN,EU VECTO Urban Bus,Urban,2052,0,3.6,1,1.1
VECTO-URBAN,EU VECTO Urban Bus,Urban,2053,0,3.6,1,1.1
VECTO-URBAN,EU VECTO Urban Bus,Urban,2054,0,3.6,1,1.1
VECTO-URBAN,EU VECTO Urban Bus,Urban,2055,0,3.6,1,1.1
VECTO-URBAN,EU VECTO Urban Bus,Urban,2056,0,3.6,1,1.1
VECTO-URBAN,EU VECTO Urban Bus,Urban,2057,0,3.6,1,1.1
VECTO-URBAN,EU VECTO Urban Bus,Urban,2058,0,3.6,1,1.1
VECTO-URBAN,EU VECTO Urban Bus,Urban,2059,0,3.6,1,1.1
VECTO-URBAN,EU VECTO Urban Bus,Urban,2060,0,3.6,1,1.1
VECTO-URBAN,EU VECTO Urban Bus,Urban,2061,0,3.6,1,1.1
VECTO-URBAN,EU VECTO Urban Bus,Urban,2062,0,3.6,1,1.1
VECTO-URBAN,EU VECTO Urban Bus,Urban,2063,0,3.6,1,1.1
VECTO-URBAN,EU VECTO Urban Bus,Urban,2064,0,3.6,1,1.1
VECTO-URBAN,EU VECTO Urban Bus,Urban,2065,0,3.6,1,1.1
VECTO-URBAN,EU VECTO Urban Bus,Urban,2066,0,3.6,1,1.1
VECTO-URBAN,EU VECTO Urban Bus,Urban,2067,0,3.6,1,1.1
VECTO-URBAN,EU VECTO Urban Bus,Urban,2068,0,3.6,1,1.1
VECTO-URBAN,EU VECTO Urban Bus,Urban,2069,0,3.6,1,1.1
VECTO-URBAN,EU VECTO Urban Bus,Urban,2070,0,3.6,1,1.1
VECTO-URBAN,EU VECTO Urban Bus,Urban,2071,0,3.6,0,1
VECTO-URBAN,EU VECTO Urban Bus,Urban,2072,3.6,3.6,0,1
VECTO-URBAN,EU VECTO Urban Bus,Urban,2073,7.2,3.4,0,1
VECTO-URBAN,EU VECTO Urban Bus,Urban,2074,10.8,3.225,0,1
VECTO-URBAN,EU VECTO Urban Bus,Urban,2075,14.4,2.95,0,1
VECTO-URBAN,EU VECTO Urban Bus,Urban,2076,15.4,2.49305555555557,0,1
VECTO-URBAN,EU VECTO Urban Bus,Urban,2077,15.4,2.2291666666667,0,1
VECTO-URBAN,EU VECTO Urban Bus,Urban,2078,15.4,1.81527777777783,0,1
VECTO-URBAN,EU VECTO Urban Bus,Urban,2079,15.4,1.40277777777792,0,1
VECTO-URBAN,EU VECTO Urban Bus,Urban,2080,15.4,1.03750000000009,0,1
VECTO-URBAN,EU VECTO Urban Bus,Urban,2081,12.6249999999809,0.685763888889414,0,1
VECTO-URBAN,EU VECTO Urban Bus,Urban,2082,16.2249999999809,0.342534722222717,0,1
VECTO-URBAN,EU VECTO Urban Bus,Urban,2083,19.8249999999809,-0.0078124999992724,0,1
VECTO-URBAN,EU VECTO Urban Bus,Urban,2084,23.4249999999809,-0.358159722221262,0,1
VECTO-URBAN,EU VECTO Urban Bus,Urban,2085,27.0249999999809,-0.658506944443252,0,1
VECTO-URBAN,EU VECTO Urban Bus,Urban,2086,30.6249999999809,-0.785558712121342,0,1
VECTO-URBAN,EU VECTO Urban Bus,Urban,2087,31,-0.74665404040418,0,1
VECTO-URBAN,EU VECTO Urban Bus,Urban,2088,31,-0.707512626262765,0,1
VECTO-URBAN,EU VECTO Urban Bus,Urban,2089,31,-0.586309523809957,0,1
VECTO-URBAN,EU VECTO Urban Bus,Urban,2090,31,-0.448611111111713,0,1
VECTO-URBAN,EU VECTO Urban Bus,Urban,2091,31,-0.322743055555929,0,1
VECTO-URBAN,EU VECTO Urban Bus,Urban,2092,31,-0.34527777777758,0,1
VECTO-URBAN,EU VECTO Urban Bus,Urban,2093,31,-0.405753968253547,0,1
VECTO-URBAN,EU VECTO Urban Bus,Urban,2094,31,-0.540277777777192,0,1
VECTO-URBAN,EU VECTO Urban Bus,Urban,2095,31,-0.754166666665697,0,1
VECTO-URBAN,EU VECTO Urban Bus,Urban,2096,31,-1.07453703703607,0,1
VECTO-URBAN,EU VECTO Urban Bus,Urban,2097,31,-1.49236111110968,0,1
VECTO-URBAN,EU VECTO Urban Bus,Urban,2098,31,-1.87291666666524,0,1
VECTO-URBAN,EU VECTO Urban Bus,Urban,2099,31,-2.20347222222081,0,1
VECTO-URBAN,EU VECTO Urban Bus,Urban,2100,31,-2.49201388888819,0,1
VECTO-URBAN,EU VECTO Urban Bus,Urban,2101,26.32,-2.6,0,1
VECTO-URBAN,EU VECTO Urban Bus,Urban,2102,21.64,-2.6,0,1
VECTO-URBAN,EU VECTO Urban Bus,Urban,2103,21.7,-2.55592592592687,0,1
VECTO-URBAN,EU VECTO Urban Bus,Urban,2104,21.7,-2.43785714285755,0,1
VECTO-URBAN,EU VECTO Urban Bus,Urban,2105,21.7,-2.34370370370419,0,1
VECTO-URBAN,EU VECTO Urban Bus,Urban,2106,21.7,-2.24324074074123,0,1
VECTO-URBAN,EU VECTO Urban Bus,Urban,2107,21.7,-2.2201960784312,0,1
VECTO-URBAN,EU VECTO Urban Bus,Urban,2108,21.7,-2.25565359477106,0,1
VECTO-URBAN,EU VECTO Urban Bus,Urban,2109,21.7,-2.29111111111093,0,1
VECTO-URBAN,EU VECTO Urban Bus,Urban,2110,21.7,-2.42583333333177,0,1
VECTO-URBAN,EU VECTO Urban Bus,Urban,2111,21.7,-2.65444444444129,0,1
VECTO-URBAN,EU VECTO Urban Bus,Urban,2112,21.7,-2.95722222221902,0,1
VECTO-URBAN,EU VECTO Urban Bus,Urban,2113,25.2,-3.40861111110789,0,1
VECTO-URBAN,EU VECTO Urban Bus,Urban,2114,25.2,-3.90430555555395,0,1
VECTO-URBAN,EU VECTO Urban Bus,Urban,2115,25.2,-4.40861111110789,0,1
VECTO-URBAN,EU VECTO Urban Bus,Urban,2116,25.2,-5.00430555555395,0,1
VECTO-URBAN,EU VECTO Urban Bus,Urban,2117,25.2,-5.50861111110789,0,1
VECTO-URBAN,EU VECTO Urban Bus,Urban,2118,25.2,-5.90861111110789,0,1
VECTO-URBAN,EU VECTO Urban Bus,Urban,2119,25.2,-6.20172222222158,0,1
VECTO-URBAN,EU VECTO Urban Bus,Urban,2120,25.2,-6.23046296296403,0,1
VECTO-URBAN,EU VECTO Urban Bus,Urban,2121,25.2,-6.09569444444605,0,1
VECTO-URBAN,EU VECTO Urban Bus,Urban,2122,25.2,-5.74569444444605,0,1
VECTO-URBAN,EU VECTO Urban Bus,Urban,2123,25.2,-5.09138888889211,0,1
VECTO-URBAN,EU VECTO Urban Bus,Urban,2124,25.2,-4.29138888889211,0,1
VECTO-URBAN,EU VECTO Urban Bus,Urban,2125,25.2,-3.29138888889211,0,1
VECTO-URBAN,EU VECTO Urban Bus,Urban,2126,20.52,-2.31277777778414,0,1
VECTO-URBAN,EU VECTO Urban Bus,Urban,2127,24.12,-1.37277777778399,0,1
VECTO-URBAN,EU VECTO Urban Bus,Urban,2128,27.72,-0.316388888891925,0,1
VECTO-URBAN,EU VECTO Urban Bus,Urban,2129,31.32,0.807222222216296,0,1
VECTO-URBAN,EU VECTO Urban Bus,Urban,2130,34.92,1.76180555555411,0,1
VECTO-URBAN,EU VECTO Urban Bus,Urban,2131,38.52,2.34787037036943,0,1
VECTO-URBAN,EU VECTO Urban Bus,Urban,2132,41.3,2.40796296296342,0,1
VECTO-URBAN,EU VECTO Urban Bus,Urban,2133,41.3,2.15027777777914,0,1
VECTO-URBAN,EU VECTO Urban Bus,Urban,2134,41.3,1.62666666666801,0,1
VECTO-URBAN,EU VECTO Urban Bus,Urban,2135,41.3,1.05305555555688,0,1
VECTO-URBAN,EU VECTO Urban Bus,Urban,2136,41.3,0.358888888891488,0,1
VECTO-URBAN,EU VECTO Urban Bus,Urban,2137,41.3,-0.294166666665387,0,1
VECTO-URBAN,EU VECTO Urban Bus,Urban,2138,36.62,-0.785277777776537,0,1
VECTO-URBAN,EU VECTO Urban Bus,Urban,2139,31.94,-1.30569444444382,0,1
VECTO-URBAN,EU VECTO Urban Bus,Urban,2140,27.26,-1.58624999999938,0,1
VECTO-URBAN,EU VECTO Urban Bus,Urban,2141,22.58,-1.80620370370328,0,1
VECTO-URBAN,EU VECTO Urban Bus,Urban,2142,17.9,-1.89990740740698,0,1
VECTO-URBAN,EU VECTO Urban Bus,Urban,2143,21.5,-1.82190476190512,0,1
VECTO-URBAN,EU VECTO Urban Bus,Urban,2144,16.82,-1.67370370370451,0,1
VECTO-URBAN,EU VECTO Urban Bus,Urban,2145,12.14,-1.6,0,1
VECTO-URBAN,EU VECTO Urban Bus,Urban,2146,7.46,-1.6,0,1
VECTO-URBAN,EU VECTO Urban Bus,Urban,2147,2.78,-1.6,0,1
VECTO-URBAN,EU VECTO Urban Bus,Urban,2148,0,-1.6,1,1.1
VECTO-URBAN,EU VECTO Urban Bus,Urban,2149,0,-1.6,1,1.1
VECTO-URBAN,EU VECTO Urban Bus,Urban,2150,0,-1.6,1,1.1
VECTO-URBAN,EU VECTO Urban Bus,Urban,2151,0,-1.6,1,1.1
VECTO-URBAN,EU VECTO Urban Bus,Urban,2152,0,-1.6,1,1.1
VECTO-URBAN,EU VECTO Urban Bus,Urban,2153,0,-1.6,1,1.1
VECTO-URBAN,EU VECTO Urban Bus,Urban,2154,0,-1.6,1,1.1
VECTO-URBAN,EU VECTO Urban Bus,Urban,2155,0,-1.6,1,1.1
VECTO-URBAN,EU VECTO Urban Bus,Urban,2156,0,-1.6,1,1.1
VECTO-URBAN,EU VECTO Urban Bus,Urban,2157,0,-1.6,1,1.1
VECTO-URBAN,EU VECTO Urban Bus,Urban,2158,0,-1.6,1,1.1
VECTO-URBAN,EU VECTO Urban Bus,Urban,2159,0,-1.6,1,1.1
VECTO-URBAN,EU VECTO Urban Bus,Urban,2160,0,-1.6,1,1.1
VECTO-URBAN,EU VECTO Urban Bus,Urban,2161,0,-1.6,1,1.1
VECTO-URBAN,EU VECTO Urban Bus,Urban,2162,0,-1.6,1,1.1
VECTO-URBAN,EU VECTO Urban Bus,Urban,2163,0,-1.6,1,1.1
VECTO-URBAN,EU VECTO Urban Bus,Urban,2164,0,-1.6,1,1.1
VECTO-URBAN,EU VECTO Urban Bus,Urban,2165,0,-1.6,0,1
VECTO-URBAN,EU VECTO Urban Bus,Urban,2166,3.6,-1.6,0,1
VECTO-URBAN,EU VECTO Urban Bus,Urban,2167,7.2,-1.56666666666667,0,1
VECTO-URBAN,EU VECTO Urban Bus,Urban,2168,10.8,-1.475,0,1
VECTO-URBAN,EU VECTO Urban Bus,Urban,2169,14.4,-1.3,0,1
VECTO-URBAN,EU VECTO Urban Bus,Urban,2170,18,-1.075,0,1
VECTO-URBAN,EU VECTO Urban Bus,Urban,2171,21.6,-0.733333333333333,0,1
VECTO-URBAN,EU VECTO Urban Bus,Urban,2172,25.2,-0.25,0,1
VECTO-URBAN,EU VECTO Urban Bus,Urban,2173,28.8,0.3,0,1
VECTO-URBAN,EU VECTO Urban Bus,Urban,2174,32.4,0.95,0,1
VECTO-URBAN,EU VECTO Urban Bus,Urban,2175,36,1.55,0,1
VECTO-URBAN,EU VECTO Urban Bus,Urban,2176,39.6,1.9875,0,1
VECTO-URBAN,EU VECTO Urban Bus,Urban,2177,40.3,2.18246527777778,0,1
VECTO-URBAN,EU VECTO Urban Bus,Urban,2178,40.3,2.04010416666665,0,1
VECTO-URBAN,EU VECTO Urban Bus,Urban,2179,40.3,1.87534722222217,0,1
VECTO-URBAN,EU VECTO Urban Bus,Urban,2180,40.3,1.57048611111104,0,1
VECTO-URBAN,EU VECTO Urban Bus,Urban,2181,40.3,1.23124999999982,0,1
VECTO-URBAN,EU VECTO Urban Bus,Urban,2182,40.3,0.921527777777555,0,1
VECTO-URBAN,EU VECTO Urban Bus,Urban,2183,40.3,0.705902777777646,0,1
VECTO-URBAN,EU VECTO Urban Bus,Urban,2184,40.3,0.614660493827183,0,1
VECTO-URBAN,EU VECTO Urban Bus,Urban,2185,40.3,0.65612139917698,0,1
VECTO-URBAN,EU VECTO Urban Bus,Urban,2186,40.3,0.697582304526777,0,1
VECTO-URBAN,EU VECTO Urban Bus,Urban,2187,40.3,0.806018518518613,0,1
VECTO-URBAN,EU VECTO Urban Bus,Urban,2188,39.6104999999976,0.88943861111108,0,1
VECTO-URBAN,EU VECTO Urban Bus,Urban,2189,36.8618974999981,0.846953945833302,0,1
VECTO-URBAN,EU VECTO Urban Bus,Urban,2190,34.3777657624979,0.807376355131913,0,1
VECTO-URBAN,EU VECTO Urban Bus,Urban,2191,34,0.55867942178802,0,1
VECTO-URBAN,EU VECTO Urban Bus,Urban,2192,34,0.0902732427075534,0,1
VECTO-URBAN,EU VECTO Urban Bus,Urban,2193,29.32,-0.644585600868413,0,1
VECTO-URBAN,EU VECTO Urban Bus,Urban,2194,32.92,-1.52680782309062,0,1
VECTO-URBAN,EU VECTO Urban Bus,Urban,2195,28.24,-2.45153004531285,0,1
VECTO-URBAN,EU VECTO Urban Bus,Urban,2196,23.56,-3.22250453507022,0,1
VECTO-URBAN,EU VECTO Urban Bus,Urban,2197,18.88,-3.71194897951464,0,1
VECTO-URBAN,EU VECTO Urban Bus,Urban,2198,14.2,-4,0,1
VECTO-URBAN,EU VECTO Urban Bus,Urban,2199,9.52,-4,0,1
VECTO-URBAN,EU VECTO Urban Bus,Urban,2200,4.84,-4,0,1
VECTO-URBAN,EU VECTO Urban Bus,Urban,2201,0.160000000000001,-4,1,1.1
VECTO-URBAN,EU VECTO Urban Bus,Urban,2202,0,-4,1,1.1
VECTO-URBAN,EU VECTO Urban Bus,Urban,2203,0,-4,1,1.1
VECTO-URBAN,EU VECTO Urban Bus,Urban,2204,0,-4,1,1.1
VECTO-URBAN,EU VECTO Urban Bus,Urban,2205,0,-4,1,1.1
VECTO-URBAN,EU VECTO Urban Bus,Urban,2206,0,-4,1,1.1
VECTO-URBAN,EU VECTO Urban Bus,Urban,2207,0,-4,1,1.1
VECTO-URBAN,EU VECTO Urban Bus,Urban,2208,0,-4,1,1.1
VECTO-URBAN,EU VECTO Urban Bus,Urban,2209,0,-4,1,1.1
VECTO-URBAN,EU VECTO Urban Bus,Urban,2210,0,-4,1,1.1
VECTO-URBAN,EU VECTO Urban Bus,Urban,2211,0,-4,1,1.1
VECTO-URBAN,EU VECTO Urban Bus,Urban,2212,0,-4,1,1.1
VECTO-URBAN,EU VECTO Urban Bus,Urban,2213,0,-4,1,1.1
VECTO-URBAN,EU VECTO Urban Bus,Urban,2214,0,-4,1,1.1
VECTO-URBAN,EU VECTO Urban Bus,Urban,2215,0,-4,1,1.1
VECTO-URBAN,EU VECTO Urban Bus,Urban,2216,0,-4,1,1.1
VECTO-URBAN,EU VECTO Urban Bus,Urban,2217,0,-4,1,1.1
VECTO-URBAN,EU VECTO Urban Bus,Urban,2218,0,-4,1,1.1
VECTO-URBAN,EU VECTO Urban Bus,Urban,2219,0,-4,1,1.1
VECTO-URBAN,EU VECTO Urban Bus,Urban,2220,0,-4,1,1.1
VECTO-URBAN,EU VECTO Urban Bus,Urban,2221,0,-4,1,1.1
VECTO-URBAN,EU VECTO Urban Bus,Urban,2222,0,-4,1,1.1
VECTO-URBAN,EU VECTO Urban Bus,Urban,2223,0,-4,1,1.1
VECTO-URBAN,EU VECTO Urban Bus,Urban,2224,0,-4,1,1.1
VECTO-URBAN,EU VECTO Urban Bus,Urban,2225,0,-4,1,1.1
VECTO-URBAN,EU VECTO Urban Bus,Urban,2226,0,-4,1,1.1
VECTO-URBAN,EU VECTO Urban Bus,Urban,2227,0,-4,1,1.1
VECTO-URBAN,EU VECTO Urban Bus,Urban,2228,0,-4,1,1.1
VECTO-URBAN,EU VECTO Urban Bus,Urban,2229,0,-4,1,1.1
VECTO-URBAN,EU VECTO Urban Bus,Urban,2230,0,-4,1,1.1
VECTO-URBAN,EU VECTO Urban Bus,Urban,2231,0,-4,1,1.1
VECTO-URBAN,EU VECTO Urban Bus,Urban,2232,0,-4,1,1.1
VECTO-URBAN,EU VECTO Urban Bus,Urban,2233,0,-4,1,1.1
VECTO-URBAN,EU VECTO Urban Bus,Urban,2234,0,-4,0,1
VECTO-URBAN,EU VECTO Urban Bus,Urban,2235,3.6,-4,0,1
VECTO-URBAN,EU VECTO Urban Bus,Urban,2236,7.2,-4.1,0,1
VECTO-URBAN,EU VECTO Urban Bus,Urban,2237,10.8,-4.325,0,1
VECTO-URBAN,EU VECTO Urban Bus,Urban,2238,14.4,-4.5,0,1
VECTO-URBAN,EU VECTO Urban Bus,Urban,2239,18,-4.59166666666667,0,1
VECTO-URBAN,EU VECTO Urban Bus,Urban,2240,21.6,-4.5,0,1
VECTO-URBAN,EU VECTO Urban Bus,Urban,2241,25.2,-4.31666666666667,0,1
VECTO-URBAN,EU VECTO Urban Bus,Urban,2242,28.8,-3.8,0,1
VECTO-URBAN,EU VECTO Urban Bus,Urban,2243,29.6,-3.07777777777774,0,1
VECTO-URBAN,EU VECTO Urban Bus,Urban,2244,29.6,-2.03333333333321,0,1
VECTO-URBAN,EU VECTO Urban Bus,Urban,2245,29.6,-1.04444444444434,0,1
VECTO-URBAN,EU VECTO Urban Bus,Urban,2246,33.2,-0.172222222222081,0,1
VECTO-URBAN,EU VECTO Urban Bus,Urban,2247,36.8,0.700000000000182,0,1
VECTO-URBAN,EU VECTO Urban Bus,Urban,2248,36.8,1.31111111111122,0,1
VECTO-URBAN,EU VECTO Urban Bus,Urban,2249,36.8,1.59555555555553,0,1
VECTO-URBAN,EU VECTO Urban Bus,Urban,2250,36.8,1.48888888888884,0,1
VECTO-URBAN,EU VECTO Urban Bus,Urban,2251,40.4,1.23055555555538,0,1
VECTO-URBAN,EU VECTO Urban Bus,Urban,2252,44,0.794444444444252,0,1
VECTO-URBAN,EU VECTO Urban Bus,Urban,2253,44.2,0.221296296296168,0,1
VECTO-URBAN,EU VECTO Urban Bus,Urban,2254,44.2,-0.454629629629744,0,1
VECTO-URBAN,EU VECTO Urban Bus,Urban,2255,44.2,-0.995833333333485,0,1
VECTO-URBAN,EU VECTO Urban Bus,Urban,2256,44.2,-1.5398148148149,0,1
VECTO-URBAN,EU VECTO Urban Bus,Urban,2257,44.2,-1.94907407407415,0,1
VECTO-URBAN,EU VECTO Urban Bus,Urban,2258,44.2,-2.29375000000005,0,1
VECTO-URBAN,EU VECTO Urban Bus,Urban,2259,44.2,-2.52896825396827,0,1
VECTO-URBAN,EU VECTO Urban Bus,Urban,2260,44.2,-2.67305555555557,0,1
VECTO-URBAN,EU VECTO Urban Bus,Urban,2261,44.2,-2.75637254901961,0,1
VECTO-URBAN,EU VECTO Urban Bus,Urban,2262,44.2,-2.79176082862523,0,1
VECTO-URBAN,EU VECTO Urban Bus,Urban,2263,44.2,-2.77095103578154,0,1
VECTO-URBAN,EU VECTO Urban Bus,Urban,2264,44.2,-2.75014124293785,0,1
VECTO-URBAN,EU VECTO Urban Bus,Urban,2265,44.2,-2.72933145009416,0,1
VECTO-URBAN,EU VECTO Urban Bus,Urban,2266,44.2,-2.70852165725047,0,1
VECTO-URBAN,EU VECTO Urban Bus,Urban,2267,44.2,-2.58214285714288,0,1
VECTO-URBAN,EU VECTO Urban Bus,Urban,2268,39.52,-2.2061111111112,0,1
VECTO-URBAN,EU VECTO Urban Bus,Urban,2269,34.84,-1.53972222222228,0,1
VECTO-URBAN,EU VECTO Urban Bus,Urban,2270,30.16,-0.515000000000236,0,1
VECTO-URBAN,EU VECTO Urban Bus,Urban,2271,25.48,0.448055555555493,0,1
VECTO-URBAN,EU VECTO Urban Bus,Urban,2272,20.8,1.47777777777737,0,1
VECTO-URBAN,EU VECTO Urban Bus,Urban,2273,16.12,2.30333333333292,0,1
VECTO-URBAN,EU VECTO Urban Bus,Urban,2274,11.44,2.96888888888861,0,1
VECTO-URBAN,EU VECTO Urban Bus,Urban,2275,15.04,3.70222222222201,0,1
VECTO-URBAN,EU VECTO Urban Bus,Urban,2276,10.36,4.30999999999949,0,1
VECTO-URBAN,EU VECTO Urban Bus,Urban,2277,5.68,4.4,0,1
VECTO-URBAN,EU VECTO Urban Bus,Urban,2278,0.999999999999998,4.4,0,1
VECTO-URBAN,EU VECTO Urban Bus,Urban,2279,0,4.4,1,1.1
VECTO-URBAN,EU VECTO Urban Bus,Urban,2280,0,4.4,1,1.1
VECTO-URBAN,EU VECTO Urban Bus,Urban,2281,0,4.4,1,1.1
VECTO-URBAN,EU VECTO Urban Bus,Urban,2282,0,4.4,1,1.1
VECTO-URBAN,EU VECTO Urban Bus,Urban,2283,0,4.4,1,1.1
VECTO-URBAN,EU VECTO Urban Bus,Urban,2284,0,4.4,1,1.1
VECTO-URBAN,EU VECTO Urban Bus,Urban,2285,0,4.4,1,1.1
VECTO-URBAN,EU VECTO Urban Bus,Urban,2286,0,4.4,1,1.1
VECTO-URBAN,EU VECTO Urban Bus,Urban,2287,0,4.4,1,1.1
VECTO-URBAN,EU VECTO Urban Bus,Urban,2288,0,4.4,1,1.1
VECTO-URBAN,EU VECTO Urban Bus,Urban,2289,0,4.4,1,1.1
VECTO-URBAN,EU VECTO Urban Bus,Urban,2290,0,4.4,1,1.1
VECTO-URBAN,EU VECTO Urban Bus,Urban,2291,0,4.4,1,1.1
VECTO-URBAN,EU VECTO Urban Bus,Urban,2292,0,4.4,1,1.1
VECTO-URBAN,EU VECTO Urban Bus,Urban,2293,0,4.4,1,1.1
VECTO-URBAN,EU VECTO Urban Bus,Urban,2294,0,4.4,1,1.1
VECTO-URBAN,EU VECTO Urban Bus,Urban,2295,0,4.4,1,1.1
VECTO-URBAN,EU VECTO Urban Bus,Urban,2296,0,4.4,1,1.1
VECTO-URBAN,EU VECTO Urban Bus,Urban,2297,0,4.4,1,1.1
VECTO-URBAN,EU VECTO Urban Bus,Urban,2298,0,4.4,1,1.1
VECTO-URBAN,EU VECTO Urban Bus,Urban,2299,0,4.4,1,1.1
VECTO-URBAN,EU VECTO Urban Bus,Urban,2300,0,4.4,1,1.1
VECTO-URBAN,EU VECTO Urban Bus,Urban,2301,0,4.4,0,1
VECTO-URBAN,EU VECTO Urban Bus,Urban,2302,3.6,4.4,0,1
VECTO-URBAN,EU VECTO Urban Bus,Urban,2303,7.2,4.8,0,1
VECTO-URBAN,EU VECTO Urban Bus,Urban,2304,10.8,5.2,0,1
VECTO-URBAN,EU VECTO Urban Bus,Urban,2305,14.4,5.7,0,1
VECTO-URBAN,EU VECTO Urban Bus,Urban,2306,18,6.35,0,1
VECTO-URBAN,EU VECTO Urban Bus,Urban,2307,21.6,7,0,1
VECTO-URBAN,EU VECTO Urban Bus,Urban,2308,25.2,7.525,0,1
VECTO-URBAN,EU VECTO Urban Bus,Urban,2309,28.8,7.78888888888889,0,1
VECTO-URBAN,EU VECTO Urban Bus,Urban,2310,32.4,7.6875,0,1
VECTO-URBAN,EU VECTO Urban Bus,Urban,2311,33.4,7.23611111111113,0,1
VECTO-URBAN,EU VECTO Urban Bus,Urban,2312,33.4,6.40833333333339,0,1
VECTO-URBAN,EU VECTO Urban Bus,Urban,2313,33.4,5.29027777777783,0,1
VECTO-URBAN,EU VECTO Urban Bus,Urban,2314,33.4,4.35277777777792,0,1
VECTO-URBAN,EU VECTO Urban Bus,Urban,2315,33.4,3.22500000000018,0,1
VECTO-URBAN,EU VECTO Urban Bus,Urban,2316,33.4,2.29444444444489,0,1
VECTO-URBAN,EU VECTO Urban Bus,Urban,2317,33.4,1.43472222222235,0,1
VECTO-URBAN,EU VECTO Urban Bus,Urban,2318,33.4,0.74166666666697,0,1
VECTO-URBAN,EU VECTO Urban Bus,Urban,2319,33.4,0.106944444444616,0,1
VECTO-URBAN,EU VECTO Urban Bus,Urban,2320,33.4,-0.306944444444252,0,1
VECTO-URBAN,EU VECTO Urban Bus,Urban,2321,33.4,-0.660416666666561,0,1
VECTO-URBAN,EU VECTO Urban Bus,Urban,2322,33.4,-0.917361111110995,0,1
VECTO-URBAN,EU VECTO Urban Bus,Urban,2323,33.4,-1.16574074074057,0,1
VECTO-URBAN,EU VECTO Urban Bus,Urban,2324,33.4,-1.33749999999991,0,1
VECTO-URBAN,EU VECTO Urban Bus,Urban,2325,33.4,-1.50659722222215,0,1
VECTO-URBAN,EU VECTO Urban Bus,Urban,2326,33.4,-1.62579365079356,0,1
VECTO-URBAN,EU VECTO Urban Bus,Urban,2327,33.4,-1.7453703703703,0,1
VECTO-URBAN,EU VECTO Urban Bus,Urban,2328,33.4,-1.78546296296299,0,1
VECTO-URBAN,EU VECTO Urban Bus,Urban,2329,33.4,-1.75453703703706,0,1
VECTO-URBAN,EU VECTO Urban Bus,Urban,2330,33.4,-1.72361111111114,0,1
VECTO-URBAN,EU VECTO Urban Bus,Urban,2331,33.4,-1.66342592592606,0,1
VECTO-URBAN,EU VECTO Urban Bus,Urban,2332,33.4,-1.50879629629644,0,1
VECTO-URBAN,EU VECTO Urban Bus,Urban,2333,33.4,-1.25625000000023,0,1
VECTO-URBAN,EU VECTO Urban Bus,Urban,2334,33.4,-0.949305555555793,0,1
VECTO-URBAN,EU VECTO Urban Bus,Urban,2335,33.4,-0.592361111111359,0,1
VECTO-URBAN,EU VECTO Urban Bus,Urban,2336,33.4,-0.280555555555899,0,1
VECTO-URBAN,EU VECTO Urban Bus,Urban,2337,33.4,-0.00462962962998669,0,1
VECTO-URBAN,EU VECTO Urban Bus,Urban,2338,33.4,0.239236111110972,0,1
VECTO-URBAN,EU VECTO Urban Bus,Urban,2339,28.72,0.265757575757677,0,1
VECTO-URBAN,EU VECTO Urban Bus,Urban,2340,24.04,0.19811111111132,0,1
VECTO-URBAN,EU VECTO Urban Bus,Urban,2341,19.36,0.0719444444447163,0,1
VECTO-URBAN,EU VECTO Urban Bus,Urban,2342,14.68,-0.061666666666315,0,1
VECTO-URBAN,EU VECTO Urban Bus,Urban,2343,10,-0.209259259258882,0,1
VECTO-URBAN,EU VECTO Urban Bus,Urban,2344,5.32,-0.280185185184807,0,1
VECTO-URBAN,EU VECTO Urban Bus,Urban,2345,0.639999999999999,-0.3,0,1
VECTO-URBAN,EU VECTO Urban Bus,Urban,2346,4.24,-0.3,0,1
VECTO-URBAN,EU VECTO Urban Bus,Urban,2347,0,-0.3,1,1.1
VECTO-URBAN,EU VECTO Urban Bus,Urban,2348,0,-0.3,1,1.1
VECTO-URBAN,EU VECTO Urban Bus,Urban,2349,0,-0.3,1,1.1
VECTO-URBAN,EU VECTO Urban Bus,Urban,2350,0,-0.3,1,1.1
VECTO-URBAN,EU VECTO Urban Bus,Urban,2351,0,-0.3,1,1.1
VECTO-URBAN,EU VECTO Urban Bus,Urban,2352,0,-0.3,1,1.1
VECTO-URBAN,EU VECTO Urban Bus,Urban,2353,0,-0.3,1,1.1
VECTO-URBAN,EU VECTO Urban Bus,Urban,2354,0,-0.3,1,1.1
VECTO-URBAN,EU VECTO Urban Bus,Urban,2355,0,-0.3,0,1
VECTO-URBAN,EU VECTO Urban Bus,Urban,2356,3.6,-0.3,0,1
VECTO-URBAN,EU VECTO Urban Bus,Urban,2357,7.2,-0.4,0,1
VECTO-URBAN,EU VECTO Urban Bus,Urban,2358,10.8,-0.625,0,1
VECTO-URBAN,EU VECTO Urban Bus,Urban,2359,14.4,-0.9,0,1
VECTO-URBAN,EU VECTO Urban Bus,Urban,2360,18,-1.125,0,1
VECTO-URBAN,EU VECTO Urban Bus,Urban,2361,21.6,-1.5,0,1
VECTO-URBAN,EU VECTO Urban Bus,Urban,2362,25.2,-1.85,0,1
VECTO-URBAN,EU VECTO Urban Bus,Urban,2363,28.8,-2.35,0,1
VECTO-URBAN,EU VECTO Urban Bus,Urban,2364,32.4,-2.7125,0,1
VECTO-URBAN,EU VECTO Urban Bus,Urban,2365,34.8,-2.88589743589743,0,1
VECTO-URBAN,EU VECTO Urban Bus,Urban,2366,34.8,-2.81153846153846,0,1
VECTO-URBAN,EU VECTO Urban Bus,Urban,2367,34.8,-2.5277777777778,0,1
VECTO-URBAN,EU VECTO Urban Bus,Urban,2368,34.8,-2.00833333333339,0,1
VECTO-URBAN,EU VECTO Urban Bus,Urban,2369,34.8,-1.25000000000018,0,1
VECTO-URBAN,EU VECTO Urban Bus,Urban,2370,34.8,-0.441666666666788,0,1
VECTO-URBAN,EU VECTO Urban Bus,Urban,2371,34.8,0.48333333333303,0,1
VECTO-URBAN,EU VECTO Urban Bus,Urban,2372,34.8,1.24999999999964,0,1
VECTO-URBAN,EU VECTO Urban Bus,Urban,2373,30.12,1.85055555555543,0,1
VECTO-URBAN,EU VECTO Urban Bus,Urban,2374,25.44,2.17444444444433,0,1
VECTO-URBAN,EU VECTO Urban Bus,Urban,2375,20.76,2.28071428571423,0,1
VECTO-URBAN,EU VECTO Urban Bus,Urban,2376,16.08,2.20583333333343,0,1
VECTO-URBAN,EU VECTO Urban Bus,Urban,2377,11.4,2.08055555555566,0,1
VECTO-URBAN,EU VECTO Urban Bus,Urban,2378,6.72,2,0,1
VECTO-URBAN,EU VECTO Urban Bus,Urban,2379,10.32,2,0,1
VECTO-URBAN,EU VECTO Urban Bus,Urban,2380,5.64,2,0,1
VECTO-URBAN,EU VECTO Urban Bus,Urban,2381,0.959999999999998,2,0,1
VECTO-URBAN,EU VECTO Urban Bus,Urban,2382,0,2,1,1.1
VECTO-URBAN,EU VECTO Urban Bus,Urban,2383,0,2,0,1
VECTO-URBAN,EU VECTO Urban Bus,Urban,2384,3.6,2,0,1
VECTO-URBAN,EU VECTO Urban Bus,Urban,2385,7.2,1.95,0,1
VECTO-URBAN,EU VECTO Urban Bus,Urban,2386,10.8,1.825,0,1
VECTO-URBAN,EU VECTO Urban Bus,Urban,2387,14.4,1.7,0,1
VECTO-URBAN,EU VECTO Urban Bus,Urban,2388,18,1.51666666666667,0,1
VECTO-URBAN,EU VECTO Urban Bus,Urban,2389,21.6,1.3,0,1
VECTO-URBAN,EU VECTO Urban Bus,Urban,2390,25.2,1.05,0,1
VECTO-URBAN,EU VECTO Urban Bus,Urban,2391,28.8,0.825,0,1
VECTO-URBAN,EU VECTO Urban Bus,Urban,2392,32.4,0.839473684210526,0,1
VECTO-URBAN,EU VECTO Urban Bus,Urban,2393,36,0.889473684210526,0,1
VECTO-URBAN,EU VECTO Urban Bus,Urban,2394,39.6,1.1125,0,1
VECTO-URBAN,EU VECTO Urban Bus,Urban,2395,43.2,1.45,0,1
VECTO-URBAN,EU VECTO Urban Bus,Urban,2396,46.8,1.875,0,1
VECTO-URBAN,EU VECTO Urban Bus,Urban,2397,48.3,2.31416666666668,0,1
VECTO-URBAN,EU VECTO Urban Bus,Urban,2398,48.3,2.5625,0,1
VECTO-URBAN,EU VECTO Urban Bus,Urban,2399,48.3,2.69791666666667,0,1
VECTO-URBAN,EU VECTO Urban Bus,Urban,2400,48.3,2.64631410256411,0,1
VECTO-URBAN,EU VECTO Urban Bus,Urban,2401,48.3,2.58942307692309,0,1
VECTO-URBAN,EU VECTO Urban Bus,Urban,2402,48.3,2.48009259259262,0,1
VECTO-URBAN,EU VECTO Urban Bus,Urban,2403,48.3,2.32239583333337,0,1
VECTO-URBAN,EU VECTO Urban Bus,Urban,2404,48.3,2.08750000000007,0,1
VECTO-URBAN,EU VECTO Urban Bus,Urban,2405,43.62,1.81216666666674,0,1
VECTO-URBAN,EU VECTO Urban Bus,Urban,2406,38.94,1.52854166666675,0,1
VECTO-URBAN,EU VECTO Urban Bus,Urban,2407,34.26,1.1993750000001,0,1
VECTO-URBAN,EU VECTO Urban Bus,Urban,2408,29.58,0.905416666666861,0,1
VECTO-URBAN,EU VECTO Urban Bus,Urban,2409,24.9,0.684722222222323,0,1
VECTO-URBAN,EU VECTO Urban Bus,Urban,2410,20.22,0.475833333333442,0,1
VECTO-URBAN,EU VECTO Urban Bus,Urban,2411,23.82,0.303958333333412,0,1
VECTO-URBAN,EU VECTO Urban Bus,Urban,2412,19.14,0.127666666666773,0,1
VECTO-URBAN,EU VECTO Urban Bus,Urban,2413,14.46,0,0,1
VECTO-URBAN,EU VECTO Urban Bus,Urban,2414,9.77999999999999,0,0,1
VECTO-URBAN,EU VECTO Urban Bus,Urban,2415,5.09999999999999,0,0,1
VECTO-URBAN,EU VECTO Urban Bus,Urban,2416,0.419999999999991,0,0,1
VECTO-URBAN,EU VECTO Urban Bus,Urban,2417,0,0,1,1.1
VECTO-URBAN,EU VECTO Urban Bus,Urban,2418,0,0,1,1.1
VECTO-URBAN,EU VECTO Urban Bus,Urban,2419,0,0,1,1.1
VECTO-URBAN,EU VECTO Urban Bus,Urban,2420,0,0,1,1.1
VECTO-URBAN,EU VECTO Urban Bus,Urban,2421,0,0,1,1.1
VECTO-URBAN,EU VECTO Urban Bus,Urban,2422,0,0,1,1.1
VECTO-URBAN,EU VECTO Urban Bus,Urban,2423,0,0,1,1.1
VECTO-URBAN,EU VECTO Urban Bus,Urban,2424,0,0,1,1.1
VECTO-URBAN,EU VECTO Urban Bus,Urban,2425,0,0,1,1.1
VECTO-URBAN,EU VECTO Urban Bus,Urban,2426,0,0,1,1.1
VECTO-URBAN,EU VECTO Urban Bus,Urban,2427,0,0,1,1.1
VECTO-URBAN,EU VECTO Urban Bus,Urban,2428,0,0,1,1.1
VECTO-URBAN,EU VECTO Urban Bus,Urban,2429,0,0,1,1.1
VECTO-URBAN,EU VECTO Urban Bus,Urban,2430,0,0,1,1.1
VECTO-URBAN,EU VECTO Urban Bus,Urban,2431,0,0,1,1.1
VECTO-URBAN,EU VECTO Urban Bus,Urban,2432,0,0,0,1
VECTO-URBAN,EU VECTO Urban Bus,Urban,2433,3.6,0,0,1
VECTO-URBAN,EU VECTO Urban Bus,Urban,2434,7.2,0,0,1
VECTO-URBAN,EU VECTO Urban Bus,Urban,2435,10.8,-0.0357142857142857,0,1
VECTO-URBAN,EU VECTO Urban Bus,Urban,2436,14.4,-0.0857142857142857,0,1
VECTO-URBAN,EU VECTO Urban Bus,Urban,2437,18,-0.125,0,1
VECTO-URBAN,EU VECTO Urban Bus,Urban,2438,21.6,-0.164285714285714,0,1
VECTO-URBAN,EU VECTO Urban Bus,Urban,2439,25.2,-0.204411764705882,0,1
VECTO-URBAN,EU VECTO Urban Bus,Urban,2440,28.8,-0.226470588235294,0,1
VECTO-URBAN,EU VECTO Urban Bus,Urban,2441,32.4,-0.251470588235294,0,1
VECTO-URBAN,EU VECTO Urban Bus,Urban,2442,36,-0.279411764705882,0,1
VECTO-URBAN,EU VECTO Urban Bus,Urban,2443,39.6,-0.326923076923077,0,1
VECTO-URBAN,EU VECTO Urban Bus,Urban,2444,41.7,-0.417916666666661,0,1
VECTO-URBAN,EU VECTO Urban Bus,Urban,2445,41.7,-0.528125,0,1
VECTO-URBAN,EU VECTO Urban Bus,Urban,2446,41.7,-0.592414529914528,0,1
VECTO-URBAN,EU VECTO Urban Bus,Urban,2447,41.7,-0.562713675213672,0,1
VECTO-URBAN,EU VECTO Urban Bus,Urban,2448,41.7,-0.533012820512816,0,1
VECTO-URBAN,EU VECTO Urban Bus,Urban,2449,41.7,-0.50331196581196,0,1
VECTO-URBAN,EU VECTO Urban Bus,Urban,2450,41.7,-0.406439393939366,0,1
VECTO-URBAN,EU VECTO Urban Bus,Urban,2451,41.7,-0.282954545454512,0,1
VECTO-URBAN,EU VECTO Urban Bus,Urban,2452,41.7,-0.172685185185138,0,1
VECTO-URBAN,EU VECTO Urban Bus,Urban,2453,41.7,-0.036979166666606,0,1
VECTO-URBAN,EU VECTO Urban Bus,Urban,2454,41.7,0.0784090909091405,0,1
VECTO-URBAN,EU VECTO Urban Bus,Urban,2455,41.7,0.17083333333338,0,1
VECTO-URBAN,EU VECTO Urban Bus,Urban,2456,41.7,0.25565476190481,0,1
VECTO-URBAN,EU VECTO Urban Bus,Urban,2457,37.02,0.3,0,1
VECTO-URBAN,EU VECTO Urban Bus,Urban,2458,40.62,0.350277777777956,0,1
VECTO-URBAN,EU VECTO Urban Bus,Urban,2459,44.22,0.457175925925953,0,1
VECTO-URBAN,EU VECTO Urban Bus,Urban,2460,45.7,0.513279320987668,0,1
VECTO-URBAN,EU VECTO Urban Bus,Urban,2461,45.7,0.548541666666683,0,1
VECTO-URBAN,EU VECTO Urban Bus,Urban,2462,45.7,0.583804012345697,0,1
VECTO-URBAN,EU VECTO Urban Bus,Urban,2463,45.7,0.547200854700797,0,1
VECTO-URBAN,EU VECTO Urban Bus,Urban,2464,45.7,0.483604166666646,0,1
VECTO-URBAN,EU VECTO Urban Bus,Urban,2465,45.7,0.451868055555533,0,1
VECTO-URBAN,EU VECTO Urban Bus,Urban,2466,45.7,0.42013194444442,0,1
VECTO-URBAN,EU VECTO Urban Bus,Urban,2467,45.7,0.381433333333291,0,1
VECTO-URBAN,EU VECTO Urban Bus,Urban,2468,45.7,0.33065555555551,0,1
VECTO-URBAN,EU VECTO Urban Bus,Urban,2469,45.7,0.310935990338191,0,1
VECTO-URBAN,EU VECTO Urban Bus,Urban,2470,45.7,0.338532608695681,0,1
VECTO-URBAN,EU VECTO Urban Bus,Urban,2471,45.7,0.36612922705317,0,1
VECTO-URBAN,EU VECTO Urban Bus,Urban,2472,45.7,0.39372584541066,0,1
VECTO-URBAN,EU VECTO Urban Bus,Urban,2473,45.7,0.457696078431464,0,1
VECTO-URBAN,EU VECTO Urban Bus,Urban,2474,45.7,0.534392361111213,0,1
VECTO-URBAN,EU VECTO Urban Bus,Urban,2475,45.7,0.594217836257265,0,1
VECTO-URBAN,EU VECTO Urban Bus,Urban,2476,41.02,0.562521929824518,0,1
VECTO-URBAN,EU VECTO Urban Bus,Urban,2477,36.34,0.534247076023348,0,1
VECTO-URBAN,EU VECTO Urban Bus,Urban,2478,31.66,0.509393274853755,0,1
VECTO-URBAN,EU VECTO Urban Bus,Urban,2479,26.98,0.458409090908935,0,1
VECTO-URBAN,EU VECTO Urban Bus,Urban,2480,22.3,0.394756944444225,0,1
VECTO-URBAN,EU VECTO Urban Bus,Urban,2481,17.62,0.325451388888678,0,1
VECTO-URBAN,EU VECTO Urban Bus,Urban,2482,12.94,0.3,0,1
VECTO-URBAN,EU VECTO Urban Bus,Urban,2483,13.0625000010645,0.3,0,1
VECTO-URBAN,EU VECTO Urban Bus,Urban,2484,8.38250000106447,0.3,0,1
VECTO-URBAN,EU VECTO Urban Bus,Urban,2485,3.70250000106447,0.3,0,1
VECTO-URBAN,EU VECTO Urban Bus,Urban,2486,7.30250000106447,0.3,0,1
VECTO-URBAN,EU VECTO Urban Bus,Urban,2487,2.62250000106447,0.3,0,1
VECTO-URBAN,EU VECTO Urban Bus,Urban,2488,0,0.3,1,1.1
VECTO-URBAN,EU VECTO Urban Bus,Urban,2489,0,0.3,1,1.1
VECTO-URBAN,EU VECTO Urban Bus,Urban,2490,0,0.3,1,1.1
VECTO-URBAN,EU VECTO Urban Bus,Urban,2491,0,0.3,1,1.1
VECTO-URBAN,EU VECTO Urban Bus,Urban,2492,0,0.3,1,1.1
VECTO-URBAN,EU VECTO Urban Bus,Urban,2493,0,0.3,1,1.1
VECTO-URBAN,EU VECTO Urban Bus,Urban,2494,0,0.3,1,1.1
VECTO-URBAN,EU VECTO Urban Bus,Urban,2495,0,0.3,1,1.1
VECTO-URBAN,EU VECTO Urban Bus,Urban,2496,0,0.3,1,1.1
VECTO-URBAN,EU VECTO Urban Bus,Urban,2497,0,0.3,1,1.1
VECTO-URBAN,EU VECTO Urban Bus,Urban,2498,0,0.3,1,1.1
VECTO-URBAN,EU VECTO Urban Bus,Urban,2499,0,0.3,1,1.1
VECTO-URBAN,EU VECTO Urban Bus,Urban,2500,0,0.3,1,1.1
VECTO-URBAN,EU VECTO Urban Bus,Urban,2501,0,0.3,1,1.1
VECTO-URBAN,EU VECTO Urban Bus,Urban,2502,0,0.3,1,1.1
VECTO-URBAN,EU VECTO Urban Bus,Urban,2503,0,0.3,1,1.1
VECTO-URBAN,EU VECTO Urban Bus,Urban,2504,0,0.3,1,1.1
VECTO-URBAN,EU VECTO Urban Bus,Urban,2505,0,0.3,0,1
VECTO-URBAN,EU VECTO Urban Bus,Urban,2506,3.6,0.3,0,1
VECTO-URBAN,EU VECTO Urban Bus,Urban,2507,7.2,0.2,0,1
VECTO-URBAN,EU VECTO Urban Bus,Urban,2508,10.8,0.158333333333333,0,1
VECTO-URBAN,EU VECTO Urban Bus,Urban,2509,14.4,0.1,0,1
VECTO-URBAN,EU VECTO Urban Bus,Urban,2510,18,0.075,0,1
VECTO-URBAN,EU VECTO Urban Bus,Urban,2511,21.6,0.0444444444444444,0,1
VECTO-URBAN,EU VECTO Urban Bus,Urban,2512,25.2,0.00833333333333334,0,1
VECTO-URBAN,EU VECTO Urban Bus,Urban,2513,28.8,0.0428571428571429,0,1
VECTO-URBAN,EU VECTO Urban Bus,Urban,2514,32.4,0.101515151515152,0,1
VECTO-URBAN,EU VECTO Urban Bus,Urban,2515,36,0.13030303030303,0,1
VECTO-URBAN,EU VECTO Urban Bus,Urban,2516,39.6,0.162121212121212,0,1
VECTO-URBAN,EU VECTO Urban Bus,Urban,2517,43.2,0.196969696969697,0,1
VECTO-URBAN,EU VECTO Urban Bus,Urban,2518,46.8,0.239655172413793,0,1
VECTO-URBAN,EU VECTO Urban Bus,Urban,2519,50.4,0.286206896551724,0,1
VECTO-URBAN,EU VECTO Urban Bus,Urban,2520,54,0.33,0,1
VECTO-URBAN,EU VECTO Urban Bus,Urban,2521,57.6,0.374285714285714,0,1
VECTO-URBAN,EU VECTO Urban Bus,Urban,2522,61.2,0.410416666666667,0,1
VECTO-URBAN,EU VECTO Urban Bus,Urban,2523,62.7,0.43431712962963,0,1
VECTO-URBAN,EU VECTO Urban Bus,Urban,2524,62.7,0.458506944444444,0,1
VECTO-URBAN,EU VECTO Urban Bus,Urban,2525,62.7,0.482696759259258,0,1
VECTO-URBAN,EU VECTO Urban Bus,Urban,2526,62.7,0.487906504065044,0,1
VECTO-URBAN,EU VECTO Urban Bus,Urban,2527,62.7,0.445426829268297,0,1
VECTO-URBAN,EU VECTO Urban Bus,Urban,2528,62.7,0.402947154471551,0,1
VECTO-URBAN,EU VECTO Urban Bus,Urban,2529,62.7,0.409943762781184,0,1
VECTO-URBAN,EU VECTO Urban Bus,Urban,2530,62.7,0.420628834355826,0,1
VECTO-URBAN,EU VECTO Urban Bus,Urban,2531,62.7,0.431313905930468,0,1
VECTO-URBAN,EU VECTO Urban Bus,Urban,2532,62.7,0.44199897750511,0,1
VECTO-URBAN,EU VECTO Urban Bus,Urban,2533,62.7,0.452684049079751,0,1
VECTO-URBAN,EU VECTO Urban Bus,Urban,2534,62.7,0.463369120654393,0,1
VECTO-URBAN,EU VECTO Urban Bus,Urban,2535,62.7,0.474054192229035,0,1
VECTO-URBAN,EU VECTO Urban Bus,Urban,2536,62.7,0.484739263803677,0,1
VECTO-URBAN,EU VECTO Urban Bus,Urban,2537,62.7,0.495424335378318,0,1
VECTO-URBAN,EU VECTO Urban Bus,Urban,2538,62.7,0.545265151515113,0,1
VECTO-URBAN,EU VECTO Urban Bus,Urban,2539,58.02,0.642954545454466,0,1
VECTO-URBAN,EU VECTO Urban Bus,Urban,2540,53.34,0.791916666666584,0,1
VECTO-URBAN,EU VECTO Urban Bus,Urban,2541,48.66,1.06716666666649,0,1
VECTO-URBAN,EU VECTO Urban Bus,Urban,2542,43.98,1.41124999999956,0,1
VECTO-URBAN,EU VECTO Urban Bus,Urban,2543,39.3,1.88958333333294,0,1
VECTO-URBAN,EU VECTO Urban Bus,Urban,2544,34.62,2.35291666666626,0,1
VECTO-URBAN,EU VECTO Urban Bus,Urban,2545,29.94,2.85124999999962,0,1
VECTO-URBAN,EU VECTO Urban Bus,Urban,2546,25.26,3.25638888888861,0,1
VECTO-URBAN,EU VECTO Urban Bus,Urban,2547,20.58,3.60194444444417,0,1
VECTO-URBAN,EU VECTO Urban Bus,Urban,2548,15.9,3.77083333333309,0,1
VECTO-URBAN,EU VECTO Urban Bus,Urban,2549,11.22,3.87229166666648,0,1
VECTO-URBAN,EU VECTO Urban Bus,Urban,2550,6.53999999999999,3.9,0,1
VECTO-URBAN,EU VECTO Urban Bus,Urban,2551,1.85999999999999,3.9,0,1
VECTO-URBAN,EU VECTO Urban Bus,Urban,2552,5.45999999999999,3.9,0,1
VECTO-URBAN,EU VECTO Urban Bus,Urban,2553,0.779999999999988,3.9,0,1
VECTO-URBAN,EU VECTO Urban Bus,Urban,2554,0,3.9,1,1.1
VECTO-URBAN,EU VECTO Urban Bus,Urban,2555,0,3.9,1,1.1
VECTO-URBAN,EU VECTO Urban Bus,Urban,2556,0,3.9,1,1.1
VECTO-URBAN,EU VECTO Urban Bus,Urban,2557,0,3.9,1,1.1
VECTO-URBAN,EU VECTO Urban Bus,Urban,2558,0,3.9,1,1.1
VECTO-URBAN,EU VECTO Urban Bus,Urban,2559,0,3.9,1,1.1
VECTO-URBAN,EU VECTO Urban Bus,Urban,2560,0,3.9,1,1.1
VECTO-URBAN,EU VECTO Urban Bus,Urban,2561,0,3.9,1,1.1
VECTO-URBAN,EU VECTO Urban Bus,Urban,2562,0,3.9,1,1.1
VECTO-URBAN,EU VECTO Urban Bus,Urban,2563,0,3.9,1,1.1
VECTO-URBAN,EU VECTO Urban Bus,Urban,2564,0,3.9,1,1.1
VECTO-URBAN,EU VECTO Urban Bus,Urban,2565,0,3.9,1,1.1
VECTO-URBAN,EU VECTO Urban Bus,Urban,2566,0,3.9,1,1.1
VECTO-URBAN,EU VECTO Urban Bus,Urban,2567,0,3.9,0,1
VECTO-URBAN,EU VECTO Urban Bus,Urban,2568,3.6,3.9,0,1
VECTO-URBAN,EU VECTO Urban Bus,Urban,2569,7.2,3.9,0,1
VECTO-URBAN,EU VECTO Urban Bus,Urban,2570,10.8,3.9,0,1
VECTO-URBAN,EU VECTO Urban Bus,Urban,2571,14.4,3.8625,0,1
VECTO-URBAN,EU VECTO Urban Bus,Urban,2572,18,3.80625,0,1
VECTO-URBAN,EU VECTO Urban Bus,Urban,2573,21.6,3.63333333333333,0,1
VECTO-URBAN,EU VECTO Urban Bus,Urban,2574,25.2,3.275,0,1
VECTO-URBAN,EU VECTO Urban Bus,Urban,2575,28.8,2.7,0,1
VECTO-URBAN,EU VECTO Urban Bus,Urban,2576,32.4,2.025,0,1
VECTO-URBAN,EU VECTO Urban Bus,Urban,2577,33.4,1.03611111111113,0,1
VECTO-URBAN,EU VECTO Urban Bus,Urban,2578,33.4,0.00833333333339397,0,1
VECTO-URBAN,EU VECTO Urban Bus,Urban,2579,33.4,-1.01944444444434,0,1
VECTO-URBAN,EU VECTO Urban Bus,Urban,2580,28.72,-1.89111111111106,0,1
VECTO-URBAN,EU VECTO Urban Bus,Urban,2581,24.04,-2.65749999999998,0,1
VECTO-URBAN,EU VECTO Urban Bus,Urban,2582,27.64,-3.33277777777766,0,1
VECTO-URBAN,EU VECTO Urban Bus,Urban,2583,22.96,-3.8177777777777,0,1
VECTO-URBAN,EU VECTO Urban Bus,Urban,2584,18.28,-4.10277777777774,0,1
VECTO-URBAN,EU VECTO Urban Bus,Urban,2585,13.6,-4.2,0,1
VECTO-URBAN,EU VECTO Urban Bus,Urban,2586,8.92,-4.2,0,1
VECTO-URBAN,EU VECTO Urban Bus,Urban,2587,4.24,-4.2,0,1
VECTO-URBAN,EU VECTO Urban Bus,Urban,2588,0,-4.2,1,1.1
VECTO-URBAN,EU VECTO Urban Bus,Urban,2589,0,-4.2,1,1.1
VECTO-URBAN,EU VECTO Urban Bus,Urban,2590,0,-4.2,1,1.1
VECTO-URBAN,EU VECTO Urban Bus,Urban,2591,0,-4.2,1,1.1
VECTO-URBAN,EU VECTO Urban Bus,Urban,2592,0,-4.2,1,1.1
VECTO-URBAN,EU VECTO Urban Bus,Urban,2593,0,-4.2,1,1.1
VECTO-URBAN,EU VECTO Urban Bus,Urban,2594,0,-4.2,1,1.1
VECTO-URBAN,EU VECTO Urban Bus,Urban,2595,0,-4.2,1,1.1
VECTO-URBAN,EU VECTO Urban Bus,Urban,2596,0,-4.2,1,1.1
VECTO-URBAN,EU VECTO Urban Bus,Urban,2597,0,-4.2,1,1.1
VECTO-URBAN,EU VECTO Urban Bus,Urban,2598,0,-4.2,1,1.1
VECTO-URBAN,EU VECTO Urban Bus,Urban,2599,0,-4.2,1,1.1
VECTO-URBAN,EU VECTO Urban Bus,Urban,2600,0,-4.2,1,1.1
VECTO-URBAN,EU VECTO Urban Bus,Urban,2601,0,-4.2,1,1.1
VECTO-URBAN,EU VECTO Urban Bus,Urban,2602,0,-4.2,1,1.1
VECTO-URBAN,EU VECTO Urban Bus,Urban,2603,0,-4.2,1,1.1
VECTO-URBAN,EU VECTO Urban Bus,Urban,2604,0,-4.2,1,1.1
VECTO-URBAN,EU VECTO Urban Bus,Urban,2605,0,-4.2,1,1.1
VECTO-URBAN,EU VECTO Urban Bus,Urban,2606,0,-4.2,1,1.1
VECTO-URBAN,EU VECTO Urban Bus,Urban,2607,0,-4.2,0,1
VECTO-URBAN,EU VECTO Urban Bus,Urban,2608,3.6,-4.2,0,1
VECTO-URBAN,EU VECTO Urban Bus,Urban,2609,7.2,-4.25,0,1
VECTO-URBAN,EU VECTO Urban Bus,Urban,2610,10.8,-4.28125,0,1
VECTO-URBAN,EU VECTO Urban Bus,Urban,2611,14.4,-4.2375,0,1
VECTO-URBAN,EU VECTO Urban Bus,Urban,2612,18,-4.1625,0,1
VECTO-URBAN,EU VECTO Urban Bus,Urban,2613,21.6,-3.96666666666667,0,1
VECTO-URBAN,EU VECTO Urban Bus,Urban,2614,25.2,-3.65,0,1
VECTO-URBAN,EU VECTO Urban Bus,Urban,2615,28.2,-3.10833333333339,0,1
VECTO-URBAN,EU VECTO Urban Bus,Urban,2616,28.2,-2.4625,0,1
VECTO-URBAN,EU VECTO Urban Bus,Urban,2617,28.2,-1.78333333333321,0,1
VECTO-URBAN,EU VECTO Urban Bus,Urban,2618,28.2,-1.22916666666661,0,1
VECTO-URBAN,EU VECTO Urban Bus,Urban,2619,28.2,-0.674999999999818,0,1
VECTO-URBAN,EU VECTO Urban Bus,Urban,2620,28.2,-0.163888888888808,0,1
VECTO-URBAN,EU VECTO Urban Bus,Urban,2621,23.52,0.175555555555608,0,1
VECTO-URBAN,EU VECTO Urban Bus,Urban,2622,18.84,0.405000000000049,0,1
VECTO-URBAN,EU VECTO Urban Bus,Urban,2623,14.16,0.543333333333385,0,1
VECTO-URBAN,EU VECTO Urban Bus,Urban,2624,9.48,0.633888888888941,0,1
VECTO-URBAN,EU VECTO Urban Bus,Urban,2625,4.8,0.7,0,1
VECTO-URBAN,EU VECTO Urban Bus,Urban,2626,0.120000000000001,0.7,0,1
VECTO-URBAN,EU VECTO Urban Bus,Urban,2627,0,0.7,1,1.1
VECTO-URBAN,EU VECTO Urban Bus,Urban,2628,0,0.7,1,1.1
VECTO-URBAN,EU VECTO Urban Bus,Urban,2629,0,0.7,1,1.1
VECTO-URBAN,EU VECTO Urban Bus,Urban,2630,0,0.7,1,1.1
VECTO-URBAN,EU VECTO Urban Bus,Urban,2631,0,0.7,1,1.1
VECTO-URBAN,EU VECTO Urban Bus,Urban,2632,0,0.7,1,1.1
VECTO-URBAN,EU VECTO Urban Bus,Urban,2633,0,0.7,1,1.1
VECTO-URBAN,EU VECTO Urban Bus,Urban,2634,0,0.7,1,1.1
VECTO-URBAN,EU VECTO Urban Bus,Urban,2635,0,0.7,1,1.1
VECTO-URBAN,EU VECTO Urban Bus,Urban,2636,0,0.7,1,1.1
VECTO-URBAN,EU VECTO Urban Bus,Urban,2637,0,0.7,1,1.1
VECTO-URBAN,EU VECTO Urban Bus,Urban,2638,0,0.7,1,1.1
VECTO-URBAN,EU VECTO Urban Bus,Urban,2639,0,0.7,0,1
VECTO-URBAN,EU VECTO Urban Bus,Urban,2640,3.6,0.7,0,1
VECTO-URBAN,EU VECTO Urban Bus,Urban,2641,7.2,0.733333333333333,0,1
VECTO-URBAN,EU VECTO Urban Bus,Urban,2642,10.8,0.81,0,1
VECTO-URBAN,EU VECTO Urban Bus,Urban,2643,14.4,0.88,0,1
VECTO-URBAN,EU VECTO Urban Bus,Urban,2644,18,0.97,0,1
VECTO-URBAN,EU VECTO Urban Bus,Urban,2645,21.6,1.08,0,1
VECTO-URBAN,EU VECTO Urban Bus,Urban,2646,25.2,1.19166666666667,0,1
VECTO-URBAN,EU VECTO Urban Bus,Urban,2647,28.8,1.35,0,1
VECTO-URBAN,EU VECTO Urban Bus,Urban,2648,32.4,1.49166666666667,0,1
VECTO-URBAN,EU VECTO Urban Bus,Urban,2649,36,1.65,0,1
VECTO-URBAN,EU VECTO Urban Bus,Urban,2650,39.6,1.77222222222222,0,1
VECTO-URBAN,EU VECTO Urban Bus,Urban,2651,43.2,1.771875,0,1
VECTO-URBAN,EU VECTO Urban Bus,Urban,2652,44,1.73402777777778,0,1
VECTO-URBAN,EU VECTO Urban Bus,Urban,2653,44,1.68888888888888,0,1
VECTO-URBAN,EU VECTO Urban Bus,Urban,2654,44,1.58055555555554,0,1
VECTO-URBAN,EU VECTO Urban Bus,Urban,2655,44,1.4174603174603,0,1
VECTO-URBAN,EU VECTO Urban Bus,Urban,2656,44,1.24285714285712,0,1
VECTO-URBAN,EU VECTO Urban Bus,Urban,2657,44,1.06296296296293,0,1
VECTO-URBAN,EU VECTO Urban Bus,Urban,2658,44,0.863888888888823,0,1
VECTO-URBAN,EU VECTO Urban Bus,Urban,2659,44,0.666666666666606,0,1
VECTO-URBAN,EU VECTO Urban Bus,Urban,2660,39.32,0.496587301587247,0,1
VECTO-URBAN,EU VECTO Urban Bus,Urban,2661,34.64,0.356111111111068,0,1
VECTO-URBAN,EU VECTO Urban Bus,Urban,2662,29.96,0.243958333333285,0,1
VECTO-URBAN,EU VECTO Urban Bus,Urban,2663,25.28,0.153827160493792,0,1
VECTO-URBAN,EU VECTO Urban Bus,Urban,2664,20.6,0.0809027777777374,0,1
VECTO-URBAN,EU VECTO Urban Bus,Urban,2665,15.92,0.01749999999995,0,1
VECTO-URBAN,EU VECTO Urban Bus,Urban,2666,11.24,0,0,1
VECTO-URBAN,EU VECTO Urban Bus,Urban,2667,6.55999999999999,0,0,1
VECTO-URBAN,EU VECTO Urban Bus,Urban,2668,10.16,0,0,1
VECTO-URBAN,EU VECTO Urban Bus,Urban,2669,5.47999999999999,0,0,1
VECTO-URBAN,EU VECTO Urban Bus,Urban,2670,0.799999999999992,0,0,1
VECTO-URBAN,EU VECTO Urban Bus,Urban,2671,0,0,1,1.1
VECTO-URBAN,EU VECTO Urban Bus,Urban,2672,0,0,1,1.1
VECTO-URBAN,EU VECTO Urban Bus,Urban,2673,0,0,1,1.1
VECTO-URBAN,EU VECTO Urban Bus,Urban,2674,0,0,1,1.1
VECTO-URBAN,EU VECTO Urban Bus,Urban,2675,0,0,1,1.1
VECTO-URBAN,EU VECTO Urban Bus,Urban,2676,0,0,1,1.1
VECTO-URBAN,EU VECTO Urban Bus,Urban,2677,0,0,1,1.1
VECTO-URBAN,EU VECTO Urban Bus,Urban,2678,0,0,1,1.1
VECTO-URBAN,EU VECTO Urban Bus,Urban,2679,0,0,1,1.1
VECTO-URBAN,EU VECTO Urban Bus,Urban,2680,0,0,1,1.1
VECTO-URBAN,EU VECTO Urban Bus,Urban,2681,0,0,1,1.1
VECTO-URBAN,EU VECTO Urban Bus,Urban,2682,0,0,1,1.1
VECTO-URBAN,EU VECTO Urban Bus,Urban,2683,0,0,1,1.1
VECTO-URBAN,EU VECTO Urban Bus,Urban,2684,0,0,1,1.1
VECTO-URBAN,EU VECTO Urban Bus,Urban,2685,0,0,1,1.1
VECTO-URBAN,EU VECTO Urban Bus,Urban,2686,0,0,1,1.1
VECTO-URBAN,EU VECTO Urban Bus,Urban,2687,0,0,1,1.1
VECTO-URBAN,EU VECTO Urban Bus,Urban,2688,0,0,1,1.1
VECTO-URBAN,EU VECTO Urban Bus,Urban,2689,0,0,1,1.1
VECTO-URBAN,EU VECTO Urban Bus,Urban,2690,0,0,1,1.1
VECTO-URBAN,EU VECTO Urban Bus,Urban,2691,0,0,1,1.1
VECTO-URBAN,EU VECTO Urban Bus,Urban,2692,0,0,0,1
VECTO-URBAN,EU VECTO Urban Bus,Urban,2693,3.6,0,0,1
VECTO-URBAN,EU VECTO Urban Bus,Urban,2694,7.2,-0.1,0,1
VECTO-URBAN,EU VECTO Urban Bus,Urban,2695,10.8,-0.1625,0,1
VECTO-URBAN,EU VECTO Urban Bus,Urban,2696,14.4,-0.233333333333333,0,1
VECTO-URBAN,EU VECTO Urban Bus,Urban,2697,18,-0.308333333333333,0,1
VECTO-URBAN,EU VECTO Urban Bus,Urban,2698,21.6,-0.4,0,1
VECTO-URBAN,EU VECTO Urban Bus,Urban,2699,25.2,-0.508333333333333,0,1
VECTO-URBAN,EU VECTO Urban Bus,Urban,2700,28.8,-0.65,0,1
VECTO-URBAN,EU VECTO Urban Bus,Urban,2701,32.4,-0.81,0,1
VECTO-URBAN,EU VECTO Urban Bus,Urban,2702,36,-1.01666666666667,0,1
VECTO-URBAN,EU VECTO Urban Bus,Urban,2703,39.6,-1.19166666666667,0,1
VECTO-URBAN,EU VECTO Urban Bus,Urban,2704,43.2,-1.38,0,1
VECTO-URBAN,EU VECTO Urban Bus,Urban,2705,46.8,-1.53571428571429,0,1
VECTO-URBAN,EU VECTO Urban Bus,Urban,2706,49.6,-1.68080808080808,0,1
VECTO-URBAN,EU VECTO Urban Bus,Urban,2707,49.6,-1.78974358974359,0,1
VECTO-URBAN,EU VECTO Urban Bus,Urban,2708,49.6,-1.84609053497942,0,1
VECTO-URBAN,EU VECTO Urban Bus,Urban,2709,49.6,-1.89711934156378,0,1
VECTO-URBAN,EU VECTO Urban Bus,Urban,2710,49.6,-1.83157894736843,0,1
VECTO-URBAN,EU VECTO Urban Bus,Urban,2711,49.6,-1.77008547008548,0,1
VECTO-URBAN,EU VECTO Urban Bus,Urban,2712,49.6,-1.71709401709403,0,1
VECTO-URBAN,EU VECTO Urban Bus,Urban,2713,44.92,-1.63320512820515,0,1
VECTO-URBAN,EU VECTO Urban Bus,Urban,2714,40.24,-1.51654320987657,0,1
VECTO-URBAN,EU VECTO Urban Bus,Urban,2715,35.56,-1.35922222222227,0,1
VECTO-URBAN,EU VECTO Urban Bus,Urban,2716,30.88,-1.19333333333338,0,1
VECTO-URBAN,EU VECTO Urban Bus,Urban,2717,26.2,-1.01611111111117,0,1
VECTO-URBAN,EU VECTO Urban Bus,Urban,2718,21.52,-0.854444444444516,0,1
VECTO-URBAN,EU VECTO Urban Bus,Urban,2719,16.84,-0.696250000000055,0,1
VECTO-URBAN,EU VECTO Urban Bus,Urban,2720,12.16,-0.59555555555562,0,1
VECTO-URBAN,EU VECTO Urban Bus,Urban,2721,15.76,-0.5,0,1
VECTO-URBAN,EU VECTO Urban Bus,Urban,2722,11.08,-0.5,0,1
VECTO-URBAN,EU VECTO Urban Bus,Urban,2723,6.4,-0.5,0,1
VECTO-URBAN,EU VECTO Urban Bus,Urban,2724,1.72,-0.5,0,1
VECTO-URBAN,EU VECTO Urban Bus,Urban,2725,0,-0.5,1,1.1
VECTO-URBAN,EU VECTO Urban Bus,Urban,2726,0,-0.5,1,1.1
VECTO-URBAN,EU VECTO Urban Bus,Urban,2727,0,-0.5,1,1.1
VECTO-URBAN,EU VECTO Urban Bus,Urban,2728,0,-0.5,1,1.1
VECTO-URBAN,EU VECTO Urban Bus,Urban,2729,0,-0.5,1,1.1
VECTO-URBAN,EU VECTO Urban Bus,Urban,2730,0,-0.5,1,1.1
VECTO-URBAN,EU VECTO Urban Bus,Urban,2731,0,-0.5,1,1.1
VECTO-URBAN,EU VECTO Urban Bus,Urban,2732,0,-0.5,1,1.1
VECTO-URBAN,EU VECTO Urban Bus,Urban,2733,0,-0.5,1,1.1
VECTO-URBAN,EU VECTO Urban Bus,Urban,2734,0,-0.5,1,1.1
VECTO-URBAN,EU VECTO Urban Bus,Urban,2735,0,-0.5,1,1.1
VECTO-URBAN,EU VECTO Urban Bus,Urban,2736,0,-0.5,0,1
VECTO-URBAN,EU VECTO Urban Bus,Urban,2737,3.6,-0.5,0,1
VECTO-URBAN,EU VECTO Urban Bus,Urban,2738,7.2,-0.433333333333333,0,1
VECTO-URBAN,EU VECTO Urban Bus,Urban,2739,10.8,-0.29,0,1
VECTO-URBAN,EU VECTO Urban Bus,Urban,2740,14.4,-0.22,0,1
VECTO-URBAN,EU VECTO Urban Bus,Urban,2741,18,-0.15,0,1
VECTO-URBAN,EU VECTO Urban Bus,Urban,2742,21.6,-0.08,0,1
VECTO-URBAN,EU VECTO Urban Bus,Urban,2743,25.2,-0.015,0,1
VECTO-URBAN,EU VECTO Urban Bus,Urban,2744,28.8,-0.0206896551724138,0,1
VECTO-URBAN,EU VECTO Urban Bus,Urban,2745,32.4,-0.05,0,1
VECTO-URBAN,EU VECTO Urban Bus,Urban,2746,36,-0.0827586206896552,0,1
VECTO-URBAN,EU VECTO Urban Bus,Urban,2747,39.6,-0.122,0,1
VECTO-URBAN,EU VECTO Urban Bus,Urban,2748,43.2,-0.168,0,1
VECTO-URBAN,EU VECTO Urban Bus,Urban,2749,45.5,-0.190401234567899,0,1
VECTO-URBAN,EU VECTO Urban Bus,Urban,2750,45.5,-0.162314814814813,0,1
VECTO-URBAN,EU VECTO Urban Bus,Urban,2751,45.5,-0.134228395061728,0,1
VECTO-URBAN,EU VECTO Urban Bus,Urban,2752,45.5,-0.106141975308642,0,1
VECTO-URBAN,EU VECTO Urban Bus,Urban,2753,45.5,-0.0700757575757576,0,1
VECTO-URBAN,EU VECTO Urban Bus,Urban,2754,45.5,-0.0317760942760949,0,1
VECTO-URBAN,EU VECTO Urban Bus,Urban,2755,45.5,0.0107638888888869,0,1
VECTO-URBAN,EU VECTO Urban Bus,Urban,2756,45.5,0.0739583333333303,0,1
VECTO-URBAN,EU VECTO Urban Bus,Urban,2757,45.5,0.157158119658113,0,1
VECTO-URBAN,EU VECTO Urban Bus,Urban,2758,45.5,0.258912037037029,0,1
VECTO-URBAN,EU VECTO Urban Bus,Urban,2759,45.5,0.396354166666652,0,1
VECTO-URBAN,EU VECTO Urban Bus,Urban,2760,45.5,0.533531746031726,0,1
VECTO-URBAN,EU VECTO Urban Bus,Urban,2761,45.5,0.742658730158707,0,1
VECTO-URBAN,EU VECTO Urban Bus,Urban,2762,40.82,0.979499999999971,0,1
VECTO-URBAN,EU VECTO Urban Bus,Urban,2763,36.14,1.24159722222221,0,1
VECTO-URBAN,EU VECTO Urban Bus,Urban,2764,31.46,1.45087962962962,0,1
VECTO-URBAN,EU VECTO Urban Bus,Urban,2765,26.78,1.63569444444444,0,1
VECTO-URBAN,EU VECTO Urban Bus,Urban,2766,30.38,1.76800925925927,0,1
VECTO-URBAN,EU VECTO Urban Bus,Urban,2767,25.7,1.7691081871345,0,1
VECTO-URBAN,EU VECTO Urban Bus,Urban,2768,21.02,1.73495614035088,0,1
VECTO-URBAN,EU VECTO Urban Bus,Urban,2769,16.34,1.7076461988304,0,1
VECTO-URBAN,EU VECTO Urban Bus,Urban,2770,11.66,1.7,0,1
VECTO-URBAN,EU VECTO Urban Bus,Urban,2771,6.97999999999999,1.7,0,1
VECTO-URBAN,EU VECTO Urban Bus,Urban,2772,2.29999999999999,1.7,0,1
VECTO-URBAN,EU VECTO Urban Bus,Urban,2773,0,1.7,1,1.1
VECTO-URBAN,EU VECTO Urban Bus,Urban,2774,0,1.7,1,1.1
VECTO-URBAN,EU VECTO Urban Bus,Urban,2775,0,1.7,1,1.1
VECTO-URBAN,EU VECTO Urban Bus,Urban,2776,0,1.7,1,1.1
VECTO-URBAN,EU VECTO Urban Bus,Urban,2777,0,1.7,1,1.1
VECTO-URBAN,EU VECTO Urban Bus,Urban,2778,0,1.7,1,1.1
VECTO-URBAN,EU VECTO Urban Bus,Urban,2779,0,1.7,1,1.1
VECTO-URBAN,EU VECTO Urban Bus,Urban,2780,0,1.7,1,1.1
VECTO-URBAN,EU VECTO Urban Bus,Urban,2781,0,1.7,1,1.1
VECTO-URBAN,EU VECTO Urban Bus,Urban,2782,0,1.7,0,1
VECTO-URBAN,EU VECTO Urban Bus,Urban,2783,3.6,1.7,0,1
VECTO-URBAN,EU VECTO Urban Bus,Urban,2784,7.2,1.7,0,1
VECTO-URBAN,EU VECTO Urban Bus,Urban,2785,10.8,1.65,0,1
VECTO-URBAN,EU VECTO Urban Bus,Urban,2786,14.4,1.575,0,1
VECTO-URBAN,EU VECTO Urban Bus,Urban,2787,18,1.45,0,1
VECTO-URBAN,EU VECTO Urban Bus,Urban,2788,21.6,1.3,0,1
VECTO-URBAN,EU VECTO Urban Bus,Urban,2789,25.2,1.05,0,1
VECTO-URBAN,EU VECTO Urban Bus,Urban,2790,28.8,0.75,0,1
VECTO-URBAN,EU VECTO Urban Bus,Urban,2791,32.4,0.425,0,1
VECTO-URBAN,EU VECTO Urban Bus,Urban,2792,36,0.1,0,1
VECTO-URBAN,EU VECTO Urban Bus,Urban,2793,39.6,-0.1625,0,1
VECTO-URBAN,EU VECTO Urban Bus,Urban,2794,43.2,-0.333333333333333,0,1
VECTO-URBAN,EU VECTO Urban Bus,Urban,2795,46.8,-0.377586206896552,0,1
VECTO-URBAN,EU VECTO Urban Bus,Urban,2796,50.4,-0.331034482758621,0,1
VECTO-URBAN,EU VECTO Urban Bus,Urban,2797,54,-0.275,0,1
VECTO-URBAN,EU VECTO Urban Bus,Urban,2798,55.2,-0.206060606060609,0,1
VECTO-URBAN,EU VECTO Urban Bus,Urban,2799,55.2,-0.136363636363636,0,1
VECTO-URBAN,EU VECTO Urban Bus,Urban,2800,55.2,-0.0747126436781588,0,1
VECTO-URBAN,EU VECTO Urban Bus,Urban,2801,55.2,-0.0218390804597659,0,1
VECTO-URBAN,EU VECTO Urban Bus,Urban,2802,55.2,-0.0116883116883141,0,1
VECTO-URBAN,EU VECTO Urban Bus,Urban,2803,55.2,-0.0316017316017348,0,1
VECTO-URBAN,EU VECTO Urban Bus,Urban,2804,55.2,-0.0515151515151555,0,1
VECTO-URBAN,EU VECTO Urban Bus,Urban,2805,55.2,-0.0714285714285762,0,1
VECTO-URBAN,EU VECTO Urban Bus,Urban,2806,55.2,-0.0913419913419969,0,1
VECTO-URBAN,EU VECTO Urban Bus,Urban,2807,55.2,-0.127956989247327,0,1
VECTO-URBAN,EU VECTO Urban Bus,Urban,2808,55.2,-0.177419354838727,0,1
VECTO-URBAN,EU VECTO Urban Bus,Urban,2809,55.2,-0.234722222222247,0,1
VECTO-URBAN,EU VECTO Urban Bus,Urban,2810,55.2,-0.298611111111139,0,1
VECTO-URBAN,EU VECTO Urban Bus,Urban,2811,55.2,-0.355555555555582,0,1
VECTO-URBAN,EU VECTO Urban Bus,Urban,2812,54.7692307692298,-0.4,0,1
VECTO-URBAN,EU VECTO Urban Bus,Urban,2813,52.8108875739635,-0.4,0,1
VECTO-URBAN,EU VECTO Urban Bus,Urban,2814,50.9502618722493,-0.4,0,1
VECTO-URBAN,EU VECTO Urban Bus,Urban,2815,49.1546739586608,-0.4,0,1
VECTO-URBAN,EU VECTO Urban Bus,Urban,2816,47.4223757021834,-0.4,0,1
VECTO-URBAN,EU VECTO Urban Bus,Urban,2817,46.8,-0.299824460986426,0,1
VECTO-URBAN,EU VECTO Urban Bus,Urban,2818,42.12,-0.227177402162894,0,1
VECTO-URBAN,EU VECTO Urban Bus,Urban,2819,37.44,-0.141546894251753,0,1
VECTO-URBAN,EU VECTO Urban Bus,Urban,2820,41.04,-0.0367015836769315,0,1
VECTO-URBAN,EU VECTO Urban Bus,Urban,2821,36.36,0.0589986802692238,0,1
VECTO-URBAN,EU VECTO Urban Bus,Urban,2822,31.68,0.13774868026923,0,1
VECTO-URBAN,EU VECTO Urban Bus,Urban,2823,27,0.213596832646144,0,1
VECTO-URBAN,EU VECTO Urban Bus,Urban,2824,22.32,0.350596832646152,0,1
VECTO-URBAN,EU VECTO Urban Bus,Urban,2825,17.64,0.4,0,1
VECTO-URBAN,EU VECTO Urban Bus,Urban,2826,12.96,0.4,0,1
VECTO-URBAN,EU VECTO Urban Bus,Urban,2827,8.27999999999999,0.4,0,1
VECTO-URBAN,EU VECTO Urban Bus,Urban,2828,3.59999999999999,0.4,0,1
VECTO-URBAN,EU VECTO Urban Bus,Urban,2829,0,0.4,1,1.1
VECTO-URBAN,EU VECTO Urban Bus,Urban,2830,0,0.4,1,1.1
VECTO-URBAN,EU VECTO Urban Bus,Urban,2831,0,0.4,1,1.1
VECTO-URBAN,EU VECTO Urban Bus,Urban,2832,0,0.4,1,1.1
VECTO-URBAN,EU VECTO Urban Bus,Urban,2833,0,0.4,1,1.1
VECTO-URBAN,EU VECTO Urban Bus,Urban,2834,0,0.4,1,1.1
VECTO-URBAN,EU VECTO Urban Bus,Urban,2835,0,0.4,1,1.1
VECTO-URBAN,EU VECTO Urban Bus,Urban,2836,0,0.4,1,1.1
VECTO-URBAN,EU VECTO Urban Bus,Urban,2837,0,0.4,1,1.1
VECTO-URBAN,EU VECTO Urban Bus,Urban,2838,0,0.4,1,1.1
VECTO-URBAN,EU VECTO Urban Bus,Urban,2839,0,0.4,1,1.1
VECTO-URBAN,EU VECTO Urban Bus,Urban,2840,0,0.4,0,1
VECTO-URBAN,EU VECTO Urban Bus,Urban,2841,3.6,0.4,0,1
VECTO-URBAN,EU VECTO Urban Bus,Urban,2842,7.2,0.4,0,1
VECTO-URBAN,EU VECTO Urban Bus,Urban,2843,10.8,0.4,0,1
VECTO-URBAN,EU VECTO Urban Bus,Urban,2844,14.4,0.409090909090909,0,1
VECTO-URBAN,EU VECTO Urban Bus,Urban,2845,18,0.45,0,1
VECTO-URBAN,EU VECTO Urban Bus,Urban,2846,21.6,0.5,0,1
VECTO-URBAN,EU VECTO Urban Bus,Urban,2847,25.2,0.572222222222222,0,1
VECTO-URBAN,EU VECTO Urban Bus,Urban,2848,28.8,0.65,0,1
VECTO-URBAN,EU VECTO Urban Bus,Urban,2849,32.4,0.726923076923077,0,1
VECTO-URBAN,EU VECTO Urban Bus,Urban,2850,36,0.8,0,1
VECTO-URBAN,EU VECTO Urban Bus,Urban,2851,39.6,0.7671875,0,1
VECTO-URBAN,EU VECTO Urban Bus,Urban,2852,43.2,0.73125,0,1
VECTO-URBAN,EU VECTO Urban Bus,Urban,2853,46.8,0.679166666666667,0,1
VECTO-URBAN,EU VECTO Urban Bus,Urban,2854,50.4,0.56,0,1
VECTO-URBAN,EU VECTO Urban Bus,Urban,2855,53.4,0.394791666666674,0,1
VECTO-URBAN,EU VECTO Urban Bus,Urban,2856,53.4,0.209375,0,1
VECTO-URBAN,EU VECTO Urban Bus,Urban,2857,53.4,0.0364583333333258,0,1
VECTO-URBAN,EU VECTO Urban Bus,Urban,2858,53.4,-0.119444444444453,0,1
VECTO-URBAN,EU VECTO Urban Bus,Urban,2859,53.4,-0.216176470588246,0,1
VECTO-URBAN,EU VECTO Urban Bus,Urban,2860,53.4,-0.299410774410772,0,1
VECTO-URBAN,EU VECTO Urban Bus,Urban,2861,53.4,-0.284427609427606,0,1
VECTO-URBAN,EU VECTO Urban Bus,Urban,2862,53.4,-0.269444444444441,0,1
VECTO-URBAN,EU VECTO Urban Bus,Urban,2863,53.4,-0.254461279461275,0,1
VECTO-URBAN,EU VECTO Urban Bus,Urban,2864,53.4,-0.23947811447811,0,1
VECTO-URBAN,EU VECTO Urban Bus,Urban,2865,53.4,-0.224494949494944,0,1
VECTO-URBAN,EU VECTO Urban Bus,Urban,2866,53.4,-0.209511784511778,0,1
VECTO-URBAN,EU VECTO Urban Bus,Urban,2867,53.4,-0.174206349206317,0,1
VECTO-URBAN,EU VECTO Urban Bus,Urban,2868,53.4,-0.103571428571394,0,1
VECTO-URBAN,EU VECTO Urban Bus,Urban,2869,57,-0.0138888888886262,0,1
VECTO-URBAN,EU VECTO Urban Bus,Urban,2870,60.6,0.0837719298246061,0,1
VECTO-URBAN,EU VECTO Urban Bus,Urban,2871,60.8,0.168888888888932,0,1
VECTO-URBAN,EU VECTO Urban Bus,Urban,2872,60.8,0.232323232323258,0,1
VECTO-URBAN,EU VECTO Urban Bus,Urban,2873,60.8,0.283501683501709,0,1
VECTO-URBAN,EU VECTO Urban Bus,Urban,2874,60.8,0.31525925925927,0,1
VECTO-URBAN,EU VECTO Urban Bus,Urban,2875,60.8,0.337777777777788,0,1
VECTO-URBAN,EU VECTO Urban Bus,Urban,2876,60.8,0.360296296296307,0,1
VECTO-URBAN,EU VECTO Urban Bus,Urban,2877,60.8,0.382814814814825,0,1
VECTO-URBAN,EU VECTO Urban Bus,Urban,2878,60.8,0.417391304347858,0,1
VECTO-URBAN,EU VECTO Urban Bus,Urban,2879,56.12,0.487995169082158,0,1
VECTO-URBAN,EU VECTO Urban Bus,Urban,2880,51.44,0.576111111111163,0,1
VECTO-URBAN,EU VECTO Urban Bus,Urban,2881,46.76,0.681805555555623,0,1
VECTO-URBAN,EU VECTO Urban Bus,Urban,2882,42.08,0.801944444444553,0,1
VECTO-URBAN,EU VECTO Urban Bus,Urban,2883,37.4,0.939930555555657,0,1
VECTO-URBAN,EU VECTO Urban Bus,Urban,2884,32.72,1.06166666666677,0,1
VECTO-URBAN,EU VECTO Urban Bus,Urban,2885,28.04,1.17674603174616,0,1
VECTO-URBAN,EU VECTO Urban Bus,Urban,2886,23.36,1.26123456790133,0,1
VECTO-URBAN,EU VECTO Urban Bus,Urban,2887,18.68,1.32136363636372,0,1
VECTO-URBAN,EU VECTO Urban Bus,Urban,2888,22.28,1.3730808080809,0,1
VECTO-URBAN,EU VECTO Urban Bus,Urban,2889,17.6,1.4,0,1
VECTO-URBAN,EU VECTO Urban Bus,Urban,2890,12.92,1.4,0,1
VECTO-URBAN,EU VECTO Urban Bus,Urban,2891,8.23999999999999,1.4,0,1
VECTO-URBAN,EU VECTO Urban Bus,Urban,2892,3.55999999999999,1.4,0,1
VECTO-URBAN,EU VECTO Urban Bus,Urban,2893,0,1.4,1,1.1
VECTO-URBAN,EU VECTO Urban Bus,Urban,2894,0,1.4,1,1.1
VECTO-URBAN,EU VECTO Urban Bus,Urban,2895,0,1.4,1,1.1
VECTO-URBAN,EU VECTO Urban Bus,Urban,2896,0,1.4,1,1.1
VECTO-URBAN,EU VECTO Urban Bus,Urban,2897,0,1.4,1,1.1
VECTO-URBAN,EU VECTO Urban Bus,Urban,2898,0,1.4,1,1.1
VECTO-URBAN,EU VECTO Urban Bus,Urban,2899,0,1.4,1,1.1
VECTO-URBAN,EU VECTO Urban Bus,Urban,2900,0,1.4,1,1.1
VECTO-URBAN,EU VECTO Urban Bus,Urban,2901,0,1.4,1,1.1
VECTO-URBAN,EU VECTO Urban Bus,Urban,2902,0,1.4,0,1
VECTO-URBAN,EU VECTO Urban Bus,Urban,2903,3.6,1.4,0,1
VECTO-URBAN,EU VECTO Urban Bus,Urban,2904,7.2,1.38,0,1
VECTO-URBAN,EU VECTO Urban Bus,Urban,2905,10.8,1.33,0,1
VECTO-URBAN,EU VECTO Urban Bus,Urban,2906,14.4,1.28,0,1
VECTO-URBAN,EU VECTO Urban Bus,Urban,2907,18,1.235,0,1
VECTO-URBAN,EU VECTO Urban Bus,Urban,2908,21.6,1.16666666666667,0,1
VECTO-URBAN,EU VECTO Urban Bus,Urban,2909,25.2,1.0375,0,1
VECTO-URBAN,EU VECTO Urban Bus,Urban,2910,28.8,0.866666666666667,0,1
VECTO-URBAN,EU VECTO Urban Bus,Urban,2911,32.4,0.6125,0,1
VECTO-URBAN,EU VECTO Urban Bus,Urban,2912,36,0.3,0,1
VECTO-URBAN,EU VECTO Urban Bus,Urban,2913,39.6,-0.025,0,1
VECTO-URBAN,EU VECTO Urban Bus,Urban,2914,43.2,-0.375,0,1
VECTO-URBAN,EU VECTO Urban Bus,Urban,2915,46.8,-0.69,0,1
VECTO-URBAN,EU VECTO Urban Bus,Urban,2916,48.6,-0.975,0,1
VECTO-URBAN,EU VECTO Urban Bus,Urban,2917,48.6,-1.18928571428571,0,1
VECTO-URBAN,EU VECTO Urban Bus,Urban,2918,48.6,-1.36136363636364,0,1
VECTO-URBAN,EU VECTO Urban Bus,Urban,2919,48.6,-1.47115384615385,0,1
VECTO-URBAN,EU VECTO Urban Bus,Urban,2920,48.6,-1.52867647058824,0,1
VECTO-URBAN,EU VECTO Urban Bus,Urban,2921,48.6,-1.56838235294118,0,1
VECTO-URBAN,EU VECTO Urban Bus,Urban,2922,48.6,-1.565625,0,1
VECTO-URBAN,EU VECTO Urban Bus,Urban,2923,48.6,-1.48413461538462,0,1
VECTO-URBAN,EU VECTO Urban Bus,Urban,2924,48.6,-1.45817307692308,0,1
VECTO-URBAN,EU VECTO Urban Bus,Urban,2925,48.6,-1.43221153846154,0,1
VECTO-URBAN,EU VECTO Urban Bus,Urban,2926,48.6,-1.40625,0,1
VECTO-URBAN,EU VECTO Urban Bus,Urban,2927,48.6,-1.35340909090909,0,1
VECTO-URBAN,EU VECTO Urban Bus,Urban,2928,48.6,-1.28653846153846,0,1
VECTO-URBAN,EU VECTO Urban Bus,Urban,2929,48.6,-1.18125,0,1
VECTO-URBAN,EU VECTO Urban Bus,Urban,2930,48.6,-1.06590909090909,0,1
VECTO-URBAN,EU VECTO Urban Bus,Urban,2931,48.6,-0.921875,0,1
VECTO-URBAN,EU VECTO Urban Bus,Urban,2932,48.6,-0.765625,0,1
VECTO-URBAN,EU VECTO Urban Bus,Urban,2933,48.6,-0.595,0,1
VECTO-URBAN,EU VECTO Urban Bus,Urban,2934,48.6,-0.325,0,1
VECTO-URBAN,EU VECTO Urban Bus,Urban,2935,48.6,-0.01875,0,1
VECTO-URBAN,EU VECTO Urban Bus,Urban,2936,43.92,0.354999999999927,0,1
VECTO-URBAN,EU VECTO Urban Bus,Urban,2937,39.24,0.754999999999927,0,1
VECTO-URBAN,EU VECTO Urban Bus,Urban,2938,38.3,1.18064814814813,0,1
VECTO-URBAN,EU VECTO Urban Bus,Urban,2939,38.3,1.56861111111114,0,1
VECTO-URBAN,EU VECTO Urban Bus,Urban,2940,38.3,1.96743055555562,0,1
VECTO-URBAN,EU VECTO Urban Bus,Urban,2941,38.3,2.28340277777788,0,1
VECTO-URBAN,EU VECTO Urban Bus,Urban,2942,38.3,2.59937500000015,0,1
VECTO-URBAN,EU VECTO Urban Bus,Urban,2943,38.3,2.77689814814827,0,1
VECTO-URBAN,EU VECTO Urban Bus,Urban,2944,38.3,2.89879629629625,0,1
VECTO-URBAN,EU VECTO Urban Bus,Urban,2945,38.3,2.84813492063487,0,1
VECTO-URBAN,EU VECTO Urban Bus,Urban,2946,38.3,2.79469444444432,0,1
VECTO-URBAN,EU VECTO Urban Bus,Urban,2947,38.3,2.68050925925903,0,1
VECTO-URBAN,EU VECTO Urban Bus,Urban,2948,38.3,2.50319444444419,0,1
VECTO-URBAN,EU VECTO Urban Bus,Urban,2949,33.62,2.23006944444405,0,1
VECTO-URBAN,EU VECTO Urban Bus,Urban,2950,33.4,1.97236111111069,0,1
VECTO-URBAN,EU VECTO Urban Bus,Urban,2951,35.6,1.71037037036986,0,1
VECTO-URBAN,EU VECTO Urban Bus,Urban,2952,35.6,1.36055555555513,0,1
VECTO-URBAN,EU VECTO Urban Bus,Urban,2953,35.6,1.02666666666573,0,1
VECTO-URBAN,EU VECTO Urban Bus,Urban,2954,35.6,0.716111111110604,0,1
VECTO-URBAN,EU VECTO Urban Bus,Urban,2955,35.6,0.418888888888341,0,1
VECTO-URBAN,EU VECTO Urban Bus,Urban,2956,35.6,0.0966666666660785,0,1
VECTO-URBAN,EU VECTO Urban Bus,Urban,2957,35.6,-0.100555555556184,0,1
VECTO-URBAN,EU VECTO Urban Bus,Urban,2958,35.6,-0.311388888889223,0,1
VECTO-URBAN,EU VECTO Urban Bus,Urban,2959,35.6,-0.431111111111426,0,1
VECTO-URBAN,EU VECTO Urban Bus,Urban,2960,35.6,-0.490541310541234,0,1
VECTO-URBAN,EU VECTO Urban Bus,Urban,2961,35.6,-0.465185185185104,0,1
VECTO-URBAN,EU VECTO Urban Bus,Urban,2962,35.6,-0.439829059828975,0,1
VECTO-URBAN,EU VECTO Urban Bus,Urban,2963,35.6,-0.414472934472845,0,1
VECTO-URBAN,EU VECTO Urban Bus,Urban,2964,35.6,-0.373472222221994,0,1
VECTO-URBAN,EU VECTO Urban Bus,Urban,2965,30.92,-0.315729166666438,0,1
VECTO-URBAN,EU VECTO Urban Bus,Urban,2966,26.24,-0.266111111110877,0,1
VECTO-URBAN,EU VECTO Urban Bus,Urban,2967,21.56,-0.224618055555311,0,1
VECTO-URBAN,EU VECTO Urban Bus,Urban,2968,22.1140277776907,-0.2,0,1
VECTO-URBAN,EU VECTO Urban Bus,Urban,2969,17.4340277776907,-0.2,0,1
VECTO-URBAN,EU VECTO Urban Bus,Urban,2970,12.7540277776907,-0.2,0,1
VECTO-URBAN,EU VECTO Urban Bus,Urban,2971,8.07402777769072,-0.2,0,1
VECTO-URBAN,EU VECTO Urban Bus,Urban,2972,3.39402777769072,-0.2,0,1
VECTO-URBAN,EU VECTO Urban Bus,Urban,2973,0,-0.2,1,1.1
VECTO-URBAN,EU VECTO Urban Bus,Urban,2974,0,-0.2,1,1.1
VECTO-URBAN,EU VECTO Urban Bus,Urban,2975,0,-0.2,1,1.1
VECTO-URBAN,EU VECTO Urban Bus,Urban,2976,0,-0.2,1,1.1
VECTO-URBAN,EU VECTO Urban Bus,Urban,2977,0,-0.2,1,1.1
VECTO-URBAN,EU VECTO Urban Bus,Urban,2978,0,-0.2,1,1.1
VECTO-URBAN,EU VECTO Urban Bus,Urban,2979,0,-0.2,1,1.1
VECTO-URBAN,EU VECTO Urban Bus,Urban,2980,0,-0.2,1,1.1
VECTO-URBAN,EU VECTO Urban Bus,Urban,2981,0,-0.2,1,1.1
VECTO-URBAN,EU VECTO Urban Bus,Urban,2982,0,-0.2,1,1.1
VECTO-URBAN,EU VECTO Urban Bus,Urban,2983,0,-0.2,1,1.1
VECTO-URBAN,EU VECTO Urban Bus,Urban,2984,0,-0.2,1,1.1
VECTO-URBAN,EU VECTO Urban Bus,Urban,2985,0,-0.2,1,1.1
VECTO-URBAN,EU VECTO Urban Bus,Urban,2986,0,-0.2,1,1.1
VECTO-URBAN,EU VECTO Urban Bus,Urban,2987,0,-0.2,1,1.1
VECTO-URBAN,EU VECTO Urban Bus,Urban,2988,0,-0.2,1,1.1
VECTO-URBAN,EU VECTO Urban Bus,Urban,2989,0,-0.2,1,1.1
VECTO-URBAN,EU VECTO Urban Bus,Urban,2990,0,-0.2,1,1.1
VECTO-URBAN,EU VECTO Urban Bus,Urban,2991,0,-0.2,1,1.1
VECTO-URBAN,EU VECTO Urban Bus,Urban,2992,0,-0.2,1,1.1
VECTO-URBAN,EU VECTO Urban Bus,Urban,2993,0,-0.2,1,1.1
VECTO-URBAN,EU VECTO Urban Bus,Urban,2994,0,-0.2,1,1.1
VECTO-URBAN,EU VECTO Urban Bus,Urban,2995,0,-0.2,1,1.1
VECTO-URBAN,EU VECTO Urban Bus,Urban,2996,0,-0.2,1,1.1
VECTO-URBAN,EU VECTO Urban Bus,Urban,2997,0,-0.2,1,1.1
VECTO-URBAN,EU VECTO Urban Bus,Urban,2998,0,-0.2,1,1.1
VECTO-URBAN,EU VECTO Urban Bus,Urban,2999,0,-0.2,1,1.1
VECTO-URBAN,EU VECTO Urban Bus,Urban,3000,0,-0.2,1,1.1
VECTO-URBAN,EU VECTO Urban Bus,Urban,3001,0,-0.2,1,1.1
VECTO-URBAN,EU VECTO Urban Bus,Urban,3002,0,-0.2,1,1.1
VECTO-URBAN,EU VECTO Urban Bus,Urban,3003,0,-0.2,1,1.1
VECTO-URBAN,EU VECTO Urban Bus,Urban,3004,0,-0.2,1,1.1
VECTO-URBAN,EU VECTO Urban Bus,Urban,3005,0,-0.2,1,1.1
VECTO-URBAN,EU VECTO Urban Bus,Urban,3006,0,-0.2,1,1.1
VECTO-URBAN,EU VECTO Urban Bus,Urban,3007,0,-0.2,1,1.1
VECTO-URBAN,EU VECTO Urban Bus,Urban,3008,0,-0.2,1,1.1
VECTO-URBAN,EU VECTO Urban Bus,Urban,3009,0,-0.2,1,1.1
VECTO-URBAN,EU VECTO Urban Bus,Urban,3010,0,-0.2,1,1.1
VECTO-URBAN,EU VECTO Urban Bus,Urban,3011,0,-0.2,1,1.1
VECTO-URBAN,EU VECTO Urban Bus,Urban,3012,0,-0.2,1,1.1
VECTO-URBAN,EU VECTO Urban Bus,Urban,3013,0,-0.2,1,1.1
VECTO-URBAN,EU VECTO Urban Bus,Urban,3014,0,-0.2,0,1
VECTO-URBAN,EU VECTO Urban Bus,Urban,3015,3.6,-0.2,0,1
VECTO-URBAN,EU VECTO Urban Bus,Urban,3016,7.2,-0.207692307692308,0,1
VECTO-URBAN,EU VECTO Urban Bus,Urban,3017,10.8,-0.226923076923077,0,1
VECTO-URBAN,EU VECTO Urban Bus,Urban,3018,14.4,-0.253846153846154,0,1
VECTO-URBAN,EU VECTO Urban Bus,Urban,3019,18,-0.288461538461538,0,1
VECTO-URBAN,EU VECTO Urban Bus,Urban,3020,21.6,-0.326666666666667,0,1
VECTO-URBAN,EU VECTO Urban Bus,Urban,3021,25.2,-0.37,0,1
VECTO-URBAN,EU VECTO Urban Bus,Urban,3022,28.8,-0.427272727272727,0,1
VECTO-URBAN,EU VECTO Urban Bus,Urban,3023,32.4,-0.505555555555556,0,1
VECTO-URBAN,EU VECTO Urban Bus,Urban,3024,36,-0.611111111111111,0,1
VECTO-URBAN,EU VECTO Urban Bus,Urban,3025,39.6,-0.735714285714286,0,1
VECTO-URBAN,EU VECTO Urban Bus,Urban,3026,43,-0.887152777777783,0,1
VECTO-URBAN,EU VECTO Urban Bus,Urban,3027,43,-1.03240740740742,0,1
VECTO-URBAN,EU VECTO Urban Bus,Urban,3028,43,-1.17326388888891,0,1
VECTO-URBAN,EU VECTO Urban Bus,Urban,3029,43,-1.28171296296299,0,1
VECTO-URBAN,EU VECTO Urban Bus,Urban,3030,43,-1.34642857142859,0,1
VECTO-URBAN,EU VECTO Urban Bus,Urban,3031,43,-1.39751984126983,0,1
VECTO-URBAN,EU VECTO Urban Bus,Urban,3032,43,-1.35486111111109,0,1
VECTO-URBAN,EU VECTO Urban Bus,Urban,3033,43,-1.31220238095236,0,1
VECTO-URBAN,EU VECTO Urban Bus,Urban,3034,43,-1.2593915343915,0,1
VECTO-URBAN,EU VECTO Urban Bus,Urban,3035,43,-1.20251322751319,0,1
VECTO-URBAN,EU VECTO Urban Bus,Urban,3036,38.32,-1.11027777777772,0,1
VECTO-URBAN,EU VECTO Urban Bus,Urban,3037,33.64,-0.964777777777636,0,1
VECTO-URBAN,EU VECTO Urban Bus,Urban,3038,28.96,-0.79088888888873,0,1
VECTO-URBAN,EU VECTO Urban Bus,Urban,3039,24.28,-0.628749999999763,0,1
VECTO-URBAN,EU VECTO Urban Bus,Urban,3040,19.6,-0.501111111110949,0,1
VECTO-URBAN,EU VECTO Urban Bus,Urban,3041,14.92,-0.342037037036789,0,1
VECTO-URBAN,EU VECTO Urban Bus,Urban,3042,10.24,-0.244166666666479,0,1
VECTO-URBAN,EU VECTO Urban Bus,Urban,3043,5.56,-0.185740740740463,0,1
VECTO-URBAN,EU VECTO Urban Bus,Urban,3044,9.16,-0.117592592592337,0,1
VECTO-URBAN,EU VECTO Urban Bus,Urban,3045,4.48,-0.1,0,1
VECTO-URBAN,EU VECTO Urban Bus,Urban,3046,0,-0.1,1,1.1
VECTO-URBAN,EU VECTO Urban Bus,Urban,3047,0,-0.1,1,1.1
VECTO-URBAN,EU VECTO Urban Bus,Urban,3048,0,-0.1,1,1.1
VECTO-URBAN,EU VECTO Urban Bus,Urban,3049,0,-0.1,1,1.1
VECTO-URBAN,EU VECTO Urban Bus,Urban,3050,0,-0.1,1,1.1
VECTO-URBAN,EU VECTO Urban Bus,Urban,3051,0,-0.1,1,1.1
VECTO-URBAN,EU VECTO Urban Bus,Urban,3052,0,-0.1,1,1.1
VECTO-URBAN,EU VECTO Urban Bus,Urban,3053,0,-0.1,1,1.1
VECTO-URBAN,EU VECTO Urban Bus,Urban,3054,0,-0.1,1,1.1
VECTO-URBAN,EU VECTO Urban Bus,Urban,3055,0,-0.1,0,1
VECTO-URBAN,EU VECTO Urban Bus,Urban,3056,3.6,-0.1,0,1
VECTO-URBAN,EU VECTO Urban Bus,Urban,3057,7.2,0,0,1
VECTO-URBAN,EU VECTO Urban Bus,Urban,3058,10.8,0.0625,0,1
VECTO-URBAN,EU VECTO Urban Bus,Urban,3059,14.4,0.15,0,1
VECTO-URBAN,EU VECTO Urban Bus,Urban,3060,18,0.283333333333333,0,1
VECTO-URBAN,EU VECTO Urban Bus,Urban,3061,21.6,0.425,0,1
VECTO-URBAN,EU VECTO Urban Bus,Urban,3062,25.2,0.57,0,1
VECTO-URBAN,EU VECTO Urban Bus,Urban,3063,28.8,0.7,0,1
VECTO-URBAN,EU VECTO Urban Bus,Urban,3064,32.4,0.664583333333333,0,1
VECTO-URBAN,EU VECTO Urban Bus,Urban,3065,32.4,0.627083333333333,0,1
VECTO-URBAN,EU VECTO Urban Bus,Urban,3066,32.4,0.558333333333333,0,1
VECTO-URBAN,EU VECTO Urban Bus,Urban,3067,32.4,0.316666666666667,0,1
VECTO-URBAN,EU VECTO Urban Bus,Urban,3068,32.4,-0.025,0,1
VECTO-URBAN,EU VECTO Urban Bus,Urban,3069,32.4,-0.483333333333333,0,1
VECTO-URBAN,EU VECTO Urban Bus,Urban,3070,32.4,-0.95,0,1
VECTO-URBAN,EU VECTO Urban Bus,Urban,3071,28.9,-1.35069444444453,0,1
VECTO-URBAN,EU VECTO Urban Bus,Urban,3072,24.22,-1.646388888889,0,1
VECTO-URBAN,EU VECTO Urban Bus,Urban,3073,19.54,-1.79739197530863,0,1
VECTO-URBAN,EU VECTO Urban Bus,Urban,3074,18.4,-1.7681172839506,0,1
VECTO-URBAN,EU VECTO Urban Bus,Urban,3075,18.4,-1.73972222222221,0,1
VECTO-URBAN,EU VECTO Urban Bus,Urban,3076,13.72,-1.71493827160492,0,1
VECTO-URBAN,EU VECTO Urban Bus,Urban,3077,9.86222222230936,-1.68827160493798,0,1
VECTO-URBAN,EU VECTO Urban Bus,Urban,3078,13.4622222223094,-1.6234814814807,0,1
VECTO-URBAN,EU VECTO Urban Bus,Urban,3079,8.78222222230936,-1.6,0,1
VECTO-URBAN,EU VECTO Urban Bus,Urban,3080,4.10222222230936,-1.6,0,1
VECTO-URBAN,EU VECTO Urban Bus,Urban,3081,0,-1.6,1,1.1
VECTO-URBAN,EU VECTO Urban Bus,Urban,3082,0,-1.6,1,1.1
VECTO-URBAN,EU VECTO Urban Bus,Urban,3083,0,-1.6,1,1.1
VECTO-URBAN,EU VECTO Urban Bus,Urban,3084,0,-1.6,1,1.1
VECTO-URBAN,EU VECTO Urban Bus,Urban,3085,0,-1.6,1,1.1
VECTO-URBAN,EU VECTO Urban Bus,Urban,3086,0,-1.6,1,1.1
VECTO-URBAN,EU VECTO Urban Bus,Urban,3087,0,-1.6,1,1.1
VECTO-URBAN,EU VECTO Urban Bus,Urban,3088,0,-1.6,1,1.1
VECTO-URBAN,EU VECTO Urban Bus,Urban,3089,0,-1.6,1,1.1
VECTO-URBAN,EU VECTO Urban Bus,Urban,3090,0,-1.6,1,1.1
VECTO-URBAN,EU VECTO Urban Bus,Urban,3091,0,-1.6,1,1.1
VECTO-URBAN,EU VECTO Urban Bus,Urban,3092,0,-1.6,0,1
VECTO-URBAN,EU VECTO Urban Bus,Urban,3093,3.6,-1.6,0,1
VECTO-URBAN,EU VECTO Urban Bus,Urban,3094,7.2,-1.53333333333333,0,1
VECTO-URBAN,EU VECTO Urban Bus,Urban,3095,10.8,-1.3875,0,1
VECTO-URBAN,EU VECTO Urban Bus,Urban,3096,14.4,-1.3,0,1
VECTO-URBAN,EU VECTO Urban Bus,Urban,3097,18,-1.11666666666667,0,1
VECTO-URBAN,EU VECTO Urban Bus,Urban,3098,21.6,-0.9,0,1
VECTO-URBAN,EU VECTO Urban Bus,Urban,3099,25.2,-0.716666666666667,0,1
VECTO-URBAN,EU VECTO Urban Bus,Urban,3100,28.8,-0.48,0,1
VECTO-URBAN,EU VECTO Urban Bus,Urban,3101,31.7,-0.326620370370377,0,1
VECTO-URBAN,EU VECTO Urban Bus,Urban,3102,33.7370370370369,-0.3,0,1
VECTO-URBAN,EU VECTO Urban Bus,Urban,3103,35.9403042773411,-0.3,0,1
VECTO-URBAN,EU VECTO Urban Bus,Urban,3104,38.2863427054349,-0.3,0,1
VECTO-URBAN,EU VECTO Urban Bus,Urban,3105,39.7,-0.37584795245961,0,1
VECTO-URBAN,EU VECTO Urban Bus,Urban,3106,39.7,-0.462247562999667,0,1
VECTO-URBAN,EU VECTO Urban Bus,Urban,3107,39.7,-0.520634277798952,0,1
VECTO-URBAN,EU VECTO Urban Bus,Urban,3108,39.7,-0.56304880771348,0,1
VECTO-URBAN,EU VECTO Urban Bus,Urban,3109,39.7,-0.595941520619194,0,1
VECTO-URBAN,EU VECTO Urban Bus,Urban,3110,39.7,-0.564433584111258,0,1
VECTO-URBAN,EU VECTO Urban Bus,Urban,3111,39.7,-0.532925647603323,0,1
VECTO-URBAN,EU VECTO Urban Bus,Urban,3112,39.7,-0.501417711095388,0,1
VECTO-URBAN,EU VECTO Urban Bus,Urban,3113,39.7,-0.476596491345796,0,1
VECTO-URBAN,EU VECTO Urban Bus,Urban,3114,39.7,-0.452090318506291,0,1
VECTO-URBAN,EU VECTO Urban Bus,Urban,3115,39.7,-0.427584145666786,0,1
VECTO-URBAN,EU VECTO Urban Bus,Urban,3116,39.7,-0.40307797282728,0,1
VECTO-URBAN,EU VECTO Urban Bus,Urban,3117,39.7,-0.351786549972494,0,1
VECTO-URBAN,EU VECTO Urban Bus,Urban,3118,39.7,-0.294842555513242,0,1
VECTO-URBAN,EU VECTO Urban Bus,Urban,3119,39.7,-0.210013495684185,0,1
VECTO-URBAN,EU VECTO Urban Bus,Urban,3120,39.7,-0.111581606010606,0,1
VECTO-URBAN,EU VECTO Urban Bus,Urban,3121,39.7,-0.00246198883389297,0,1
VECTO-URBAN,EU VECTO Urban Bus,Urban,3122,39.7,0.122269736179851,0,1
VECTO-URBAN,EU VECTO Urban Bus,Urban,3123,37.7762573311338,0.256777127379746,0,1
VECTO-URBAN,EU VECTO Urban Bus,Urban,3124,36.5,0.362348336744782,0,1
VECTO-URBAN,EU VECTO Urban Bus,Urban,3125,36.5,0.449976716090138,0,1
VECTO-URBAN,EU VECTO Urban Bus,Urban,3126,36.5,0.525850592623169,0,1
VECTO-URBAN,EU VECTO Urban Bus,Urban,3127,36.5,0.589218648178735,0,1
VECTO-URBAN,EU VECTO Urban Bus,Urban,3128,36.5,0.586206766233626,0,1
VECTO-URBAN,EU VECTO Urban Bus,Urban,3129,36.5,0.569585636907576,0,1
VECTO-URBAN,EU VECTO Urban Bus,Urban,3130,36.5,0.552964507581526,0,1
VECTO-URBAN,EU VECTO Urban Bus,Urban,3131,36.5,0.536343378255476,0,1
VECTO-URBAN,EU VECTO Urban Bus,Urban,3132,36.5,0.519722248929426,0,1
VECTO-URBAN,EU VECTO Urban Bus,Urban,3133,36.5,0.503101119603376,0,1
VECTO-URBAN,EU VECTO Urban Bus,Urban,3134,36.5,0.45418218927316,0,1
VECTO-URBAN,EU VECTO Urban Bus,Urban,3135,36.5,0.396782543168987,0,1
VECTO-URBAN,EU VECTO Urban Bus,Urban,3136,36.5,0.312291802428232,0,1
VECTO-URBAN,EU VECTO Urban Bus,Urban,3137,36.5,0.213361274024974,0,1
VECTO-URBAN,EU VECTO Urban Bus,Urban,3138,36.5,0.0839447702721373,0,1
VECTO-URBAN,EU VECTO Urban Bus,Urban,3139,36.5,-0.0742706296910455,0,1
VECTO-URBAN,EU VECTO Urban Bus,Urban,3140,36.5,-0.269351308805805,0,1
VECTO-URBAN,EU VECTO Urban Bus,Urban,3141,36.5,-0.480485703826616,0,1
VECTO-URBAN,EU VECTO Urban Bus,Urban,3142,36.5,-0.689305284032586,0,1
VECTO-URBAN,EU VECTO Urban Bus,Urban,3143,36.5,-0.962430148271142,0,1
VECTO-URBAN,EU VECTO Urban Bus,Urban,3144,36.5,-1.19272189639472,0,1
VECTO-URBAN,EU VECTO Urban Bus,Urban,3145,31.82,-1.38541639514375,0,1
VECTO-URBAN,EU VECTO Urban Bus,Urban,3146,30.9,-1.54051564028196,0,1
VECTO-URBAN,EU VECTO Urban Bus,Urban,3147,30.9,-1.578955104033,0,1
VECTO-URBAN,EU VECTO Urban Bus,Urban,3148,30.9,-1.53808208815999,0,1
VECTO-URBAN,EU VECTO Urban Bus,Urban,3149,30.9,-1.49023175300445,0,1
VECTO-URBAN,EU VECTO Urban Bus,Urban,3150,30.9,-1.33661143693869,0,1
VECTO-URBAN,EU VECTO Urban Bus,Urban,3151,30.9,-1.10824128378675,0,1
VECTO-URBAN,EU VECTO Urban Bus,Urban,3152,30.9,-0.822130172675679,0,1
VECTO-URBAN,EU VECTO Urban Bus,Urban,3153,26.22,-0.486528592346804,0,1
VECTO-URBAN,EU VECTO Urban Bus,Urban,3154,21.54,-0.203241283786701,0,1
VECTO-URBAN,EU VECTO Urban Bus,Urban,3155,16.86,0.0412031606577026,0,1
VECTO-URBAN,EU VECTO Urban Bus,Urban,3156,12.18,0.175647605102131,0,1
VECTO-URBAN,EU VECTO Urban Bus,Urban,3157,7.5,0.300184099093167,0,1
VECTO-URBAN,EU VECTO Urban Bus,Urban,3158,11.1,0.472406321315308,0,1
VECTO-URBAN,EU VECTO Urban Bus,Urban,3159,6.42,0.5,0,1
VECTO-URBAN,EU VECTO Urban Bus,Urban,3160,1.74,0.5,0,1
VECTO-URBAN,EU VECTO Urban Bus,Urban,3161,0,0.5,1,1.1
VECTO-URBAN,EU VECTO Urban Bus,Urban,3162,0,0.5,1,1.1
VECTO-URBAN,EU VECTO Urban Bus,Urban,3163,0,0.5,1,1.1
VECTO-URBAN,EU VECTO Urban Bus,Urban,3164,0,0.5,1,1.1
VECTO-URBAN,EU VECTO Urban Bus,Urban,3165,0,0.5,1,1.1
VECTO-URBAN,EU VECTO Urban Bus,Urban,3166,0,0.5,1,1.1
VECTO-URBAN,EU VECTO Urban Bus,Urban,3167,0,0.5,1,1.1
VECTO-URBAN,EU VECTO Urban Bus,Urban,3168,0,0.5,1,1.1
VECTO-URBAN,EU VECTO Urban Bus,Urban,3169,0,0.5,1,1.1
VECTO-URBAN,EU VECTO Urban Bus,Urban,3170,0,0.5,1,1.1
VECTO-URBAN,EU VECTO Urban Bus,Urban,3171,0,0.5,1,1.1
VECTO-URBAN,EU VECTO Urban Bus,Urban,3172,0,0.5,1,1.1
VECTO-URBAN,EU VECTO Urban Bus,Urban,3173,0,0.5,1,1.1
VECTO-URBAN,EU VECTO Urban Bus,Urban,3174,0,0.5,1,1.1
VECTO-URBAN,EU VECTO Urban Bus,Urban,3175,0,0.5,1,1.1
VECTO-URBAN,EU VECTO Urban Bus,Urban,3176,0,0.5,1,1.1
VECTO-URBAN,EU VECTO Urban Bus,Urban,3177,0,0.5,1,1.1
VECTO-URBAN,EU VECTO Urban Bus,Urban,3178,0,0.5,1,1.1
VECTO-URBAN,EU VECTO Urban Bus,Urban,3179,0,0.5,1,1.1
VECTO-URBAN,EU VECTO Urban Bus,Urban,3180,0,0.5,1,1.1
VECTO-URBAN,EU VECTO Urban Bus,Urban,3181,0,0.5,1,1.1
VECTO-URBAN,EU VECTO Urban Bus,Urban,3182,0,0.5,1,1.1
VECTO-URBAN,EU VECTO Urban Bus,Urban,3183,0,0.5,1,1.1
VECTO-URBAN,EU VECTO Urban Bus,Urban,3184,0,0.5,1,1.1
VECTO-URBAN,EU VECTO Urban Bus,Urban,3185,0,0.5,1,1.1
VECTO-URBAN,EU VECTO Urban Bus,Urban,3186,0,0.5,1,1.1
VECTO-URBAN,EU VECTO Urban Bus,Urban,3187,0,0.5,1,1.1
VECTO-URBAN,EU VECTO Urban Bus,Urban,3188,0,0.5,1,1.1
VECTO-URBAN,EU VECTO Urban Bus,Urban,3189,0,0.5,1,1.1
VECTO-URBAN,EU VECTO Urban Bus,Urban,3190,0,0.5,1,1.1
VECTO-URBAN,EU VECTO Urban Bus,Urban,3191,0,0.5,1,1.1
VECTO-URBAN,EU VECTO Urban Bus,Urban,3192,0,0.5,1,1.1
VECTO-URBAN,EU VECTO Urban Bus,Urban,3193,0,0.5,1,1.1
VECTO-URBAN,EU VECTO Urban Bus,Urban,3194,0,0.5,1,1.1
VECTO-URBAN,EU VECTO Urban Bus,Urban,3195,0,0.5,1,1.1
VECTO-URBAN,EU VECTO Urban Bus,Urban,3196,0,0.5,1,1.1
VECTO-URBAN,EU VECTO Urban Bus,Urban,3197,0,0.5,1,1.1
VECTO-URBAN,EU VECTO Urban Bus,Urban,3198,0,0.5,1,1.1
VECTO-URBAN,EU VECTO Urban Bus,Urban,3199,0,0.5,1,1.1
VECTO-URBAN,EU VECTO Urban Bus,Urban,3200,0,0.5,1,1.1
VECTO-URBAN,EU VECTO Urban Bus,Urban,3201,0,0.5,1,1.1
VECTO-URBAN,EU VECTO Urban Bus,Urban,3202,0,0.5,1,1.1
VECTO-URBAN,EU VECTO Urban Bus,Urban,3203,0,0.5,1,1.1
VECTO-URBAN,EU VECTO Urban Bus,Urban,3204,0,0.5,1,1.1
VECTO-URBAN,EU VECTO Urban Bus,Urban,3205,0,0.5,1,1.1
VECTO-URBAN,EU VECTO Urban Bus,Urban,3206,0,0.5,1,1.1
VECTO-URBAN,EU VECTO Urban Bus,Urban,3207,0,0.5,1,1.1
VECTO-URBAN,EU VECTO Urban Bus,Urban,3208,0,0.5,1,1.1
VECTO-URBAN,EU VECTO Urban Bus,Urban,3209,0,0.5,1,1.1
VECTO-URBAN,EU VECTO Urban Bus,Urban,3210,0,0.5,1,1.1
VECTO-URBAN,EU VECTO Urban Bus,Urban,3211,0,0.5,1,1.1
VECTO-URBAN,EU VECTO Urban Bus,Urban,3212,0,0.5,1,1.1
VECTO-URBAN,EU VECTO Urban Bus,Urban,3213,0,0.5,1,1.1
VECTO-URBAN,EU VECTO Urban Bus,Urban,3214,0,0.5,1,1.1
VECTO-URBAN,EU VECTO Urban Bus,Urban,3215,0,0.5,1,1.1
VECTO-URBAN,EU VECTO Urban Bus,Urban,3216,0,0.5,1,1.1
VECTO-URBAN,EU VECTO Urban Bus,Urban,3217,0,0.5,1,1.1
VECTO-URBAN,EU VECTO Urban Bus,Urban,3218,0,0.5,1,1.1
VECTO-URBAN,EU VECTO Urban Bus,Urban,3219,0,0.5,1,1.1
VECTO-URBAN,EU VECTO Urban Bus,Urban,3220,0,0.5,1,1.1
VECTO-URBAN,EU VECTO Urban Bus,Urban,3221,0,0.5,1,1.1
VECTO-URBAN,EU VECTO Urban Bus,Urban,3222,0,0.5,1,1.1
VECTO-URBAN,EU VECTO Urban Bus,Urban,3223,0,0.5,1,1.1
VECTO-URBAN,EU VECTO Urban Bus,Urban,3224,0,0.5,1,1.1
VECTO-URBAN,EU VECTO Urban Bus,Urban,3225,0,0.5,1,1.1
VECTO-URBAN,EU VECTO Urban Bus,Urban,3226,0,0.5,1,1.1
VECTO-URBAN,EU VECTO Urban Bus,Urban,3227,0,0.5,1,1.1
VECTO-URBAN,EU VECTO Urban Bus,Urban,3228,0,0.5,1,1.1
VECTO-URBAN,EU VECTO Urban Bus,Urban,3229,0,0.5,1,1.1
VECTO-URBAN,EU VECTO Urban Bus,Urban,3230,0,0.5,1,1.1
VECTO-URBAN,EU VECTO Urban Bus,Urban,3231,0,0.5,1,1.1
VECTO-URBAN,EU VECTO Urban Bus,Urban,3232,0,0.5,1,1.1
VECTO-URBAN,EU VECTO Urban Bus,Urban,3233,0,0.5,1,1.1
VECTO-URBAN,EU VECTO Urban Bus,Urban,3234,0,0.5,1,1.1
VECTO-URBAN,EU VECTO Urban Bus,Urban,3235,0,0.5,1,1.1
VECTO-URBAN,EU VECTO Urban Bus,Urban,3236,0,0.5,1,1.1
VECTO-URBAN,EU VECTO Urban Bus,Urban,3237,0,0.5,1,1.1
VECTO-URBAN,EU VECTO Urban Bus,Urban,3238,0,0.5,1,1.1
VECTO-URBAN,EU VECTO Urban Bus,Urban,3239,0,0.5,1,1.1
VECTO-URBAN,EU VECTO Urban Bus,Urban,3240,0,0.5,1,1.1
VECTO-URBAN,EU VECTO Urban Bus,Urban,3241,0,0.5,1,1.1
VECTO-URBAN,EU VECTO Urban Bus,Urban,3242,0,0.5,1,1.1
VECTO-URBAN,EU VECTO Urban Bus,Urban,3243,0,0.5,1,1.1
VECTO-URBAN,EU VECTO Urban Bus,Urban,3244,0,0.5,1,1.1
VECTO-URBAN,EU VECTO Urban Bus,Urban,3245,0,0.5,1,1.1
VECTO-URBAN,EU VECTO Urban Bus,Urban,3246,0,0.5,1,1.1
VECTO-URBAN,EU VECTO Urban Bus,Urban,3247,0,0.5,1,1.1
VECTO-URBAN,EU VECTO Urban Bus,Urban,3248,0,0.5,1,1.1
VECTO-URBAN,EU VECTO Urban Bus,Urban,3249,0,0.5,1,1.1
VECTO-URBAN,EU VECTO Urban Bus,Urban,3250,0,0.5,1,1.1
VECTO-URBAN,EU VECTO Urban Bus,Urban,3251,0,0.5,1,1.1
VECTO-URBAN,EU VECTO Urban Bus,Urban,3252,0,0.5,1,1.1
VECTO-URBAN,EU VECTO Urban Bus,Urban,3253,0,0.5,1,1.1
VECTO-URBAN,EU VECTO Urban Bus,Urban,3254,0,0.5,1,1.1
VECTO-URBAN,EU VECTO Urban Bus,Urban,3255,0,0.5,1,1.1
VECTO-URBAN,EU VECTO Urban Bus,Urban,3256,0,0.5,1,1.1
VECTO-URBAN,EU VECTO Urban Bus,Urban,3257,0,0.5,1,1.1
VECTO-URBAN,EU VECTO Urban Bus,Urban,3258,0,0.5,1,1.1
VECTO-URBAN,EU VECTO Urban Bus,Urban,3259,0,0.5,1,1.1
VECTO-URBAN,EU VECTO Urban Bus,Urban,3260,0,0.5,1,1.1
VECTO-URBAN,EU VECTO Urban Bus,Urban,3261,0,0.5,1,1.1
VECTO-URBAN,EU VECTO Urban Bus,Urban,3262,0,0.5,1,1.1
VECTO-URBAN,EU VECTO Urban Bus,Urban,3263,0,0.5,1,1.1
VECTO-URBAN,EU VECTO Urban Bus,Urban,3264,0,0.5,1,1.1
VECTO-URBAN,EU VECTO Urban Bus,Urban,3265,0,0.5,1,1.1
VECTO-URBAN,EU VECTO Urban Bus,Urban,3266,0,0.5,1,1.1
VECTO-URBAN,EU VECTO Urban Bus,Urban,3267,0,0.5,1,1.1
VECTO-URBAN,EU VECTO Urban Bus,Urban,3268,0,0.5,1,1.1
VECTO-URBAN,EU VECTO Urban Bus,Urban,3269,0,0.5,1,1.1
VECTO-URBAN,EU VECTO Urban Bus,Urban,3270,0,0.5,1,1.1
VECTO-URBAN,EU VECTO Urban Bus,Urban,3271,0,0.5,1,1.1
VECTO-URBAN,EU VECTO Urban Bus,Urban,3272,0,0.5,1,1.1
VECTO-URBAN,EU VECTO Urban Bus,Urban,3273,0,0.5,1,1.1
VECTO-URBAN,EU VECTO Urban Bus,Urban,3274,0,0.5,1,1.1
VECTO-URBAN,EU VECTO Urban Bus,Urban,3275,0,0.5,1,1.1
VECTO-URBAN,EU VECTO Urban Bus,Urban,3276,0,0.5,1,1.1
VECTO-URBAN,EU VECTO Urban Bus,Urban,3277,0,0.5,1,1.1
VECTO-URBAN,EU VECTO Urban Bus,Urban,3278,0,0.5,1,1.1
VECTO-URBAN,EU VECTO Urban Bus,Urban,3279,0,0.5,1,1.1
VECTO-URBAN,EU VECTO Urban Bus,Urban,3280,0,0.5,1,1.1
VECTO-URBAN,EU VECTO Urban Bus,Urban,3281,0,0.5,1,1.1
VECTO-URBAN,EU VECTO Urban Bus,Urban,3282,0,0.5,1,1.1
VECTO-URBAN,EU VECTO Urban Bus,Urban,3283,0,0.5,1,1.1
VECTO-URBAN,EU VECTO Urban Bus,Urban,3284,0,0.5,1,1.1
VECTO-URBAN,EU VECTO Urban Bus,Urban,3285,0,0.5,1,1.1
VECTO-URBAN,EU VECTO Urban Bus,Urban,3286,0,0.5,1,1.1
VECTO-URBAN,EU VECTO Urban Bus,Urban,3287,0,0.5,1,1.1
VECTO-URBAN,EU VECTO Urban Bus,Urban,3288,0,0.5,1,1.1
VECTO-URBAN,EU VECTO Urban Bus,Urban,3289,0,0.5,1,1.1
VECTO-URBAN,EU VECTO Urban Bus,Urban,3290,0,0.5,1,1.1
VECTO-URBAN,EU VECTO Urban Bus,Urban,3291,0,0.5,1,1.1
VECTO-URBAN,EU VECTO Urban Bus,Urban,3292,0,0.5,1,1.1
VECTO-URBAN,EU VECTO Urban Bus,Urban,3293,0,0.5,1,1.1
VECTO-URBAN,EU VECTO Urban Bus,Urban,3294,0,0.5,1,1.1
VECTO-URBAN,EU VECTO Urban Bus,Urban,3295,0,0.5,1,1.1
VECTO-URBAN,EU VECTO Urban Bus,Urban,3296,0,0.5,1,1.1
VECTO-URBAN,EU VECTO Urban Bus,Urban,3297,0,0.5,1,1.1
VECTO-URBAN,EU VECTO Urban Bus,Urban,3298,0,0.5,1,1.1
VECTO-URBAN,EU VECTO Urban Bus,Urban,3299,0,0.5,1,1.1
VECTO-URBAN,EU VECTO Urban Bus,Urban,3300,0,0.5,1,1.1
VECTO-URBAN,EU VECTO Urban Bus,Urban,3301,0,0.5,1,1.1
VECTO-URBAN,EU VECTO Urban Bus,Urban,3302,0,0.5,1,1.1
VECTO-URBAN,EU VECTO Urban Bus,Urban,3303,0,0.5,1,1.1
VECTO-URBAN,EU VECTO Urban Bus,Urban,3304,0,0.5,1,1.1
VECTO-URBAN,EU VECTO Urban Bus,Urban,3305,0,0.5,1,1.1
VECTO-URBAN,EU VECTO Urban Bus,Urban,3306,0,0.5,1,1.1
VECTO-URBAN,EU VECTO Urban Bus,Urban,3307,0,0.5,1,1.1
VECTO-URBAN,EU VECTO Urban Bus,Urban,3308,0,0.5,1,1.1
VECTO-URBAN,EU VECTO Urban Bus,Urban,3309,0,0.5,1,1.1
VECTO-URBAN,EU VECTO Urban Bus,Urban,3310,0,0.5,1,1.1
VECTO-URBAN,EU VECTO Urban Bus,Urban,3311,0,0.5,1,1.1
VECTO-URBAN,EU VECTO Urban Bus,Urban,3312,0,0.5,1,1.1
VECTO-URBAN,EU VECTO Urban Bus,Urban,3313,0,0.5,1,1.1
VECTO-URBAN,EU VECTO Urban Bus,Urban,3314,0,0.5,1,1.1
VECTO-URBAN,EU VECTO Urban Bus,Urban,3315,0,0.5,1,1.1
VECTO-URBAN,EU VECTO Urban Bus,Urban,3316,0,0.5,1,1.1
VECTO-URBAN,EU VECTO Urban Bus,Urban,3317,0,0.5,1,1.1
VECTO-URBAN,EU VECTO Urban Bus,Urban,3318,0,0.5,1,1.1
VECTO-URBAN,EU VECTO Urban Bus,Urban,3319,0,0.5,1,1.1
VECTO-URBAN,EU VECTO Urban Bus,Urban,3320,0,0.5,1,1.1
VECTO-URBAN,EU VECTO Urban Bus,Urban,3321,0,0.5,1,1.1
VECTO-URBAN,EU VECTO Urban Bus,Urban,3322,0,0.5,1,1.1
VECTO-URBAN,EU VECTO Urban Bus,Urban,3323,0,0.5,1,1.1
VECTO-URBAN,EU VECTO Urban Bus,Urban,3324,0,0.5,1,1.1
VECTO-URBAN,EU VECTO Urban Bus,Urban,3325,0,0.5,1,1.1
VECTO-URBAN,EU VECTO Urban Bus,Urban,3326,0,0.5,1,1.1
VECTO-URBAN,EU VECTO Urban Bus,Urban,3327,0,0.5,1,1.1
VECTO-URBAN,EU VECTO Urban Bus,Urban,3328,0,0.5,1,1.1
VECTO-URBAN,EU VECTO Urban Bus,Urban,3329,0,0.5,1,1.1
VECTO-URBAN,EU VECTO Urban Bus,Urban,3330,0,0.5,1,1.1
VECTO-URBAN,EU VECTO Urban Bus,Urban,3331,0,0.5,1,1.1
VECTO-URBAN,EU VECTO Urban Bus,Urban,3332,0,0.5,1,1.1
VECTO-URBAN,EU VECTO Urban Bus,Urban,3333,0,0.5,1,1.1
VECTO-URBAN,EU VECTO Urban Bus,Urban,3334,0,0.5,1,1.1
VECTO-URBAN,EU VECTO Urban Bus,Urban,3335,0,0.5,1,1.1
VECTO-URBAN,EU VECTO Urban Bus,Urban,3336,0,0.5,1,1.1
VECTO-URBAN,EU VECTO Urban Bus,Urban,3337,0,0.5,1,1.1
VECTO-URBAN,EU VECTO Urban Bus,Urban,3338,0,0.5,1,1.1
VECTO-URBAN,EU VECTO Urban Bus,Urban,3339,0,0.5,1,1.1
VECTO-URBAN,EU VECTO Urban Bus,Urban,3340,0,0.5,1,1.1
VECTO-URBAN,EU VECTO Urban Bus,Urban,3341,0,0.5,1,1.1
VECTO-URBAN,EU VECTO Urban Bus,Urban,3342,0,0.5,1,1.1
VECTO-URBAN,EU VECTO Urban Bus,Urban,3343,0,0.5,1,1.1
VECTO-URBAN,EU VECTO Urban Bus,Urban,3344,0,0.5,1,1.1
VECTO-URBAN,EU VECTO Urban Bus,Urban,3345,0,0.5,1,1.1
VECTO-URBAN,EU VECTO Urban Bus,Urban,3346,0,0.5,1,1.1
VECTO-URBAN,EU VECTO Urban Bus,Urban,3347,0,0.5,1,1.1
VECTO-URBAN,EU VECTO Urban Bus,Urban,3348,0,0.5,1,1.1
VECTO-URBAN,EU VECTO Urban Bus,Urban,3349,0,0.5,1,1.1
VECTO-URBAN,EU VECTO Urban Bus,Urban,3350,0,0.5,1,1.1
VECTO-URBAN,EU VECTO Urban Bus,Urban,3351,0,0.5,1,1.1
VECTO-URBAN,EU VECTO Urban Bus,Urban,3352,0,0.5,1,1.1
VECTO-URBAN,EU VECTO Urban Bus,Urban,3353,0,0.5,1,1.1
VECTO-URBAN,EU VECTO Urban Bus,Urban,3354,0,0.5,1,1.1
VECTO-URBAN,EU VECTO Urban Bus,Urban,3355,0,0.5,1,1.1
VECTO-URBAN,EU VECTO Urban Bus,Urban,3356,0,0.5,0,1
VECTO-URBAN,EU VECTO Urban Bus,Urban,3357,3.6,0.5,0,1
VECTO-URBAN,EU VECTO Urban Bus,Urban,3358,7.2,0.56,0,1
VECTO-URBAN,EU VECTO Urban Bus,Urban,3359,10.8,0.71,0,1
VECTO-URBAN,EU VECTO Urban Bus,Urban,3360,14.4,0.792857142857143,0,1
VECTO-URBAN,EU VECTO Urban Bus,Urban,3361,18,0.776785714285714,0,1
VECTO-URBAN,EU VECTO Urban Bus,Urban,3362,21.6,0.757142857142857,0,1
VECTO-URBAN,EU VECTO Urban Bus,Urban,3363,25.2,0.733928571428571,0,1
VECTO-URBAN,EU VECTO Urban Bus,Urban,3364,28.8,0.707142857142857,0,1
VECTO-URBAN,EU VECTO Urban Bus,Urban,3365,32.4,0.61875,0,1
VECTO-URBAN,EU VECTO Urban Bus,Urban,3366,36,0.511111111111111,0,1
VECTO-URBAN,EU VECTO Urban Bus,Urban,3367,36.2,0.389722222222226,0,1
VECTO-URBAN,EU VECTO Urban Bus,Urban,3368,36.2,0.293627450980399,0,1
VECTO-URBAN,EU VECTO Urban Bus,Urban,3369,36.2,0.234477124183018,0,1
VECTO-URBAN,EU VECTO Urban Bus,Urban,3370,35.9697167755993,0.2,0,1
VECTO-URBAN,EU VECTO Urban Bus,Urban,3371,35.4224531400554,0.2,0,1
VECTO-URBAN,EU VECTO Urban Bus,Urban,3372,34.8780684021365,0.2,0,1
VECTO-URBAN,EU VECTO Urban Bus,Urban,3373,34.342007780355,0.2,0,1
VECTO-URBAN,EU VECTO Urban Bus,Urban,3374,33.8141858486802,0.2,0,1
VECTO-URBAN,EU VECTO Urban Bus,Urban,3375,33.4,0.137132889627355,0,1
VECTO-URBAN,EU VECTO Urban Bus,Urban,3376,36.717214291004,0.1,0,1
VECTO-URBAN,EU VECTO Urban Bus,Urban,3377,37.7,0.0856243756874499,0,1
VECTO-URBAN,EU VECTO Urban Bus,Urban,3378,37.7,0.0650906066242682,0,1
VECTO-URBAN,EU VECTO Urban Bus,Urban,3379,37.7,0.0445568375610866,0,1
VECTO-URBAN,EU VECTO Urban Bus,Urban,3380,37.7,0.024023068497905,0,1
VECTO-URBAN,EU VECTO Urban Bus,Urban,3381,37.7,0.00348929943472339,0,1
VECTO-URBAN,EU VECTO Urban Bus,Urban,3382,37.217073360527,-0.0119800088418641,0,1
VECTO-URBAN,EU VECTO Urban Bus,Urban,3383,36.6464620944655,-0.0262283760206831,0,1
VECTO-URBAN,EU VECTO Urban Bus,Urban,3384,36.0853331367271,-0.0402584291131209,0,1
VECTO-URBAN,EU VECTO Urban Bus,Urban,3385,35.5327904105257,-0.0540736535628235,0,1
VECTO-URBAN,EU VECTO Urban Bus,Urban,3386,34.9814983019315,-0.0676759469101348,0,1
VECTO-URBAN,EU VECTO Urban Bus,Urban,3387,34.4374065680391,-0.0810669393619062,0,1
VECTO-URBAN,EU VECTO Urban Bus,Urban,3388,33.9017668699682,-0.0942496502874494,0,1
VECTO-URBAN,EU VECTO Urban Bus,Urban,3389,33.7,-0.126244412472297,0,1
VECTO-URBAN,EU VECTO Urban Bus,Urban,3390,33.7,-0.173049968027844,0,1
VECTO-URBAN,EU VECTO Urban Bus,Urban,3391,33.7,-0.239711047166784,0,1
VECTO-URBAN,EU VECTO Urban Bus,Urban,3392,33.7,-0.355536930463131,0,1
VECTO-URBAN,EU VECTO Urban Bus,Urban,3393,29.02,-0.520866538777991,0,1
VECTO-URBAN,EU VECTO Urban Bus,Urban,3394,24.34,-0.711360951250299,0,1
VECTO-URBAN,EU VECTO Urban Bus,Urban,3395,19.66,-0.918851638704048,0,1
VECTO-URBAN,EU VECTO Urban Bus,Urban,3396,14.98,-1.07922200907439,0,1
VECTO-URBAN,EU VECTO Urban Bus,Urban,3397,10.3,-1.19625904611142,0,1
VECTO-URBAN,EU VECTO Urban Bus,Urban,3398,13.9,-1.34162941648174,0,1
VECTO-URBAN,EU VECTO Urban Bus,Urban,3399,9.22000000000001,-1.4,0,1
VECTO-URBAN,EU VECTO Urban Bus,Urban,3400,4.54000000000001,-1.4,0,1
VECTO-URBAN,EU VECTO Urban Bus,Urban,3401,0,-1.4,1,1.1
VECTO-URBAN,EU VECTO Urban Bus,Urban,3402,0,-1.4,1,1.1
VECTO-URBAN,EU VECTO Urban Bus,Urban,3403,0,-1.4,1,1.1
VECTO-URBAN,EU VECTO Urban Bus,Urban,3404,0,-1.4,1,1.1
VECTO-URBAN,EU VECTO Urban Bus,Urban,3405,0,-1.4,1,1.1
VECTO-URBAN,EU VECTO Urban Bus,Urban,3406,0,-1.4,1,1.1
VECTO-URBAN,EU VECTO Urban Bus,Urban,3407,0,-1.4,1,1.1
VECTO-URBAN,EU VECTO Urban Bus,Urban,3408,0,-1.4,1,1.1
VECTO-URBAN,EU VECTO Urban Bus,Urban,3409,0,-1.4,1,1.1
VECTO-URBAN,EU VECTO Urban Bus,Urban,3410,0,-1.4,1,1.1
VECTO-URBAN,EU VECTO Urban Bus,Urban,3411,0,-1.4,1,1.1
VECTO-URBAN,EU VECTO Urban Bus,Urban,3412,0,-1.4,0,1
VECTO-URBAN,EU VECTO Urban Bus,Urban,3413,3.6,-1.4,0,1
VECTO-URBAN,EU VECTO Urban Bus,Urban,3414,7.2,-1.5,0,1
VECTO-URBAN,EU VECTO Urban Bus,Urban,3415,10.8,-1.625,0,1
VECTO-URBAN,EU VECTO Urban Bus,Urban,3416,14.4,-1.8,0,1
VECTO-URBAN,EU VECTO Urban Bus,Urban,3417,18,-2.01666666666667,0,1
VECTO-URBAN,EU VECTO Urban Bus,Urban,3418,21.6,-2.25,0,1
VECTO-URBAN,EU VECTO Urban Bus,Urban,3419,22.8,-2.4791666666667,0,1
VECTO-URBAN,EU VECTO Urban Bus,Urban,3420,22.8,-2.71666666666667,0,1
VECTO-URBAN,EU VECTO Urban Bus,Urban,3421,22.8,-2.8958333333333,0,1
VECTO-URBAN,EU VECTO Urban Bus,Urban,3422,22.8,-3.08194444444446,0,1
VECTO-URBAN,EU VECTO Urban Bus,Urban,3423,22.8,-3.0291666666667,0,1
VECTO-URBAN,EU VECTO Urban Bus,Urban,3424,22.8,-2.97166666666672,0,1
VECTO-URBAN,EU VECTO Urban Bus,Urban,3425,22.8,-2.90833333333339,0,1
VECTO-URBAN,EU VECTO Urban Bus,Urban,3426,22.8,-2.78333333333358,0,1
VECTO-URBAN,EU VECTO Urban Bus,Urban,3427,22.8,-2.55833333333376,0,1
VECTO-URBAN,EU VECTO Urban Bus,Urban,3428,18.12,-2.34944444444469,0,1
VECTO-URBAN,EU VECTO Urban Bus,Urban,3429,13.44,-2.13666666666686,0,1
VECTO-URBAN,EU VECTO Urban Bus,Urban,3430,8.76,-2.00083333333369,0,1
VECTO-URBAN,EU VECTO Urban Bus,Urban,3431,4.08,-1.82333333333409,0,1
VECTO-URBAN,EU VECTO Urban Bus,Urban,3432,0,-1.8,0,1
VECTO-URBAN,EU VECTO Urban Bus,Urban,3433,0,-1.8,1,1.1
VECTO-URBAN,EU VECTO Urban Bus,Urban,3434,0,-1.8,1,1.1
VECTO-URBAN,EU VECTO Urban Bus,Urban,3435,0,-1.8,1,1.1
VECTO-URBAN,EU VECTO Urban Bus,Urban,3436,0,-1.8,1,1.1
VECTO-URBAN,EU VECTO Urban Bus,Urban,3437,0,-1.8,1,1.1
VECTO-URBAN,EU VECTO Urban Bus,Urban,3438,0,-1.8,1,1.1
VECTO-URBAN,EU VECTO Urban Bus,Urban,3439,0,-1.8,1,1.1
VECTO-URBAN,EU VECTO Urban Bus,Urban,3440,0,-1.8,1,1.1
VECTO-URBAN,EU VECTO Urban Bus,Urban,3441,0,-1.8,1,1.1
VECTO-URBAN,EU VECTO Urban Bus,Urban,3442,0,-1.8,1,1.1
VECTO-URBAN,EU VECTO Urban Bus,Urban,3443,0,-1.8,1,1.1
VECTO-URBAN,EU VECTO Urban Bus,Urban,3444,0,-1.8,1,1.1
VECTO-URBAN,EU VECTO Urban Bus,Urban,3445,0,-1.8,1,1.1
VECTO-URBAN,EU VECTO Urban Bus,Urban,3446,0,-1.8,1,1.1
VECTO-URBAN,EU VECTO Urban Bus,Urban,3447,0,-1.8,1,1.1
VECTO-URBAN,EU VECTO Urban Bus,Urban,3448,0,-1.8,1,1.1
VECTO-URBAN,EU VECTO Urban Bus,Urban,3449,0,-1.8,1,1.1
VECTO-URBAN,EU VECTO Urban Bus,Urban,3450,0,-1.8,1,1.1
VECTO-URBAN,EU VECTO Urban Bus,Urban,3451,0,-1.8,1,1.1
VECTO-URBAN,EU VECTO Urban Bus,Urban,3452,0,-1.8,1,1.1
VECTO-URBAN,EU VECTO Urban Bus,Urban,3453,0,-1.8,1,1.1
VECTO-URBAN,EU VECTO Urban Bus,Urban,3454,0,-1.8,1,1.1
VECTO-URBAN,EU VECTO Urban Bus,Urban,3455,0,-1.8,1,1.1
VECTO-URBAN,EU VECTO Urban Bus,Urban,3456,0,-1.8,1,1.1
VECTO-URBAN,EU VECTO Urban Bus,Urban,3457,0,-1.8,1,1.1
VECTO-URBAN,EU VECTO Urban Bus,Urban,3458,0,-1.8,1,1.1
VECTO-URBAN,EU VECTO Urban Bus,Urban,3459,0,-1.8,1,1.1
VECTO-URBAN,EU VECTO Urban Bus,Urban,3460,0,-1.8,1,1.1
VECTO-URBAN,EU VECTO Urban Bus,Urban,3461,0,-1.8,1,1.1
VECTO-URBAN,EU VECTO Urban Bus,Urban,3462,0,-1.8,1,1.1
VECTO-URBAN,EU VECTO Urban Bus,Urban,3463,0,-1.8,1,1.1
VECTO-URBAN,EU VECTO Urban Bus,Urban,3464,0,-1.8,1,1.1
VECTO-URBAN,EU VECTO Urban Bus,Urban,3465,0,-1.8,1,1.1
VECTO-URBAN,EU VECTO Urban Bus,Urban,3466,0,-1.8,1,1.1
VECTO-URBAN,EU VECTO Urban Bus,Urban,3467,0,-1.8,1,1.1
VECTO-URBAN,EU VECTO Urban Bus,Urban,3468,0,-1.8,1,1.1
VECTO-URBAN,EU VECTO Urban Bus,Urban,3469,0,-1.8,1,1.1
VECTO-URBAN,EU VECTO Urban Bus,Urban,3470,0,-1.8,1,1.1
VECTO-URBAN,EU VECTO Urban Bus,Urban,3471,0,-1.8,1,1.1
VECTO-URBAN,EU VECTO Urban Bus,Urban,3472,0,-1.8,1,1.1
VECTO-URBAN,EU VECTO Urban Bus,Urban,3473,0,-1.8,1,1.1
VECTO-URBAN,EU VECTO Urban Bus,Urban,3474,0,-1.8,1,1.1
VECTO-URBAN,EU VECTO Urban Bus,Urban,3475,0,-1.8,1,1.1
VECTO-URBAN,EU VECTO Urban Bus,Urban,3476,0,-1.8,1,1.1
VECTO-URBAN,EU VECTO Urban Bus,Urban,3477,0,-1.8,1,1.1
VECTO-URBAN,EU VECTO Urban Bus,Urban,3478,0,-1.8,1,1.1
VECTO-URBAN,EU VECTO Urban Bus,Urban,3479,0,-1.8,1,1.1
VECTO-URBAN,EU VECTO Urban Bus,Urban,3480,0,-1.8,1,1.1
VECTO-URBAN,EU VECTO Urban Bus,Urban,3481,0,-1.8,1,1.1
VECTO-URBAN,EU VECTO Urban Bus,Urban,3482,0,-1.8,1,1.1
VECTO-URBAN,EU VECTO Urban Bus,Urban,3483,0,-1.8,1,1.1
VECTO-URBAN,EU VECTO Urban Bus,Urban,3484,0,-1.8,1,1.1
VECTO-URBAN,EU VECTO Urban Bus,Urban,3485,0,-1.8,1,1.1
VECTO-URBAN,EU VECTO Urban Bus,Urban,3486,0,-1.8,1,1.1
VECTO-URBAN,EU VECTO Urban Bus,Urban,3487,0,-1.8,1,1.1
VECTO-URBAN,EU VECTO Urban Bus,Urban,3488,0,-1.8,1,1.1
VECTO-URBAN,EU VECTO Urban Bus,Urban,3489,0,-1.8,1,1.1
VECTO-URBAN,EU VECTO Urban Bus,Urban,3490,0,-1.8,1,1.1
VECTO-URBAN,EU VECTO Urban Bus,Urban,3491,0,-1.8,0,1
VECTO-URBAN,EU VECTO Urban Bus,Urban,3492,3.6,-1.8,0,1
VECTO-URBAN,EU VECTO Urban Bus,Urban,3493,7.2,-1.75,0,1
VECTO-URBAN,EU VECTO Urban Bus,Urban,3494,10.8,-1.625,0,1
VECTO-URBAN,EU VECTO Urban Bus,Urban,3495,14.4,-1.45,0,1
VECTO-URBAN,EU VECTO Urban Bus,Urban,3496,18,-1.225,0,1
VECTO-URBAN,EU VECTO Urban Bus,Urban,3497,18,-0.975,0,1
VECTO-URBAN,EU VECTO Urban Bus,Urban,3498,18,-0.75,0,1
VECTO-URBAN,EU VECTO Urban Bus,Urban,3499,18,-0.55,0,1
VECTO-URBAN,EU VECTO Urban Bus,Urban,3500,21.6,-0.366666666666667,0,1
VECTO-URBAN,EU VECTO Urban Bus,Urban,3501,25.2,-0.1875,0,1
VECTO-URBAN,EU VECTO Urban Bus,Urban,3502,28.8,-0.02,0,1
VECTO-URBAN,EU VECTO Urban Bus,Urban,3503,32.4,0.0833333333333333,0,1
VECTO-URBAN,EU VECTO Urban Bus,Urban,3504,36,0.0578947368421053,0,1
VECTO-URBAN,EU VECTO Urban Bus,Urban,3505,36.8,0.00467836257310793,0,1
VECTO-URBAN,EU VECTO Urban Bus,Urban,3506,36.8,-0.0848484848484738,0,1
VECTO-URBAN,EU VECTO Urban Bus,Urban,3507,36.8,-0.242592592592579,0,1
VECTO-URBAN,EU VECTO Urban Bus,Urban,3508,36.8,-0.444444444444434,0,1
VECTO-URBAN,EU VECTO Urban Bus,Urban,3509,36.8,-0.725,0,1
VECTO-URBAN,EU VECTO Urban Bus,Urban,3510,36.8,-1.06111111111113,0,1
VECTO-URBAN,EU VECTO Urban Bus,Urban,3511,36.8,-1.46111111111113,0,1
VECTO-URBAN,EU VECTO Urban Bus,Urban,3512,36.8,-1.93333333333339,0,1
VECTO-URBAN,EU VECTO Urban Bus,Urban,3513,36.8,-2.49444444444453,0,1
VECTO-URBAN,EU VECTO Urban Bus,Urban,3514,36.8,-3.10555555555566,0,1
VECTO-URBAN,EU VECTO Urban Bus,Urban,3515,36.8,-3.71666666666679,0,1
VECTO-URBAN,EU VECTO Urban Bus,Urban,3516,32.12,-4.32263888888892,0,1
VECTO-URBAN,EU VECTO Urban Bus,Urban,3517,27.44,-4.65444444444447,0,1
VECTO-URBAN,EU VECTO Urban Bus,Urban,3518,22.76,-4.78566666666666,0,1
VECTO-URBAN,EU VECTO Urban Bus,Urban,3519,18.08,-4.74785185185183,0,1
VECTO-URBAN,EU VECTO Urban Bus,Urban,3520,13.4,-4.7187037037037,0,1
VECTO-URBAN,EU VECTO Urban Bus,Urban,3521,8.72,-4.69111111111112,0,1
VECTO-URBAN,EU VECTO Urban Bus,Urban,3522,12.32,-4.6,0,1
VECTO-URBAN,EU VECTO Urban Bus,Urban,3523,7.64,-4.6,0,1
VECTO-URBAN,EU VECTO Urban Bus,Urban,3524,2.96,-4.6,0,1
VECTO-URBAN,EU VECTO Urban Bus,Urban,3525,0,-4.6,1,1.1
VECTO-URBAN,EU VECTO Urban Bus,Urban,3526,0,-4.6,1,1.1
VECTO-URBAN,EU VECTO Urban Bus,Urban,3527,0,-4.6,1,1.1
VECTO-URBAN,EU VECTO Urban Bus,Urban,3528,0,-4.6,1,1.1
VECTO-URBAN,EU VECTO Urban Bus,Urban,3529,0,-4.6,1,1.1
VECTO-URBAN,EU VECTO Urban Bus,Urban,3530,0,-4.6,1,1.1
VECTO-URBAN,EU VECTO Urban Bus,Urban,3531,0,-4.6,1,1.1
VECTO-URBAN,EU VECTO Urban Bus,Urban,3532,0,-4.6,1,1.1
VECTO-URBAN,EU VECTO Urban Bus,Urban,3533,0,-4.6,1,1.1
VECTO-URBAN,EU VECTO Urban Bus,Urban,3534,0,-4.6,1,1.1
VECTO-URBAN,EU VECTO Urban Bus,Urban,3535,0,-4.6,1,1.1
VECTO-URBAN,EU VECTO Urban Bus,Urban,3536,0,-4.6,1,1.1
VECTO-URBAN,EU VECTO Urban Bus,Urban,3537,0,-4.6,1,1.1
VECTO-URBAN,EU VECTO Urban Bus,Urban,3538,0,-4.6,1,1.1
VECTO-URBAN,EU VECTO Urban Bus,Urban,3539,0,-4.6,1,1.1
VECTO-URBAN,EU VECTO Urban Bus,Urban,3540,0,-4.6,1,1.1
VECTO-URBAN,EU VECTO Urban Bus,Urban,3541,0,-4.6,1,1.1
VECTO-URBAN,EU VECTO Urban Bus,Urban,3542,0,-4.6,1,1.1
VECTO-URBAN,EU VECTO Urban Bus,Urban,3543,0,-4.6,1,1.1
VECTO-URBAN,EU VECTO Urban Bus,Urban,3544,0,-4.6,1,1.1
VECTO-URBAN,EU VECTO Urban Bus,Urban,3545,0,-4.6,1,1.1
VECTO-URBAN,EU VECTO Urban Bus,Urban,3546,0,-4.6,1,1.1
VECTO-URBAN,EU VECTO Urban Bus,Urban,3547,0,-4.6,1,1.1
VECTO-URBAN,EU VECTO Urban Bus,Urban,3548,0,-4.6,1,1.1
VECTO-URBAN,EU VECTO Urban Bus,Urban,3549,0,-4.6,1,1.1
VECTO-URBAN,EU VECTO Urban Bus,Urban,3550,0,-4.6,1,1.1
VECTO-URBAN,EU VECTO Urban Bus,Urban,3551,0,-4.6,1,1.1
VECTO-URBAN,EU VECTO Urban Bus,Urban,3552,0,-4.6,0,1
VECTO-URBAN,EU VECTO Urban Bus,Urban,3553,3.6,-4.6,0,1
VECTO-URBAN,EU VECTO Urban Bus,Urban,3554,7.2,-4.5,0,1
VECTO-URBAN,EU VECTO Urban Bus,Urban,3555,10.8,-4.325,0,1
VECTO-URBAN,EU VECTO Urban Bus,Urban,3556,14.4,-4.1,0,1
VECTO-URBAN,EU VECTO Urban Bus,Urban,3557,18,-3.825,0,1
VECTO-URBAN,EU VECTO Urban Bus,Urban,3558,21.6,-3.35,0,1
VECTO-URBAN,EU VECTO Urban Bus,Urban,3559,25.2,-2.85,0,1
VECTO-URBAN,EU VECTO Urban Bus,Urban,3560,28.8,-2.2,0,1
VECTO-URBAN,EU VECTO Urban Bus,Urban,3561,32.4,-1.55,0,1
VECTO-URBAN,EU VECTO Urban Bus,Urban,3562,36,-0.9,0,1
VECTO-URBAN,EU VECTO Urban Bus,Urban,3563,39.6,-0.425,0,1
VECTO-URBAN,EU VECTO Urban Bus,Urban,3564,41,-0.214209401709405,0,1
VECTO-URBAN,EU VECTO Urban Bus,Urban,3565,41,-0.25801282051283,0,1
VECTO-URBAN,EU VECTO Urban Bus,Urban,3566,41,-0.311805555555657,0,1
VECTO-URBAN,EU VECTO Urban Bus,Urban,3567,41,-0.521527777777919,0,1
VECTO-URBAN,EU VECTO Urban Bus,Urban,3568,41,-0.845000000000145,0,1
VECTO-URBAN,EU VECTO Urban Bus,Urban,3569,41,-1.15277777777796,0,1
VECTO-URBAN,EU VECTO Urban Bus,Urban,3570,41,-1.50055555555577,0,1
VECTO-URBAN,EU VECTO Urban Bus,Urban,3571,41,-1.80833333333358,0,1
VECTO-URBAN,EU VECTO Urban Bus,Urban,3572,41,-2.05611111111139,0,1
VECTO-URBAN,EU VECTO Urban Bus,Urban,3573,41,-2.19216269841264,0,1
VECTO-URBAN,EU VECTO Urban Bus,Urban,3574,41,-2.15148809523803,0,1
VECTO-URBAN,EU VECTO Urban Bus,Urban,3575,41,-2.11081349206343,0,1
VECTO-URBAN,EU VECTO Urban Bus,Urban,3576,41,-1.95277777777737,0,1
VECTO-URBAN,EU VECTO Urban Bus,Urban,3577,41,-1.63124999999945,0,1
VECTO-URBAN,EU VECTO Urban Bus,Urban,3578,41,-1.19305555555438,0,1
VECTO-URBAN,EU VECTO Urban Bus,Urban,3579,36.32,-0.753055555554965,0,1
VECTO-URBAN,EU VECTO Urban Bus,Urban,3580,31.64,-0.389444444443628,0,1
VECTO-URBAN,EU VECTO Urban Bus,Urban,3581,26.96,-0.118148148147278,0,1
VECTO-URBAN,EU VECTO Urban Bus,Urban,3582,22.28,0.107361111111732,0,1
VECTO-URBAN,EU VECTO Urban Bus,Urban,3583,17.6,0.236666666667152,0,1
VECTO-URBAN,EU VECTO Urban Bus,Urban,3584,21.2,0.322222222222481,0,1
VECTO-URBAN,EU VECTO Urban Bus,Urban,3585,16.52,0.374611111111371,0,1
VECTO-URBAN,EU VECTO Urban Bus,Urban,3586,11.84,0.4,0,1
VECTO-URBAN,EU VECTO Urban Bus,Urban,3587,7.16,0.4,0,1
VECTO-URBAN,EU VECTO Urban Bus,Urban,3588,2.48,0.4,0,1
VECTO-URBAN,EU VECTO Urban Bus,Urban,3589,0,0.4,1,1.1
VECTO-URBAN,EU VECTO Urban Bus,Urban,3590,0,0.4,1,1.1
VECTO-URBAN,EU VECTO Urban Bus,Urban,3591,0,0.4,1,1.1
VECTO-URBAN,EU VECTO Urban Bus,Urban,3592,0,0.4,1,1.1
VECTO-URBAN,EU VECTO Urban Bus,Urban,3593,0,0.4,1,1.1
VECTO-URBAN,EU VECTO Urban Bus,Urban,3594,0,0.4,1,1.1
VECTO-URBAN,EU VECTO Urban Bus,Urban,3595,0,0.4,1,1.1
VECTO-URBAN,EU VECTO Urban Bus,Urban,3596,0,0.4,1,1.1
VECTO-URBAN,EU VECTO Urban Bus,Urban,3597,0,0.4,1,1.1
VECTO-URBAN,EU VECTO Urban Bus,Urban,3598,0,0.4,1,1.1
VECTO-URBAN,EU VECTO Urban Bus,Urban,3599,0,0.4,1,1.1
VECTO-URBAN,EU VECTO Urban Bus,Urban,3600,0,0.4,1,1.1
VECTO-URBAN,EU VECTO Urban Bus,Urban,3601,0,0.4,1,1.1
VECTO-URBAN,EU VECTO Urban Bus,Urban,3602,0,0.4,1,1.1
VECTO-URBAN,EU VECTO Urban Bus,Urban,3603,0,0.4,1,1.1
VECTO-URBAN,EU VECTO Urban Bus,Urban,3604,0,0.4,1,1.1
VECTO-URBAN,EU VECTO Urban Bus,Urban,3605,0,0.4,1,1.1
VECTO-URBAN,EU VECTO Urban Bus,Urban,3606,0,0.4,1,1.1
VECTO-URBAN,EU VECTO Urban Bus,Urban,3607,0,0.4,1,1.1
VECTO-URBAN,EU VECTO Urban Bus,Urban,3608,0,0.4,1,1.1
VECTO-URBAN,EU VECTO Urban Bus,Urban,3609,0,0.4,1,1.1
VECTO-URBAN,EU VECTO Urban Bus,Urban,3610,0,0.4,1,1.1
VECTO-URBAN,EU VECTO Urban Bus,Urban,3611,0,0.4,1,1.1
VECTO-URBAN,EU VECTO Urban Bus,Urban,3612,0,0.4,1,1.1
VECTO-URBAN,EU VECTO Urban Bus,Urban,3613,0,0.4,1,1.1
VECTO-URBAN,EU VECTO Urban Bus,Urban,3614,0,0.4,1,1.1
VECTO-URBAN,EU VECTO Urban Bus,Urban,3615,0,0.4,1,1.1
VECTO-URBAN,EU VECTO Urban Bus,Urban,3616,0,0.4,1,1.1
VECTO-URBAN,EU VECTO Urban Bus,Urban,3617,0,0.4,1,1.1
VECTO-URBAN,EU VECTO Urban Bus,Urban,3618,0,0.4,1,1.1
VECTO-URBAN,EU VECTO Urban Bus,Urban,3619,0,0.4,1,1.1
VECTO-URBAN,EU VECTO Urban Bus,Urban,3620,0,0.4,1,1.1
VECTO-URBAN,EU VECTO Urban Bus,Urban,3621,0,0.4,1,1.1
VECTO-URBAN,EU VECTO Urban Bus,Urban,3622,0,0.4,1,1.1
VECTO-URBAN,EU VECTO Urban Bus,Urban,3623,0,0.4,1,1.1
VECTO-URBAN,EU VECTO Urban Bus,Urban,3624,0,0.4,0,1
VECTO-URBAN,EU VECTO Urban Bus,Urban,3625,3.6,0.4,0,1
VECTO-URBAN,EU VECTO Urban Bus,Urban,3626,7.2,0.366666666666667,0,1
VECTO-URBAN,EU VECTO Urban Bus,Urban,3627,10.8,0.296153846153846,0,1
VECTO-URBAN,EU VECTO Urban Bus,Urban,3628,14.4,0.269230769230769,0,1
VECTO-URBAN,EU VECTO Urban Bus,Urban,3629,18,0.234615384615385,0,1
VECTO-URBAN,EU VECTO Urban Bus,Urban,3630,21.6,0.185714285714286,0,1
VECTO-URBAN,EU VECTO Urban Bus,Urban,3631,25.2,0.09,0,1
VECTO-URBAN,EU VECTO Urban Bus,Urban,3632,25.6,-0.0638888888888687,0,1
VECTO-URBAN,EU VECTO Urban Bus,Urban,3633,25.6,-0.241666666666606,0,1
VECTO-URBAN,EU VECTO Urban Bus,Urban,3634,25.6,-0.444444444444343,0,1
VECTO-URBAN,EU VECTO Urban Bus,Urban,3635,25.6,-0.694444444444161,0,1
VECTO-URBAN,EU VECTO Urban Bus,Urban,3636,20.92,-0.911666666666497,0,1
VECTO-URBAN,EU VECTO Urban Bus,Urban,3637,24.52,-1.15537037037017,0,1
VECTO-URBAN,EU VECTO Urban Bus,Urban,3638,19.84,-1.36074074074058,0,1
VECTO-URBAN,EU VECTO Urban Bus,Urban,3639,15.16,-1.54208333333318,0,1
VECTO-URBAN,EU VECTO Urban Bus,Urban,3640,10.48,-1.6,0,1
VECTO-URBAN,EU VECTO Urban Bus,Urban,3641,5.8,-1.6,0,1
VECTO-URBAN,EU VECTO Urban Bus,Urban,3642,1.12,-1.6,0,1
VECTO-URBAN,EU VECTO Urban Bus,Urban,3643,0,-1.6,1,1.1
VECTO-URBAN,EU VECTO Urban Bus,Urban,3644,0,-1.6,1,1.1
VECTO-URBAN,EU VECTO Urban Bus,Urban,3645,0,-1.6,0,1
VECTO-URBAN,EU VECTO Urban Bus,Urban,3646,3.6,-1.6,0,1
VECTO-URBAN,EU VECTO Urban Bus,Urban,3647,7.2,-1.65,0,1
VECTO-URBAN,EU VECTO Urban Bus,Urban,3648,10.8,-1.775,0,1
VECTO-URBAN,EU VECTO Urban Bus,Urban,3649,14.4,-1.875,0,1
VECTO-URBAN,EU VECTO Urban Bus,Urban,3650,18,-2.0125,0,1
VECTO-URBAN,EU VECTO Urban Bus,Urban,3651,21.6,-2.13333333333333,0,1
VECTO-URBAN,EU VECTO Urban Bus,Urban,3652,25.2,-2.225,0,1
VECTO-URBAN,EU VECTO Urban Bus,Urban,3653,28.8,-2.3,0,1
VECTO-URBAN,EU VECTO Urban Bus,Urban,3654,32.4,-2.15416666666667,0,1
VECTO-URBAN,EU VECTO Urban Bus,Urban,3655,36,-2.04,0,1
VECTO-URBAN,EU VECTO Urban Bus,Urban,3656,38.9,-1.81493055555557,0,1
VECTO-URBAN,EU VECTO Urban Bus,Urban,3657,38.9,-1.4447916666667,0,1
VECTO-URBAN,EU VECTO Urban Bus,Urban,3658,38.9,-1.04930555555566,0,1
VECTO-URBAN,EU VECTO Urban Bus,Urban,3659,38.9,-0.659027777777919,0,1
VECTO-URBAN,EU VECTO Urban Bus,Urban,3660,38.9,-0.334375000000091,0,1
VECTO-URBAN,EU VECTO Urban Bus,Urban,3661,38.9,-0.0928240740741482,0,1
VECTO-URBAN,EU VECTO Urban Bus,Urban,3662,38.9,-0.0193930041152069,0,1
VECTO-URBAN,EU VECTO Urban Bus,Urban,3663,38.9,-0.0594135802468911,0,1
VECTO-URBAN,EU VECTO Urban Bus,Urban,3664,38.9,-0.0994341563785754,0,1
VECTO-URBAN,EU VECTO Urban Bus,Urban,3665,38.9,-0.266319444444252,0,1
VECTO-URBAN,EU VECTO Urban Bus,Urban,3666,34.22,-0.495208333333176,0,1
VECTO-URBAN,EU VECTO Urban Bus,Urban,3667,29.54,-0.691597222222026,0,1
VECTO-URBAN,EU VECTO Urban Bus,Urban,3668,33.14,-0.839490740740621,0,1
VECTO-URBAN,EU VECTO Urban Bus,Urban,3669,28.46,-0.954722222222133,0,1
VECTO-URBAN,EU VECTO Urban Bus,Urban,3670,23.78,-0.968194444444525,0,1
VECTO-URBAN,EU VECTO Urban Bus,Urban,3671,19.1,-0.908638888888963,0,1
VECTO-URBAN,EU VECTO Urban Bus,Urban,3672,14.42,-0.9,0,1
VECTO-URBAN,EU VECTO Urban Bus,Urban,3673,9.74,-0.9,0,1
VECTO-URBAN,EU VECTO Urban Bus,Urban,3674,5.06,-0.9,0,1
VECTO-URBAN,EU VECTO Urban Bus,Urban,3675,0.379999999999997,-0.9,0,1
VECTO-URBAN,EU VECTO Urban Bus,Urban,3676,0,-0.9,1,1.1
VECTO-URBAN,EU VECTO Urban Bus,Urban,3677,0,-0.9,1,1.1
VECTO-URBAN,EU VECTO Urban Bus,Urban,3678,0,-0.9,1,1.1
VECTO-URBAN,EU VECTO Urban Bus,Urban,3679,0,-0.9,1,1.1
VECTO-URBAN,EU VECTO Urban Bus,Urban,3680,0,-0.9,0,1
VECTO-URBAN,EU VECTO Urban Bus,Urban,3681,3.6,-0.9,0,1
VECTO-URBAN,EU VECTO Urban Bus,Urban,3682,7.2,-0.85,0,1
VECTO-URBAN,EU VECTO Urban Bus,Urban,3683,10.8,-0.775,0,1
VECTO-URBAN,EU VECTO Urban Bus,Urban,3684,14.4,-0.716666666666667,0,1
VECTO-URBAN,EU VECTO Urban Bus,Urban,3685,18,-0.6125,0,1
VECTO-URBAN,EU VECTO Urban Bus,Urban,3686,21.6,-0.466666666666667,0,1
VECTO-URBAN,EU VECTO Urban Bus,Urban,3687,25.2,-0.2625,0,1
VECTO-URBAN,EU VECTO Urban Bus,Urban,3688,28.1,-0.0524305555555657,0,1
VECTO-URBAN,EU VECTO Urban Bus,Urban,3689,28.1,0.167708333333303,0,1
VECTO-URBAN,EU VECTO Urban Bus,Urban,3690,28.1,0.318923611111086,0,1
VECTO-URBAN,EU VECTO Urban Bus,Urban,3691,28.1,0.386805555555584,0,1
VECTO-URBAN,EU VECTO Urban Bus,Urban,3692,28.1,0.308750000000036,0,1
VECTO-URBAN,EU VECTO Urban Bus,Urban,3693,23.42,0.237194444444467,0,1
VECTO-URBAN,EU VECTO Urban Bus,Urban,3694,18.74,0.157277777777854,0,1
VECTO-URBAN,EU VECTO Urban Bus,Urban,3695,22.34,0.059404761904807,0,1
VECTO-URBAN,EU VECTO Urban Bus,Urban,3696,17.66,-0.023287037036971,0,1
VECTO-URBAN,EU VECTO Urban Bus,Urban,3697,12.98,-0.0942129629628956,0,1
VECTO-URBAN,EU VECTO Urban Bus,Urban,3698,8.3,0,0,1
VECTO-URBAN,EU VECTO Urban Bus,Urban,3699,3.62,0,0,1
VECTO-URBAN,EU VECTO Urban Bus,Urban,3700,0,0,1,1.1
VECTO-URBAN,EU VECTO Urban Bus,Urban,3701,0,0,1,1.1
VECTO-URBAN,EU VECTO Urban Bus,Urban,3702,0,0,1,1.1
VECTO-URBAN,EU VECTO Urban Bus,Urban,3703,0,0,1,1.1
VECTO-URBAN,EU VECTO Urban Bus,Urban,3704,0,0,1,1.1
VECTO-URBAN,EU VECTO Urban Bus,Urban,3705,0,0,1,1.1
VECTO-URBAN,EU VECTO Urban Bus,Urban,3706,0,0,1,1.1
VECTO-URBAN,EU VECTO Urban Bus,Urban,3707,0,0,1,1.1
VECTO-URBAN,EU VECTO Urban Bus,Urban,3708,0,0,1,1.1
VECTO-URBAN,EU VECTO Urban Bus,Urban,3709,0,0,1,1.1
VECTO-URBAN,EU VECTO Urban Bus,Urban,3710,0,0,1,1.1
VECTO-URBAN,EU VECTO Urban Bus,Urban,3711,0,0,1,1.1
VECTO-URBAN,EU VECTO Urban Bus,Urban,3712,0,0,1,1.1
VECTO-URBAN,EU VECTO Urban Bus,Urban,3713,0,0,1,1.1
VECTO-URBAN,EU VECTO Urban Bus,Urban,3714,0,0,1,1.1
VECTO-URBAN,EU VECTO Urban Bus,Urban,3715,0,0,1,1.1
VECTO-URBAN,EU VECTO Urban Bus,Urban,3716,0,0,1,1.1
VECTO-URBAN,EU VECTO Urban Bus,Urban,3717,0,0,1,1.1
VECTO-URBAN,EU VECTO Urban Bus,Urban,3718,0,0,1,1.1
VECTO-URBAN,EU VECTO Urban Bus,Urban,3719,0,0,1,1.1
VECTO-URBAN,EU VECTO Urban Bus,Urban,3720,0,0,1,1.1
VECTO-URBAN,EU VECTO Urban Bus,Urban,3721,0,0,1,1.1
VECTO-URBAN,EU VECTO Urban Bus,Urban,3722,0,0,0,1
VECTO-URBAN,EU VECTO Urban Bus,Urban,3723,3.6,0,0,1
VECTO-URBAN,EU VECTO Urban Bus,Urban,3724,7.2,-0.0333333333333333,0,1
VECTO-URBAN,EU VECTO Urban Bus,Urban,3725,10.8,-0.116666666666667,0,1
VECTO-URBAN,EU VECTO Urban Bus,Urban,3726,14.4,-0.190909090909091,0,1
VECTO-URBAN,EU VECTO Urban Bus,Urban,3727,18,-0.15,0,1
VECTO-URBAN,EU VECTO Urban Bus,Urban,3728,21.6,-0.1,0,1
VECTO-URBAN,EU VECTO Urban Bus,Urban,3729,25.2,-0.0277777777777778,0,1
VECTO-URBAN,EU VECTO Urban Bus,Urban,3730,28.8,0.125,0,1
VECTO-URBAN,EU VECTO Urban Bus,Urban,3731,32.4,0.3625,0,1
VECTO-URBAN,EU VECTO Urban Bus,Urban,3732,36,0.666666666666667,0,1
VECTO-URBAN,EU VECTO Urban Bus,Urban,3733,37.6,1.00555555555557,0,1
VECTO-URBAN,EU VECTO Urban Bus,Urban,3734,37.6,1.32222222222226,0,1
VECTO-URBAN,EU VECTO Urban Bus,Urban,3735,37.6,1.60277777777783,0,1
VECTO-URBAN,EU VECTO Urban Bus,Urban,3736,37.6,1.79365079365083,0,1
VECTO-URBAN,EU VECTO Urban Bus,Urban,3737,37.6,2.03333333333339,0,1
VECTO-URBAN,EU VECTO Urban Bus,Urban,3738,37.6,2.26111111111122,0,1
VECTO-URBAN,EU VECTO Urban Bus,Urban,3739,37.6,2.62222222222235,0,1
VECTO-URBAN,EU VECTO Urban Bus,Urban,3740,32.92,3.0341666666669,0,1
VECTO-URBAN,EU VECTO Urban Bus,Urban,3741,28.24,3.51777777777825,0,1
VECTO-URBAN,EU VECTO Urban Bus,Urban,3742,31.84,4.12611111111128,0,1
VECTO-URBAN,EU VECTO Urban Bus,Urban,3743,27.16,4.77166666666708,0,1
VECTO-URBAN,EU VECTO Urban Bus,Urban,3744,22.48,5.33055555555584,0,1
VECTO-URBAN,EU VECTO Urban Bus,Urban,3745,17.8,5.72055555555598,0,1
VECTO-URBAN,EU VECTO Urban Bus,Urban,3746,13.12,5.9,0,1
VECTO-URBAN,EU VECTO Urban Bus,Urban,3747,8.44,5.9,0,1
VECTO-URBAN,EU VECTO Urban Bus,Urban,3748,3.76000000000001,5.9,0,1
VECTO-URBAN,EU VECTO Urban Bus,Urban,3749,0,5.9,1,1.1
VECTO-URBAN,EU VECTO Urban Bus,Urban,3750,0,5.9,1,1.1
VECTO-URBAN,EU VECTO Urban Bus,Urban,3751,0,5.9,1,1.1
VECTO-URBAN,EU VECTO Urban Bus,Urban,3752,0,5.9,1,1.1
VECTO-URBAN,EU VECTO Urban Bus,Urban,3753,0,5.9,1,1.1
VECTO-URBAN,EU VECTO Urban Bus,Urban,3754,0,5.9,1,1.1
VECTO-URBAN,EU VECTO Urban Bus,Urban,3755,0,5.9,1,1.1
VECTO-URBAN,EU VECTO Urban Bus,Urban,3756,0,5.9,1,1.1
VECTO-URBAN,EU VECTO Urban Bus,Urban,3757,0,5.9,1,1.1
VECTO-URBAN,EU VECTO Urban Bus,Urban,3758,0,5.9,1,1.1
VECTO-URBAN,EU VECTO Urban Bus,Urban,3759,0,5.9,1,1.1
VECTO-URBAN,EU VECTO Urban Bus,Urban,3760,0,5.9,1,1.1
VECTO-URBAN,EU VECTO Urban Bus,Urban,3761,0,5.9,1,1.1
VECTO-URBAN,EU VECTO Urban Bus,Urban,3762,0,5.9,1,1.1
VECTO-URBAN,EU VECTO Urban Bus,Urban,3763,0,5.9,1,1.1
VECTO-URBAN,EU VECTO Urban Bus,Urban,3764,0,5.9,1,1.1
VECTO-URBAN,EU VECTO Urban Bus,Urban,3765,0,5.9,1,1.1
VECTO-URBAN,EU VECTO Urban Bus,Urban,3766,0,5.9,1,1.1
VECTO-URBAN,EU VECTO Urban Bus,Urban,3767,0,5.9,1,1.1
VECTO-URBAN,EU VECTO Urban Bus,Urban,3768,0,5.9,1,1.1
VECTO-URBAN,EU VECTO Urban Bus,Urban,3769,0,5.9,1,1.1
VECTO-URBAN,EU VECTO Urban Bus,Urban,3770,0,5.9,1,1.1
VECTO-URBAN,EU VECTO Urban Bus,Urban,3771,0,5.9,1,1.1
VECTO-URBAN,EU VECTO Urban Bus,Urban,3772,0,5.9,1,1.1
VECTO-URBAN,EU VECTO Urban Bus,Urban,3773,0,5.9,1,1.1
VECTO-URBAN,EU VECTO Urban Bus,Urban,3774,0,5.9,1,1.1
VECTO-URBAN,EU VECTO Urban Bus,Urban,3775,0,5.9,1,1.1
VECTO-URBAN,EU VECTO Urban Bus,Urban,3776,0,5.9,1,1.1
VECTO-URBAN,EU VECTO Urban Bus,Urban,3777,0,5.9,1,1.1
VECTO-URBAN,EU VECTO Urban Bus,Urban,3778,0,5.9,1,1.1
VECTO-URBAN,EU VECTO Urban Bus,Urban,3779,0,5.9,1,1.1
VECTO-URBAN,EU VECTO Urban Bus,Urban,3780,0,5.9,1,1.1
VECTO-URBAN,EU VECTO Urban Bus,Urban,3781,0,5.9,1,1.1
VECTO-URBAN,EU VECTO Urban Bus,Urban,3782,0,5.9,1,1.1
VECTO-URBAN,EU VECTO Urban Bus,Urban,3783,0,5.9,1,1.1
VECTO-URBAN,EU VECTO Urban Bus,Urban,3784,0,5.9,1,1.1
VECTO-URBAN,EU VECTO Urban Bus,Urban,3785,0,5.9,1,1.1
VECTO-URBAN,EU VECTO Urban Bus,Urban,3786,0,5.9,1,1.1
VECTO-URBAN,EU VECTO Urban Bus,Urban,3787,0,5.9,1,1.1
VECTO-URBAN,EU VECTO Urban Bus,Urban,3788,0,5.9,1,1.1
VECTO-URBAN,EU VECTO Urban Bus,Urban,3789,0,5.9,1,1.1
VECTO-URBAN,EU VECTO Urban Bus,Urban,3790,0,5.9,1,1.1
VECTO-URBAN,EU VECTO Urban Bus,Urban,3791,0,5.9,1,1.1
VECTO-URBAN,EU VECTO Urban Bus,Urban,3792,0,5.9,1,1.1
VECTO-URBAN,EU VECTO Urban Bus,Urban,3793,0,5.9,1,1.1
VECTO-URBAN,EU VECTO Urban Bus,Urban,3794,0,5.9,1,1.1
VECTO-URBAN,EU VECTO Urban Bus,Urban,3795,0,5.9,1,1.1
VECTO-URBAN,EU VECTO Urban Bus,Urban,3796,0,5.9,1,1.1
VECTO-URBAN,EU VECTO Urban Bus,Urban,3797,0,5.9,1,1.1
VECTO-URBAN,EU VECTO Urban Bus,Urban,3798,0,5.9,1,1.1
VECTO-URBAN,EU VECTO Urban Bus,Urban,3799,0,5.9,1,1.1
VECTO-URBAN,EU VECTO Urban Bus,Urban,3800,0,5.9,0,1
VECTO-URBAN,EU VECTO Urban Bus,Urban,3801,3.6,5.9,0,1
VECTO-URBAN,EU VECTO Urban Bus,Urban,3802,7.2,6.1,0,1
VECTO-URBAN,EU VECTO Urban Bus,Urban,3803,10.8,6.225,0,1
VECTO-URBAN,EU VECTO Urban Bus,Urban,3804,14.4,6.4,0,1
VECTO-URBAN,EU VECTO Urban Bus,Urban,3805,18,6.61666666666667,0,1
VECTO-URBAN,EU VECTO Urban Bus,Urban,3806,21.6,6.775,0,1
VECTO-URBAN,EU VECTO Urban Bus,Urban,3807,25.2,6.75416666666667,0,1
VECTO-URBAN,EU VECTO Urban Bus,Urban,3808,28.8,6.68,0,1
VECTO-URBAN,EU VECTO Urban Bus,Urban,3809,32.4,6.425,0,1
VECTO-URBAN,EU VECTO Urban Bus,Urban,3810,36,6,0,1
VECTO-URBAN,EU VECTO Urban Bus,Urban,3811,38.3,5.38935185185183,0,1
VECTO-URBAN,EU VECTO Urban Bus,Urban,3812,38.3,4.85208333333321,0,1
VECTO-URBAN,EU VECTO Urban Bus,Urban,3813,38.3,4.24027777777737,0,1
VECTO-URBAN,EU VECTO Urban Bus,Urban,3814,38.3,3.78819444444416,0,1
VECTO-URBAN,EU VECTO Urban Bus,Urban,3815,38.3,3.35312499999982,0,1
VECTO-URBAN,EU VECTO Urban Bus,Urban,3816,38.3,2.94861111111022,0,1
VECTO-URBAN,EU VECTO Urban Bus,Urban,3817,38.3,2.49618055555529,0,1
VECTO-URBAN,EU VECTO Urban Bus,Urban,3818,38.3,2.11041666666606,0,1
VECTO-URBAN,EU VECTO Urban Bus,Urban,3819,38.3,1.68923611111077,0,1
VECTO-URBAN,EU VECTO Urban Bus,Urban,3820,38.3,1.3232638888885,0,1
VECTO-URBAN,EU VECTO Urban Bus,Urban,3821,38.3,1.02583333333299,0,1
VECTO-URBAN,EU VECTO Urban Bus,Urban,3822,38.3,0.76631944444398,0,1
VECTO-URBAN,EU VECTO Urban Bus,Urban,3823,38.3,0.575173611110859,0,1
VECTO-URBAN,EU VECTO Urban Bus,Urban,3824,38.3,0.51185897435903,0,1
VECTO-URBAN,EU VECTO Urban Bus,Urban,3825,38.3,0.539138176638237,0,1
VECTO-URBAN,EU VECTO Urban Bus,Urban,3826,38.3,0.566417378917443,0,1
VECTO-URBAN,EU VECTO Urban Bus,Urban,3827,38.3,0.593696581196649,0,1
VECTO-URBAN,EU VECTO Urban Bus,Urban,3828,38.3,0.648120915032846,0,1
VECTO-URBAN,EU VECTO Urban Bus,Urban,3829,38.3,0.693935185185085,0,1
VECTO-URBAN,EU VECTO Urban Bus,Urban,3830,38.3,0.658472222222117,0,1
VECTO-URBAN,EU VECTO Urban Bus,Urban,3831,38.3,0.623009259259149,0,1
VECTO-URBAN,EU VECTO Urban Bus,Urban,3832,38.3,0.553298611110677,0,1
VECTO-URBAN,EU VECTO Urban Bus,Urban,3833,38.3,0.390624999999091,0,1
VECTO-URBAN,EU VECTO Urban Bus,Urban,3834,38.3,0.124652777776828,0,1
VECTO-URBAN,EU VECTO Urban Bus,Urban,3835,38.3,-0.28263888889087,0,1
VECTO-URBAN,EU VECTO Urban Bus,Urban,3836,38.3,-0.82916666667079,0,1
VECTO-URBAN,EU VECTO Urban Bus,Urban,3837,38.3,-1.59652777777992,0,1
VECTO-URBAN,EU VECTO Urban Bus,Urban,3838,33.62,-2.34597222222437,0,1
VECTO-URBAN,EU VECTO Urban Bus,Urban,3839,28.94,-2.93041666666886,0,1
VECTO-URBAN,EU VECTO Urban Bus,Urban,3840,24.26,-3.39986111111339,0,1
VECTO-URBAN,EU VECTO Urban Bus,Urban,3841,19.58,-3.63620370370518,0,1
VECTO-URBAN,EU VECTO Urban Bus,Urban,3842,14.9,-3.7,0,1
VECTO-URBAN,EU VECTO Urban Bus,Urban,3843,10.22,-3.7,0,1
VECTO-URBAN,EU VECTO Urban Bus,Urban,3844,5.53999999999999,-3.7,0,1
VECTO-URBAN,EU VECTO Urban Bus,Urban,3845,0.859999999999992,-3.7,0,1
VECTO-URBAN,EU VECTO Urban Bus,Urban,3846,4.45999999999999,-3.7,0,1
VECTO-URBAN,EU VECTO Urban Bus,Urban,3847,0,-3.7,0,1
VECTO-URBAN,EU VECTO Urban Bus,Urban,3848,0,-3.7,1,1.1
VECTO-URBAN,EU VECTO Urban Bus,Urban,3849,0,-3.7,1,1.1
VECTO-URBAN,EU VECTO Urban Bus,Urban,3850,0,-3.7,1,1.1
VECTO-URBAN,EU VECTO Urban Bus,Urban,3851,0,-3.7,1,1.1
VECTO-URBAN,EU VECTO Urban Bus,Urban,3852,0,-3.7,1,1.1
VECTO-URBAN,EU VECTO Urban Bus,Urban,3853,0,-3.7,1,1.1
VECTO-URBAN,EU VECTO Urban Bus,Urban,3854,0,-3.7,1,1.1
VECTO-URBAN,EU VECTO Urban Bus,Urban,3855,0,-3.7,1,1.1
VECTO-URBAN,EU VECTO Urban Bus,Urban,3856,0,-3.7,1,1.1
VECTO-URBAN,EU VECTO Urban Bus,Urban,3857,0,-3.7,0,1
VECTO-URBAN,EU VECTO Urban Bus,Urban,3858,3.6,-3.7,0,1
VECTO-URBAN,EU VECTO Urban Bus,Urban,3859,7.2,-3.6,0,1
VECTO-URBAN,EU VECTO Urban Bus,Urban,3860,10.8,-3.425,0,1
VECTO-URBAN,EU VECTO Urban Bus,Urban,3861,14.4,-3.25,0,1
VECTO-URBAN,EU VECTO Urban Bus,Urban,3862,18,-2.925,0,1
VECTO-URBAN,EU VECTO Urban Bus,Urban,3863,21.6,-2.3,0,1
VECTO-URBAN,EU VECTO Urban Bus,Urban,3864,24.2,-1.53194444444453,0,1
VECTO-URBAN,EU VECTO Urban Bus,Urban,3865,24.2,-0.575000000000364,0,1
VECTO-URBAN,EU VECTO Urban Bus,Urban,3866,24.2,0.390277777777737,0,1
VECTO-URBAN,EU VECTO Urban Bus,Urban,3867,24.2,1.40555555555547,0,1
VECTO-URBAN,EU VECTO Urban Bus,Urban,3868,19.52,2.05999999999985,0,1
VECTO-URBAN,EU VECTO Urban Bus,Urban,3869,14.84,2.43722222222204,0,1
VECTO-URBAN,EU VECTO Urban Bus,Urban,3870,10.16,2.68444444444431,0,1
VECTO-URBAN,EU VECTO Urban Bus,Urban,3871,5.48,2.89944444444445,0,1
VECTO-URBAN,EU VECTO Urban Bus,Urban,3872,9.08,2.83203703703706,0,1
VECTO-URBAN,EU VECTO Urban Bus,Urban,3873,4.4,2.8,0,1
VECTO-URBAN,EU VECTO Urban Bus,Urban,3874,0,2.8,1,1.1
VECTO-URBAN,EU VECTO Urban Bus,Urban,3875,0,2.8,1,1.1
VECTO-URBAN,EU VECTO Urban Bus,Urban,3876,0,2.8,1,1.1
VECTO-URBAN,EU VECTO Urban Bus,Urban,3877,0,2.8,1,1.1
VECTO-URBAN,EU VECTO Urban Bus,Urban,3878,0,2.8,1,1.1
VECTO-URBAN,EU VECTO Urban Bus,Urban,3879,0,2.8,1,1.1
VECTO-URBAN,EU VECTO Urban Bus,Urban,3880,0,2.8,1,1.1
VECTO-URBAN,EU VECTO Urban Bus,Urban,3881,0,2.8,1,1.1
VECTO-URBAN,EU VECTO Urban Bus,Urban,3882,0,2.8,1,1.1
VECTO-URBAN,EU VECTO Urban Bus,Urban,3883,0,2.8,1,1.1
VECTO-URBAN,EU VECTO Urban Bus,Urban,3884,0,2.8,1,1.1
VECTO-URBAN,EU VECTO Urban Bus,Urban,3885,0,2.8,1,1.1
VECTO-URBAN,EU VECTO Urban Bus,Urban,3886,0,2.8,1,1.1
VECTO-URBAN,EU VECTO Urban Bus,Urban,3887,0,2.8,1,1.1
VECTO-URBAN,EU VECTO Urban Bus,Urban,3888,0,2.8,1,1.1
VECTO-URBAN,EU VECTO Urban Bus,Urban,3889,0,2.8,1,1.1
VECTO-URBAN,EU VECTO Urban Bus,Urban,3890,0,2.8,1,1.1
VECTO-URBAN,EU VECTO Urban Bus,Urban,3891,0,2.8,1,1.1
VECTO-URBAN,EU VECTO Urban Bus,Urban,3892,0,2.8,1,1.1
VECTO-URBAN,EU VECTO Urban Bus,Urban,3893,0,2.8,1,1.1
VECTO-URBAN,EU VECTO Urban Bus,Urban,3894,0,2.8,1,1.1
VECTO-URBAN,EU VECTO Urban Bus,Urban,3895,0,2.8,1,1.1
VECTO-URBAN,EU VECTO Urban Bus,Urban,3896,0,2.8,1,1.1
VECTO-URBAN,EU VECTO Urban Bus,Urban,3897,0,2.8,1,1.1
VECTO-URBAN,EU VECTO Urban Bus,Urban,3898,0,2.8,1,1.1
VECTO-URBAN,EU VECTO Urban Bus,Urban,3899,0,2.8,1,1.1
VECTO-URBAN,EU VECTO Urban Bus,Urban,3900,0,2.8,1,1.1
VECTO-URBAN,EU VECTO Urban Bus,Urban,3901,0,2.8,1,1.1
VECTO-URBAN,EU VECTO Urban Bus,Urban,3902,0,2.8,1,1.1
VECTO-URBAN,EU VECTO Urban Bus,Urban,3903,0,2.8,1,1.1
VECTO-URBAN,EU VECTO Urban Bus,Urban,3904,0,2.8,1,1.1
VECTO-URBAN,EU VECTO Urban Bus,Urban,3905,0,2.8,1,1.1
VECTO-URBAN,EU VECTO Urban Bus,Urban,3906,0,2.8,1,1.1
VECTO-URBAN,EU VECTO Urban Bus,Urban,3907,0,2.8,1,1.1
VECTO-URBAN,EU VECTO Urban Bus,Urban,3908,0,2.8,1,1.1
VECTO-URBAN,EU VECTO Urban Bus,Urban,3909,0,2.8,1,1.1
VECTO-URBAN,EU VECTO Urban Bus,Urban,3910,0,2.8,1,1.1
VECTO-URBAN,EU VECTO Urban Bus,Urban,3911,0,2.8,1,1.1
VECTO-URBAN,EU VECTO Urban Bus,Urban,3912,0,2.8,1,1.1
VECTO-URBAN,EU VECTO Urban Bus,Urban,3913,0,2.8,1,1.1
VECTO-URBAN,EU VECTO Urban Bus,Urban,3914,0,2.8,1,1.1
VECTO-URBAN,EU VECTO Urban Bus,Urban,3915,0,2.8,1,1.1
VECTO-URBAN,EU VECTO Urban Bus,Urban,3916,0,2.8,1,1.1
VECTO-URBAN,EU VECTO Urban Bus,Urban,3917,0,2.8,0,1
VECTO-URBAN,EU VECTO Urban Bus,Urban,3918,3.6,2.8,0,1
VECTO-URBAN,EU VECTO Urban Bus,Urban,3919,7.2,2.8,0,1
VECTO-URBAN,EU VECTO Urban Bus,Urban,3920,10.8,2.8,0,1
VECTO-URBAN,EU VECTO Urban Bus,Urban,3921,14.4,2.8,0,1
VECTO-URBAN,EU VECTO Urban Bus,Urban,3922,18,2.65,0,1
VECTO-URBAN,EU VECTO Urban Bus,Urban,3923,21.6,2.2,0,1
VECTO-URBAN,EU VECTO Urban Bus,Urban,3924,25.2,1.75,0,1
VECTO-URBAN,EU VECTO Urban Bus,Urban,3925,28.8,0.9,0,1
VECTO-URBAN,EU VECTO Urban Bus,Urban,3926,32.4,-0.1,0,1
VECTO-URBAN,EU VECTO Urban Bus,Urban,3927,33.5,-1.23263888888887,0,1
VECTO-URBAN,EU VECTO Urban Bus,Urban,3928,33.5,-2.09583333333321,0,1
VECTO-URBAN,EU VECTO Urban Bus,Urban,3929,33.5,-2.86319444444434,0,1
VECTO-URBAN,EU VECTO Urban Bus,Urban,3930,33.5,-3.36423611111104,0,1
VECTO-URBAN,EU VECTO Urban Bus,Urban,3931,33.5,-3.71749999999993,0,1
VECTO-URBAN,EU VECTO Urban Bus,Urban,3932,33.5,-3.77121913580249,0,1
VECTO-URBAN,EU VECTO Urban Bus,Urban,3933,33.5,-3.7195216049383,0,1
VECTO-URBAN,EU VECTO Urban Bus,Urban,3934,33.5,-3.58680555555566,0,1
VECTO-URBAN,EU VECTO Urban Bus,Urban,3935,33.5,-3.37256944444462,0,1
VECTO-URBAN,EU VECTO Urban Bus,Urban,3936,33.5,-3.11990740740766,0,1
VECTO-URBAN,EU VECTO Urban Bus,Urban,3937,33.5,-2.88229166666688,0,1
VECTO-URBAN,EU VECTO Urban Bus,Urban,3938,33.5,-2.62465277777801,0,1
VECTO-URBAN,EU VECTO Urban Bus,Urban,3939,33.5,-2.39201388888914,0,1
VECTO-URBAN,EU VECTO Urban Bus,Urban,3940,33.5,-2.15625000000018,0,1
VECTO-URBAN,EU VECTO Urban Bus,Urban,3941,33.5,-1.98449074074094,0,1
VECTO-URBAN,EU VECTO Urban Bus,Urban,3942,33.5,-1.83948412698431,0,1
VECTO-URBAN,EU VECTO Urban Bus,Urban,3943,33.5,-1.74967948717959,0,1
VECTO-URBAN,EU VECTO Urban Bus,Urban,3944,33.5,-1.6780982905984,0,1
VECTO-URBAN,EU VECTO Urban Bus,Urban,3945,33.5,-1.60651709401721,0,1
VECTO-URBAN,EU VECTO Urban Bus,Urban,3946,33.5,-1.53958333333345,0,1
VECTO-URBAN,EU VECTO Urban Bus,Urban,3947,33.5,-1.46236111111128,0,1
VECTO-URBAN,EU VECTO Urban Bus,Urban,3948,33.5,-1.36589506172859,0,1
VECTO-URBAN,EU VECTO Urban Bus,Urban,3949,33.5,-1.25781250000023,0,1
VECTO-URBAN,EU VECTO Urban Bus,Urban,3950,33.5,-1.14149305555579,0,1
VECTO-URBAN,EU VECTO Urban Bus,Urban,3951,33.5,-1.05395299145314,0,1
VECTO-URBAN,EU VECTO Urban Bus,Urban,3952,33.5,-1.0163690476189,0,1
VECTO-URBAN,EU VECTO Urban Bus,Urban,3953,33.5,-1.08283730158715,0,1
VECTO-URBAN,EU VECTO Urban Bus,Urban,3954,33.5,-1.16902777777756,0,1
VECTO-URBAN,EU VECTO Urban Bus,Urban,3955,33.5,-1.28869047619015,0,1
VECTO-URBAN,EU VECTO Urban Bus,Urban,3956,33.5,-1.5102777777773,0,1
VECTO-URBAN,EU VECTO Urban Bus,Urban,3957,33.5,-1.6963888888884,0,1
VECTO-URBAN,EU VECTO Urban Bus,Urban,3958,28.82,-1.83093749999971,0,1
VECTO-URBAN,EU VECTO Urban Bus,Urban,3959,24.14,-1.88169444444469,0,1
VECTO-URBAN,EU VECTO Urban Bus,Urban,3960,27.74,-1.80963888888913,0,1
VECTO-URBAN,EU VECTO Urban Bus,Urban,3961,23.06,-1.73231481481509,0,1
VECTO-URBAN,EU VECTO Urban Bus,Urban,3962,18.38,-1.62881944444507,0,1
VECTO-URBAN,EU VECTO Urban Bus,Urban,3963,13.7,-1.6,0,1
VECTO-URBAN,EU VECTO Urban Bus,Urban,3964,9.02,-1.6,0,1
VECTO-URBAN,EU VECTO Urban Bus,Urban,3965,4.34,-1.6,0,1
VECTO-URBAN,EU VECTO Urban Bus,Urban,3966,0,-1.6,1,1.1
VECTO-URBAN,EU VECTO Urban Bus,Urban,3967,0,-1.6,1,1.1
VECTO-URBAN,EU VECTO Urban Bus,Urban,3968,0,-1.6,1,1.1
VECTO-URBAN,EU VECTO Urban Bus,Urban,3969,0,-1.6,1,1.1
VECTO-URBAN,EU VECTO Urban Bus,Urban,3970,0,-1.6,1,1.1
VECTO-URBAN,EU VECTO Urban Bus,Urban,3971,0,-1.6,1,1.1
VECTO-URBAN,EU VECTO Urban Bus,Urban,3972,0,-1.6,1,1.1
VECTO-URBAN,EU VECTO Urban Bus,Urban,3973,0,-1.6,1,1.1
VECTO-URBAN,EU VECTO Urban Bus,Urban,3974,0,-1.6,1,1.1
VECTO-URBAN,EU VECTO Urban Bus,Urban,3975,0,-1.6,1,1.1
VECTO-URBAN,EU VECTO Urban Bus,Urban,3976,0,-1.6,0,1
VECTO-URBAN,EU VECTO Urban Bus,Urban,3977,3.6,-1.6,0,1
VECTO-URBAN,EU VECTO Urban Bus,Urban,3978,7.2,-1.55,0,1
VECTO-URBAN,EU VECTO Urban Bus,Urban,3979,10.8,-1.425,0,1
VECTO-URBAN,EU VECTO Urban Bus,Urban,3980,14.4,-1.325,0,1
VECTO-URBAN,EU VECTO Urban Bus,Urban,3981,18,-1.18333333333333,0,1
VECTO-URBAN,EU VECTO Urban Bus,Urban,3982,21.6,-1.025,0,1
VECTO-URBAN,EU VECTO Urban Bus,Urban,3983,25.2,-0.8375,0,1
VECTO-URBAN,EU VECTO Urban Bus,Urban,3984,27,-0.665,0,1
VECTO-URBAN,EU VECTO Urban Bus,Urban,3985,27,-0.515,0,1
VECTO-URBAN,EU VECTO Urban Bus,Urban,3986,27,-0.415625,0,1
VECTO-URBAN,EU VECTO Urban Bus,Urban,3987,27,-0.351923076923077,0,1
VECTO-URBAN,EU VECTO Urban Bus,Urban,3988,27,-0.294642857142857,0,1
VECTO-URBAN,EU VECTO Urban Bus,Urban,3989,27,-0.241071428571429,0,1
VECTO-URBAN,EU VECTO Urban Bus,Urban,3990,22.32,-0.184285714285735,0,1
VECTO-URBAN,EU VECTO Urban Bus,Urban,3991,17.64,-0.105000000000031,0,1
VECTO-URBAN,EU VECTO Urban Bus,Urban,3992,12.96,-0.0350000000000364,0,1
VECTO-URBAN,EU VECTO Urban Bus,Urban,3993,8.28,0,0,1
VECTO-URBAN,EU VECTO Urban Bus,Urban,3994,3.6,0,0,1
VECTO-URBAN,EU VECTO Urban Bus,Urban,3995,0,0,1,1.1
VECTO-URBAN,EU VECTO Urban Bus,Urban,3996,0,0,1,1.1
VECTO-URBAN,EU VECTO Urban Bus,Urban,3997,0,0,0,1
VECTO-URBAN,EU VECTO Urban Bus,Urban,3998,3.6,0,0,1
VECTO-URBAN,EU VECTO Urban Bus,Urban,3999,7.2,0.0333333333333333,0,1
VECTO-URBAN,EU VECTO Urban Bus,Urban,4000,10.8,0.116666666666667,0,1
VECTO-URBAN,EU VECTO Urban Bus,Urban,4001,14.4,0.225,0,1
VECTO-URBAN,EU VECTO Urban Bus,Urban,4002,18,0.3375,0,1
VECTO-URBAN,EU VECTO Urban Bus,Urban,4003,21.6,0.475,0,1
VECTO-URBAN,EU VECTO Urban Bus,Urban,4004,25.2,0.65,0,1
VECTO-URBAN,EU VECTO Urban Bus,Urban,4005,25.7,0.839236111111131,0,1
VECTO-URBAN,EU VECTO Urban Bus,Urban,4006,25.7,0.994166666666715,0,1
VECTO-URBAN,EU VECTO Urban Bus,Urban,4007,25.7,1.14745370370377,0,1
VECTO-URBAN,EU VECTO Urban Bus,Urban,4008,25.7,1.29965277777792,0,1
VECTO-URBAN,EU VECTO Urban Bus,Urban,4009,25.7,1.43541666666679,0,1
VECTO-URBAN,EU VECTO Urban Bus,Urban,4010,25.7,1.58159722222244,0,1
VECTO-URBAN,EU VECTO Urban Bus,Urban,4011,25.7,1.70671296296314,0,1
VECTO-URBAN,EU VECTO Urban Bus,Urban,4012,25.7,1.82569444444465,0,1
VECTO-URBAN,EU VECTO Urban Bus,Urban,4013,25.7,1.93350694444462,0,1
VECTO-URBAN,EU VECTO Urban Bus,Urban,4014,21.02,1.99025462962951,0,1
VECTO-URBAN,EU VECTO Urban Bus,Urban,4015,16.34,1.94701388888877,0,1
VECTO-URBAN,EU VECTO Urban Bus,Urban,4016,11.66,1.91460648148134,0,1
VECTO-URBAN,EU VECTO Urban Bus,Urban,4017,6.98,1.9,0,1
VECTO-URBAN,EU VECTO Urban Bus,Urban,4018,2.3,1.9,0,1
VECTO-URBAN,EU VECTO Urban Bus,Urban,4019,5.9,1.9,0,1
VECTO-URBAN,EU VECTO Urban Bus,Urban,4020,1.22,1.9,0,1
VECTO-URBAN,EU VECTO Urban Bus,Urban,4021,0,1.9,1,1.1
VECTO-URBAN,EU VECTO Urban Bus,Urban,4022,0,1.9,1,1.1
VECTO-URBAN,EU VECTO Urban Bus,Urban,4023,0,1.9,1,1.1
VECTO-URBAN,EU VECTO Urban Bus,Urban,4024,0,1.9,1,1.1
VECTO-URBAN,EU VECTO Urban Bus,Urban,4025,0,1.9,1,1.1
VECTO-URBAN,EU VECTO Urban Bus,Urban,4026,0,1.9,1,1.1
VECTO-URBAN,EU VECTO Urban Bus,Urban,4027,0,1.9,1,1.1
VECTO-URBAN,EU VECTO Urban Bus,Urban,4028,0,1.9,1,1.1
VECTO-URBAN,EU VECTO Urban Bus,Urban,4029,0,1.9,1,1.1
VECTO-URBAN,EU VECTO Urban Bus,Urban,4030,0,1.9,1,1.1
VECTO-URBAN,EU VECTO Urban Bus,Urban,4031,0,1.9,1,1.1
VECTO-URBAN,EU VECTO Urban Bus,Urban,4032,0,1.9,1,1.1
VECTO-URBAN,EU VECTO Urban Bus,Urban,4033,0,1.9,1,1.1
VECTO-URBAN,EU VECTO Urban Bus,Urban,4034,0,1.9,0,1
VECTO-URBAN,EU VECTO Urban Bus,Urban,4035,3.6,1.9,0,1
VECTO-URBAN,EU VECTO Urban Bus,Urban,4036,7.2,1.8,0,1
VECTO-URBAN,EU VECTO Urban Bus,Urban,4037,10.8,1.7375,0,1
VECTO-URBAN,EU VECTO Urban Bus,Urban,4038,14.4,1.63333333333333,0,1
VECTO-URBAN,EU VECTO Urban Bus,Urban,4039,18,1.475,0,1
VECTO-URBAN,EU VECTO Urban Bus,Urban,4040,21.6,1.25,0,1
VECTO-URBAN,EU VECTO Urban Bus,Urban,4041,25.2,0.883333333333333,0,1
VECTO-URBAN,EU VECTO Urban Bus,Urban,4042,28.8,0.5,0,1
VECTO-URBAN,EU VECTO Urban Bus,Urban,4043,32.4,-0.0166666666666667,0,1
VECTO-URBAN,EU VECTO Urban Bus,Urban,4044,36,-0.5,0,1
VECTO-URBAN,EU VECTO Urban Bus,Urban,4045,36.3,-0.902083333333394,0,1
VECTO-URBAN,EU VECTO Urban Bus,Urban,4046,36.3,-1.228125,0,1
VECTO-URBAN,EU VECTO Urban Bus,Urban,4047,36.3,-1.5052083333333,0,1
VECTO-URBAN,EU VECTO Urban Bus,Urban,4048,36.3,-1.70972222222214,0,1
VECTO-URBAN,EU VECTO Urban Bus,Urban,4049,36.3,-1.98437499999991,0,1
VECTO-URBAN,EU VECTO Urban Bus,Urban,4050,36.3,-2.22916666666657,0,1
VECTO-URBAN,EU VECTO Urban Bus,Urban,4051,36.3,-2.46354166666652,0,1
VECTO-URBAN,EU VECTO Urban Bus,Urban,4052,36.3,-2.64374999999988,0,1
VECTO-URBAN,EU VECTO Urban Bus,Urban,4053,36.3,-2.76708333333325,0,1
VECTO-URBAN,EU VECTO Urban Bus,Urban,4054,36.3,-2.67208333333343,0,1
VECTO-URBAN,EU VECTO Urban Bus,Urban,4055,36.3,-2.55208333333352,0,1
VECTO-URBAN,EU VECTO Urban Bus,Urban,4056,36.3,-2.27604166666697,0,1
VECTO-URBAN,EU VECTO Urban Bus,Urban,4057,36.3,-1.92395833333367,0,1
VECTO-URBAN,EU VECTO Urban Bus,Urban,4058,36.3,-1.44375000000073,0,1
VECTO-URBAN,EU VECTO Urban Bus,Urban,4059,36.3,-1.03958333333412,0,1
VECTO-URBAN,EU VECTO Urban Bus,Urban,4060,36.3,-0.635416666667516,0,1
VECTO-URBAN,EU VECTO Urban Bus,Urban,4061,36.3,-0.332500000000364,0,1
VECTO-URBAN,EU VECTO Urban Bus,Urban,4062,36.3,-0.0756944444447678,0,1
VECTO-URBAN,EU VECTO Urban Bus,Urban,4063,36.3,0.0692708333330756,0,1
VECTO-URBAN,EU VECTO Urban Bus,Urban,4064,36.3,0.18472222222198,0,1
VECTO-URBAN,EU VECTO Urban Bus,Urban,4065,36.3,0.279166666666457,0,1
VECTO-URBAN,EU VECTO Urban Bus,Urban,4066,36.3,0.386574074073805,0,1
VECTO-URBAN,EU VECTO Urban Bus,Urban,4067,36.3,0.517499999999491,0,1
VECTO-URBAN,EU VECTO Urban Bus,Urban,4068,36.3,0.699305555555111,0,1
VECTO-URBAN,EU VECTO Urban Bus,Urban,4069,36.3,0.863020833332985,0,1
VECTO-URBAN,EU VECTO Urban Bus,Urban,4070,36.3,0.989062499999636,0,1
VECTO-URBAN,EU VECTO Urban Bus,Urban,4071,36.3,0.945833333333512,0,1
VECTO-URBAN,EU VECTO Urban Bus,Urban,4072,36.3,0.861805555556081,0,1
VECTO-URBAN,EU VECTO Urban Bus,Urban,4073,36.3,0.590625000000819,0,1
VECTO-URBAN,EU VECTO Urban Bus,Urban,4074,36.3,0.177083333335031,0,1
VECTO-URBAN,EU VECTO Urban Bus,Urban,4075,36.3,-0.45416666666315,0,1
VECTO-URBAN,EU VECTO Urban Bus,Urban,4076,36.3,-1.16249999999636,0,1
VECTO-URBAN,EU VECTO Urban Bus,Urban,4077,36.3,-1.83541666666479,0,1
VECTO-URBAN,EU VECTO Urban Bus,Urban,4078,36.3,-2.39305555555426,0,1
VECTO-URBAN,EU VECTO Urban Bus,Urban,4079,36.3,-2.53750000000133,0,1
VECTO-URBAN,EU VECTO Urban Bus,Urban,4080,31.62,-2.23458333333529,0,1
VECTO-URBAN,EU VECTO Urban Bus,Urban,4081,26.94,-1.52791666666853,0,1
VECTO-URBAN,EU VECTO Urban Bus,Urban,4082,22.26,-0.586250000001928,0,1
VECTO-URBAN,EU VECTO Urban Bus,Urban,4083,17.58,0.0616666666588571,0,1
VECTO-URBAN,EU VECTO Urban Bus,Urban,4084,12.9,0.808333333325572,0,1
VECTO-URBAN,EU VECTO Urban Bus,Urban,4085,8.22,1.29499999999243,0,1
VECTO-URBAN,EU VECTO Urban Bus,Urban,4086,3.54,1.56083333332972,0,1
VECTO-URBAN,EU VECTO Urban Bus,Urban,4087,0,1.6,1,1.1
VECTO-URBAN,EU VECTO Urban Bus,Urban,4088,0,1.6,1,1.1
VECTO-URBAN,EU VECTO Urban Bus,Urban,4089,0,1.6,0,1
VECTO-URBAN,EU VECTO Urban Bus,Urban,4090,3.6,1.6,0,1
VECTO-URBAN,EU VECTO Urban Bus,Urban,4091,7.2,1.9,0,1
VECTO-URBAN,EU VECTO Urban Bus,Urban,4092,10.8,2.3,0,1
VECTO-URBAN,EU VECTO Urban Bus,Urban,4093,14.4,2.8,0,1
VECTO-URBAN,EU VECTO Urban Bus,Urban,4094,16.7,3.51597222222226,0,1
VECTO-URBAN,EU VECTO Urban Bus,Urban,4095,16.7,3.94791666666679,0,1
VECTO-URBAN,EU VECTO Urban Bus,Urban,4096,16.7,4.25972222222263,0,1
VECTO-URBAN,EU VECTO Urban Bus,Urban,4097,16.7,4.45590277777792,0,1
VECTO-URBAN,EU VECTO Urban Bus,Urban,4098,16.7,4.42812499999982,0,1
VECTO-URBAN,EU VECTO Urban Bus,Urban,4099,12.9,4.30046296296277,0,1
VECTO-URBAN,EU VECTO Urban Bus,Urban,4100,16.5,4.1,0,1
VECTO-URBAN,EU VECTO Urban Bus,Urban,4101,20.1,3.6847222222219,0,1
VECTO-URBAN,EU VECTO Urban Bus,Urban,4102,23.7,3.07638888888869,0,1
VECTO-URBAN,EU VECTO Urban Bus,Urban,4103,27.3,2.10416666666642,0,1
VECTO-URBAN,EU VECTO Urban Bus,Urban,4104,30.9,0.979861111111131,0,1
VECTO-URBAN,EU VECTO Urban Bus,Urban,4105,33.1,0.035416666666606,0,1
VECTO-URBAN,EU VECTO Urban Bus,Urban,4106,33.1,-0.724305555555657,0,1
VECTO-URBAN,EU VECTO Urban Bus,Urban,4107,33.1,-1.12268518518528,0,1
VECTO-URBAN,EU VECTO Urban Bus,Urban,4108,33.1,-1.11406249999995,0,1
VECTO-URBAN,EU VECTO Urban Bus,Urban,4109,33.1,-0.846527777777556,0,1
VECTO-URBAN,EU VECTO Urban Bus,Urban,4110,33.1,-0.336805555555293,0,1
VECTO-URBAN,EU VECTO Urban Bus,Urban,4111,33.1,0.44583333333394,0,1
VECTO-URBAN,EU VECTO Urban Bus,Urban,4112,33.1,1.33055555555693,0,1
VECTO-URBAN,EU VECTO Urban Bus,Urban,4113,28.42,2.31972222222284,0,1
VECTO-URBAN,EU VECTO Urban Bus,Urban,4114,23.74,3.0441666666673,0,1
VECTO-URBAN,EU VECTO Urban Bus,Urban,4115,19.06,3.73861111111182,0,1
VECTO-URBAN,EU VECTO Urban Bus,Urban,4116,22.66,4.3361111111124,0,1
VECTO-URBAN,EU VECTO Urban Bus,Urban,4117,17.98,4.9412500000004,0,1
VECTO-URBAN,EU VECTO Urban Bus,Urban,4118,13.3,5.31694444444511,0,1
VECTO-URBAN,EU VECTO Urban Bus,Urban,4119,8.62,5.4,0,1
VECTO-URBAN,EU VECTO Urban Bus,Urban,4120,3.94,5.4,0,1
VECTO-URBAN,EU VECTO Urban Bus,Urban,4121,0,5.4,1,1.1
VECTO-URBAN,EU VECTO Urban Bus,Urban,4122,0,5.4,1,1.1
VECTO-URBAN,EU VECTO Urban Bus,Urban,4123,0,5.4,1,1.1
VECTO-URBAN,EU VECTO Urban Bus,Urban,4124,0,5.4,1,1.1
VECTO-URBAN,EU VECTO Urban Bus,Urban,4125,0,5.4,1,1.1
VECTO-URBAN,EU VECTO Urban Bus,Urban,4126,0,5.4,1,1.1
VECTO-URBAN,EU VECTO Urban Bus,Urban,4127,0,5.4,1,1.1
VECTO-URBAN,EU VECTO Urban Bus,Urban,4128,0,5.4,1,1.1
VECTO-URBAN,EU VECTO Urban Bus,Urban,4129,0,5.4,1,1.1
VECTO-URBAN,EU VECTO Urban Bus,Urban,4130,0,5.4,1,1.1
VECTO-URBAN,EU VECTO Urban Bus,Urban,4131,0,5.4,1,1.1
VECTO-URBAN,EU VECTO Urban Bus,Urban,4132,0,5.4,1,1.1
VECTO-URBAN,EU VECTO Urban Bus,Urban,4133,0,5.4,1,1.1
VECTO-URBAN,EU VECTO Urban Bus,Urban,4134,0,5.4,1,1.1
VECTO-URBAN,EU VECTO Urban Bus,Urban,4135,0,5.4,1,1.1
VECTO-URBAN,EU VECTO Urban Bus,Urban,4136,0,5.4,1,1.1
VECTO-URBAN,EU VECTO Urban Bus,Urban,4137,0,5.4,1,1.1
VECTO-URBAN,EU VECTO Urban Bus,Urban,4138,0,5.4,1,1.1
VECTO-URBAN,EU VECTO Urban Bus,Urban,4139,0,5.4,1,1.1
VECTO-URBAN,EU VECTO Urban Bus,Urban,4140,0,5.4,1,1.1
VECTO-URBAN,EU VECTO Urban Bus,Urban,4141,0,5.4,1,1.1
VECTO-URBAN,EU VECTO Urban Bus,Urban,4142,0,5.4,1,1.1
VECTO-URBAN,EU VECTO Urban Bus,Urban,4143,0,5.4,1,1.1
VECTO-URBAN,EU VECTO Urban Bus,Urban,4144,0,5.4,1,1.1
VECTO-URBAN,EU VECTO Urban Bus,Urban,4145,0,5.4,1,1.1
VECTO-URBAN,EU VECTO Urban Bus,Urban,4146,0,5.4,1,1.1
VECTO-URBAN,EU VECTO Urban Bus,Urban,4147,0,5.4,1,1.1
VECTO-URBAN,EU VECTO Urban Bus,Urban,4148,0,5.4,1,1.1
VECTO-URBAN,EU VECTO Urban Bus,Urban,4149,0,5.4,1,1.1
VECTO-URBAN,EU VECTO Urban Bus,Urban,4150,0,5.4,1,1.1
VECTO-URBAN,EU VECTO Urban Bus,Urban,4151,0,5.4,1,1.1
VECTO-URBAN,EU VECTO Urban Bus,Urban,4152,0,5.4,1,1.1
VECTO-URBAN,EU VECTO Urban Bus,Urban,4153,0,5.4,1,1.1
VECTO-URBAN,EU VECTO Urban Bus,Urban,4154,0,5.4,1,1.1
VECTO-URBAN,EU VECTO Urban Bus,Urban,4155,0,5.4,1,1.1
VECTO-URBAN,EU VECTO Urban Bus,Urban,4156,0,5.4,1,1.1
VECTO-URBAN,EU VECTO Urban Bus,Urban,4157,0,5.4,1,1.1
VECTO-URBAN,EU VECTO Urban Bus,Urban,4158,0,5.4,1,1.1
VECTO-URBAN,EU VECTO Urban Bus,Urban,4159,0,5.4,1,1.1
VECTO-URBAN,EU VECTO Urban Bus,Urban,4160,0,5.4,1,1.1
VECTO-URBAN,EU VECTO Urban Bus,Urban,4161,0,5.4,1,1.1
VECTO-URBAN,EU VECTO Urban Bus,Urban,4162,0,5.4,1,1.1
VECTO-URBAN,EU VECTO Urban Bus,Urban,4163,0,5.4,1,1.1
VECTO-URBAN,EU VECTO Urban Bus,Urban,4164,0,5.4,1,1.1
VECTO-URBAN,EU VECTO Urban Bus,Urban,4165,0,5.4,1,1.1
VECTO-URBAN,EU VECTO Urban Bus,Urban,4166,0,5.4,1,1.1
VECTO-URBAN,EU VECTO Urban Bus,Urban,4167,0,5.4,1,1.1
VECTO-URBAN,EU VECTO Urban Bus,Urban,4168,0,5.4,1,1.1
VECTO-URBAN,EU VECTO Urban Bus,Urban,4169,0,5.4,1,1.1
VECTO-URBAN,EU VECTO Urban Bus,Urban,4170,0,5.4,1,1.1
VECTO-URBAN,EU VECTO Urban Bus,Urban,4171,0,5.4,1,1.1
VECTO-URBAN,EU VECTO Urban Bus,Urban,4172,0,5.4,0,1
VECTO-URBAN,EU VECTO Urban Bus,Urban,4173,3.6,5.4,0,1
VECTO-URBAN,EU VECTO Urban Bus,Urban,4174,7.2,5.5,0,1
VECTO-URBAN,EU VECTO Urban Bus,Urban,4175,10.8,5.725,0,1
VECTO-URBAN,EU VECTO Urban Bus,Urban,4176,14.4,5.9,0,1
VECTO-URBAN,EU VECTO Urban Bus,Urban,4177,18,6.08333333333333,0,1
VECTO-URBAN,EU VECTO Urban Bus,Urban,4178,21.6,6.17142857142857,0,1
VECTO-URBAN,EU VECTO Urban Bus,Urban,4179,25.2,6.0625,0,1
VECTO-URBAN,EU VECTO Urban Bus,Urban,4180,28.8,5.8,0,1
VECTO-URBAN,EU VECTO Urban Bus,Urban,4181,32.4,5.175,0,1
VECTO-URBAN,EU VECTO Urban Bus,Urban,4182,36,4.3,0,1
VECTO-URBAN,EU VECTO Urban Bus,Urban,4183,39.6,3.05,0,1
VECTO-URBAN,EU VECTO Urban Bus,Urban,4184,43.2,1.7,0,1
VECTO-URBAN,EU VECTO Urban Bus,Urban,4185,46.6,0.476388888888869,0,1
VECTO-URBAN,EU VECTO Urban Bus,Urban,4186,46.6,-0.541666666666788,0,1
VECTO-URBAN,EU VECTO Urban Bus,Urban,4187,46.6,-1.14537037037044,0,1
VECTO-URBAN,EU VECTO Urban Bus,Urban,4188,46.6,-1.50436507936512,0,1
VECTO-URBAN,EU VECTO Urban Bus,Urban,4189,46.6,-1.63676470588237,0,1
VECTO-URBAN,EU VECTO Urban Bus,Urban,4190,46.6,-1.67256944444439,0,1
VECTO-URBAN,EU VECTO Urban Bus,Urban,4191,46.6,-1.57900326797384,0,1
VECTO-URBAN,EU VECTO Urban Bus,Urban,4192,46.6,-1.540931372549,0,1
VECTO-URBAN,EU VECTO Urban Bus,Urban,4193,46.6,-1.50285947712416,0,1
VECTO-URBAN,EU VECTO Urban Bus,Urban,4194,46.6,-1.48911616161615,0,1
VECTO-URBAN,EU VECTO Urban Bus,Urban,4195,46.6,-1.47734848484848,0,1
VECTO-URBAN,EU VECTO Urban Bus,Urban,4196,46.6,-1.4655808080808,0,1
VECTO-URBAN,EU VECTO Urban Bus,Urban,4197,46.6,-1.45381313131312,0,1
VECTO-URBAN,EU VECTO Urban Bus,Urban,4198,46.6,-1.44204545454544,0,1
VECTO-URBAN,EU VECTO Urban Bus,Urban,4199,46.6,-1.43027777777777,0,1
VECTO-URBAN,EU VECTO Urban Bus,Urban,4200,46.6,-1.41851010101009,0,1
VECTO-URBAN,EU VECTO Urban Bus,Urban,4201,46.6,-1.40674242424241,0,1
VECTO-URBAN,EU VECTO Urban Bus,Urban,4202,46.6,-1.35393518518507,0,1
VECTO-URBAN,EU VECTO Urban Bus,Urban,4203,46.6,-1.24116161616148,0,1
VECTO-URBAN,EU VECTO Urban Bus,Urban,4204,46.6,-1.11583333333318,0,1
VECTO-URBAN,EU VECTO Urban Bus,Urban,4205,46.6,-0.909126984126747,0,1
VECTO-URBAN,EU VECTO Urban Bus,Urban,4206,46.6,-0.713888888888541,0,1
VECTO-URBAN,EU VECTO Urban Bus,Urban,4207,46.6,-0.534374999999773,0,1
VECTO-URBAN,EU VECTO Urban Bus,Urban,4208,46.6,-0.335069444444207,0,1
VECTO-URBAN,EU VECTO Urban Bus,Urban,4209,46.6,-0.168611111110913,0,1
VECTO-URBAN,EU VECTO Urban Bus,Urban,4210,46.6,-0.0446969696967823,0,1
VECTO-URBAN,EU VECTO Urban Bus,Urban,4211,46.6,0.0617521367523015,0,1
VECTO-URBAN,EU VECTO Urban Bus,Urban,4212,46.6,0.0758417508416835,0,1
VECTO-URBAN,EU VECTO Urban Bus,Urban,4213,46.6,0.0366161616160918,0,1
VECTO-URBAN,EU VECTO Urban Bus,Urban,4214,46.6,-0.0086111111113496,0,1
VECTO-URBAN,EU VECTO Urban Bus,Urban,4215,46.6,-0.147569444444753,0,1
VECTO-URBAN,EU VECTO Urban Bus,Urban,4216,46.6,-0.435000000000509,0,1
VECTO-URBAN,EU VECTO Urban Bus,Urban,4217,46.6,-0.789814814815691,0,1
VECTO-URBAN,EU VECTO Urban Bus,Urban,4218,41.92,-1.32472222222286,0,1
VECTO-URBAN,EU VECTO Urban Bus,Urban,4219,37.24,-1.79916666666795,0,1
VECTO-URBAN,EU VECTO Urban Bus,Urban,4220,32.56,-2.16694444444511,0,1
VECTO-URBAN,EU VECTO Urban Bus,Urban,4221,27.88,-2.42680555555626,0,1
VECTO-URBAN,EU VECTO Urban Bus,Urban,4222,23.2,-2.55208333333367,0,1
VECTO-URBAN,EU VECTO Urban Bus,Urban,4223,18.52,-2.55097222222157,0,1
VECTO-URBAN,EU VECTO Urban Bus,Urban,4224,13.84,-2.43861111111046,0,1
VECTO-URBAN,EU VECTO Urban Bus,Urban,4225,9.16,-2.35874999999933,0,1
VECTO-URBAN,EU VECTO Urban Bus,Urban,4226,4.48,-2.31138888888818,0,1
VECTO-URBAN,EU VECTO Urban Bus,Urban,4227,8.08,-2.3,0,1
VECTO-URBAN,EU VECTO Urban Bus,Urban,4228,3.4,-2.3,0,1
VECTO-URBAN,EU VECTO Urban Bus,Urban,4229,0,-2.3,1,1.1
VECTO-URBAN,EU VECTO Urban Bus,Urban,4230,0,-2.3,1,1.1
VECTO-URBAN,EU VECTO Urban Bus,Urban,4231,0,-2.3,1,1.1
VECTO-URBAN,EU VECTO Urban Bus,Urban,4232,0,-2.3,1,1.1
VECTO-URBAN,EU VECTO Urban Bus,Urban,4233,0,-2.3,1,1.1
VECTO-URBAN,EU VECTO Urban Bus,Urban,4234,0,-2.3,1,1.1
VECTO-URBAN,EU VECTO Urban Bus,Urban,4235,0,-2.3,1,1.1
VECTO-URBAN,EU VECTO Urban Bus,Urban,4236,0,-2.3,1,1.1
VECTO-URBAN,EU VECTO Urban Bus,Urban,4237,0,-2.3,1,1.1
VECTO-URBAN,EU VECTO Urban Bus,Urban,4238,0,-2.3,1,1.1
VECTO-URBAN,EU VECTO Urban Bus,Urban,4239,0,-2.3,1,1.1
VECTO-URBAN,EU VECTO Urban Bus,Urban,4240,0,-2.3,1,1.1
VECTO-URBAN,EU VECTO Urban Bus,Urban,4241,0,-2.3,1,1.1
VECTO-URBAN,EU VECTO Urban Bus,Urban,4242,0,-2.3,1,1.1
VECTO-URBAN,EU VECTO Urban Bus,Urban,4243,0,-2.3,1,1.1
VECTO-URBAN,EU VECTO Urban Bus,Urban,4244,0,-2.3,1,1.1
VECTO-URBAN,EU VECTO Urban Bus,Urban,4245,0,-2.3,1,1.1
VECTO-URBAN,EU VECTO Urban Bus,Urban,4246,0,-2.3,1,1.1
VECTO-URBAN,EU VECTO Urban Bus,Urban,4247,0,-2.3,1,1.1
VECTO-URBAN,EU VECTO Urban Bus,Urban,4248,0,-2.3,1,1.1
VECTO-URBAN,EU VECTO Urban Bus,Urban,4249,0,-2.3,1,1.1
VECTO-URBAN,EU VECTO Urban Bus,Urban,4250,0,-2.3,1,1.1
VECTO-URBAN,EU VECTO Urban Bus,Urban,4251,0,-2.3,1,1.1
VECTO-URBAN,EU VECTO Urban Bus,Urban,4252,0,-2.3,1,1.1
VECTO-URBAN,EU VECTO Urban Bus,Urban,4253,0,-2.3,1,1.1
VECTO-URBAN,EU VECTO Urban Bus,Urban,4254,0,-2.3,1,1.1
VECTO-URBAN,EU VECTO Urban Bus,Urban,4255,0,-2.3,1,1.1
VECTO-URBAN,EU VECTO Urban Bus,Urban,4256,0,-2.3,1,1.1
VECTO-URBAN,EU VECTO Urban Bus,Urban,4257,0,-2.3,1,1.1
VECTO-URBAN,EU VECTO Urban Bus,Urban,4258,0,-2.3,1,1.1
VECTO-URBAN,EU VECTO Urban Bus,Urban,4259,0,-2.3,1,1.1
VECTO-URBAN,EU VECTO Urban Bus,Urban,4260,0,-2.3,0,1
VECTO-URBAN,EU VECTO Urban Bus,Urban,4261,3.6,-2.3,0,1
VECTO-URBAN,EU VECTO Urban Bus,Urban,4262,7.2,-2.275,0,1
VECTO-URBAN,EU VECTO Urban Bus,Urban,4263,10.8,-2.2125,0,1
VECTO-URBAN,EU VECTO Urban Bus,Urban,4264,14.4,-2.1,0,1
VECTO-URBAN,EU VECTO Urban Bus,Urban,4265,18,-1.91666666666667,0,1
VECTO-URBAN,EU VECTO Urban Bus,Urban,4266,21.6,-1.7,0,1
VECTO-URBAN,EU VECTO Urban Bus,Urban,4267,25.2,-1.41666666666667,0,1
VECTO-URBAN,EU VECTO Urban Bus,Urban,4268,28.8,-1.1,0,1
VECTO-URBAN,EU VECTO Urban Bus,Urban,4269,29.9,-0.794907407407421,0,1
VECTO-URBAN,EU VECTO Urban Bus,Urban,4270,29.9,-0.570833333333358,0,1
VECTO-URBAN,EU VECTO Urban Bus,Urban,4271,29.9,-0.420601851851886,0,1
VECTO-URBAN,EU VECTO Urban Bus,Urban,4272,29.9,-0.424377394636006,0,1
VECTO-URBAN,EU VECTO Urban Bus,Urban,4273,29.9,-0.453017241379298,0,1
VECTO-URBAN,EU VECTO Urban Bus,Urban,4274,29.9,-0.48165708812259,0,1
VECTO-URBAN,EU VECTO Urban Bus,Urban,4275,29.9,-0.533179012345621,0,1
VECTO-URBAN,EU VECTO Urban Bus,Urban,4276,29.9,-0.632738095238009,0,1
VECTO-URBAN,EU VECTO Urban Bus,Urban,4277,29.9,-0.751388888888791,0,1
VECTO-URBAN,EU VECTO Urban Bus,Urban,4278,29.9,-0.870039682539573,0,1
VECTO-URBAN,EU VECTO Urban Bus,Urban,4279,29.9,-0.988690476190355,0,1
VECTO-URBAN,EU VECTO Urban Bus,Urban,4280,25.22,-1.08579861111102,0,1
VECTO-URBAN,EU VECTO Urban Bus,Urban,4281,20.54,-1.1292676767676,0,1
VECTO-URBAN,EU VECTO Urban Bus,Urban,4282,15.86,-1.17522727272719,0,1
VECTO-URBAN,EU VECTO Urban Bus,Urban,4283,19.46,-1.2,0,1
VECTO-URBAN,EU VECTO Urban Bus,Urban,4284,23.06,-1.2,0,1
VECTO-URBAN,EU VECTO Urban Bus,Urban,4285,26.66,-1.17280303030308,0,1
VECTO-URBAN,EU VECTO Urban Bus,Urban,4286,26.9,-1.10517676767681,0,1
VECTO-URBAN,EU VECTO Urban Bus,Urban,4287,26.9,-1.06712962962965,0,1
VECTO-URBAN,EU VECTO Urban Bus,Urban,4288,26.9,-1.03154761904764,0,1
VECTO-URBAN,EU VECTO Urban Bus,Urban,4289,26.9,-0.998305555555562,0,1
VECTO-URBAN,EU VECTO Urban Bus,Urban,4290,26.9,-0.983361111111117,0,1
VECTO-URBAN,EU VECTO Urban Bus,Urban,4291,26.9,-0.968416666666672,0,1
VECTO-URBAN,EU VECTO Urban Bus,Urban,4292,26.9,-0.953472222222226,0,1
VECTO-URBAN,EU VECTO Urban Bus,Urban,4293,26.9,-0.938527777777781,0,1
VECTO-URBAN,EU VECTO Urban Bus,Urban,4294,26.9,-0.923583333333336,0,1
VECTO-URBAN,EU VECTO Urban Bus,Urban,4295,22.22,-0.909938888888893,0,1
VECTO-URBAN,EU VECTO Urban Bus,Urban,4296,17.54,-0.9,0,1
VECTO-URBAN,EU VECTO Urban Bus,Urban,4297,12.86,-0.9,0,1
VECTO-URBAN,EU VECTO Urban Bus,Urban,4298,8.18,-0.9,0,1
VECTO-URBAN,EU VECTO Urban Bus,Urban,4299,3.5,-0.9,0,1
VECTO-URBAN,EU VECTO Urban Bus,Urban,4300,0,-0.9,0,1
VECTO-URBAN,EU VECTO Urban Bus,Urban,4301,0,-0.9,1,1.1
VECTO-URBAN,EU VECTO Urban Bus,Urban,4302,0,-0.9,1,1.1
VECTO-URBAN,EU VECTO Urban Bus,Urban,4303,0,-0.9,1,1.1
VECTO-URBAN,EU VECTO Urban Bus,Urban,4304,0,-0.9,1,1.1
VECTO-URBAN,EU VECTO Urban Bus,Urban,4305,0,-0.9,1,1.1
VECTO-URBAN,EU VECTO Urban Bus,Urban,4306,0,-0.9,1,1.1
VECTO-URBAN,EU VECTO Urban Bus,Urban,4307,0,-0.9,1,1.1
VECTO-URBAN,EU VECTO Urban Bus,Urban,4308,0,-0.9,1,1.1
VECTO-URBAN,EU VECTO Urban Bus,Urban,4309,0,-0.9,1,1.1
VECTO-URBAN,EU VECTO Urban Bus,Urban,4310,0,-0.9,1,1.1
VECTO-URBAN,EU VECTO Urban Bus,Urban,4311,0,-0.9,1,1.1
VECTO-URBAN,EU VECTO Urban Bus,Urban,4312,0,-0.9,1,1.1
VECTO-URBAN,EU VECTO Urban Bus,Urban,4313,0,-0.9,1,1.1
VECTO-URBAN,EU VECTO Urban Bus,Urban,4314,0,-0.9,1,1.1
VECTO-URBAN,EU VECTO Urban Bus,Urban,4315,0,-0.9,1,1.1
VECTO-URBAN,EU VECTO Urban Bus,Urban,4316,0,-0.9,1,1.1
VECTO-URBAN,EU VECTO Urban Bus,Urban,4317,0,-0.9,1,1.1
VECTO-URBAN,EU VECTO Urban Bus,Urban,4318,0,-0.9,1,1.1
VECTO-URBAN,EU VECTO Urban Bus,Urban,4319,0,-0.9,1,1.1
VECTO-URBAN,EU VECTO Urban Bus,Urban,4320,0,-0.9,1,1.1
VECTO-URBAN,EU VECTO Urban Bus,Urban,4321,0,-0.9,1,1.1
VECTO-URBAN,EU VECTO Urban Bus,Urban,4322,0,-0.9,1,1.1
VECTO-URBAN,EU VECTO Urban Bus,Urban,4323,0,-0.9,1,1.1
VECTO-URBAN,EU VECTO Urban Bus,Urban,4324,0,-0.9,1,1.1
VECTO-URBAN,EU VECTO Urban Bus,Urban,4325,0,-0.9,1,1.1
VECTO-URBAN,EU VECTO Urban Bus,Urban,4326,0,-0.9,1,1.1
VECTO-URBAN,EU VECTO Urban Bus,Urban,4327,0,-0.9,1,1.1
VECTO-URBAN,EU VECTO Urban Bus,Urban,4328,0,-0.9,1,1.1
VECTO-URBAN,EU VECTO Urban Bus,Urban,4329,0,-0.9,1,1.1
VECTO-URBAN,EU VECTO Urban Bus,Urban,4330,0,-0.9,1,1.1
VECTO-URBAN,EU VECTO Urban Bus,Urban,4331,0,-0.9,1,1.1
VECTO-URBAN,EU VECTO Urban Bus,Urban,4332,0,-0.9,1,1.1
VECTO-URBAN,EU VECTO Urban Bus,Urban,4333,0,-0.9,1,1.1
VECTO-URBAN,EU VECTO Urban Bus,Urban,4334,0,-0.9,1,1.1
VECTO-URBAN,EU VECTO Urban Bus,Urban,4335,0,-0.9,1,1.1
VECTO-URBAN,EU VECTO Urban Bus,Urban,4336,0,-0.9,1,1.1
VECTO-URBAN,EU VECTO Urban Bus,Urban,4337,0,-0.9,1,1.1
VECTO-URBAN,EU VECTO Urban Bus,Urban,4338,0,-0.9,1,1.1
VECTO-URBAN,EU VECTO Urban Bus,Urban,4339,0,-0.9,1,1.1
VECTO-URBAN,EU VECTO Urban Bus,Urban,4340,0,-0.9,0,1
VECTO-URBAN,EU VECTO Urban Bus,Urban,4341,3.6,-0.9,0,1
VECTO-URBAN,EU VECTO Urban Bus,Urban,4342,7.2,-0.9,0,1
VECTO-URBAN,EU VECTO Urban Bus,Urban,4343,10.8,-0.816666666666667,0,1
VECTO-URBAN,EU VECTO Urban Bus,Urban,4344,14.4,-0.77,0,1
VECTO-URBAN,EU VECTO Urban Bus,Urban,4345,18,-0.725,0,1
VECTO-URBAN,EU VECTO Urban Bus,Urban,4346,21.6,-0.666666666666667,0,1
VECTO-URBAN,EU VECTO Urban Bus,Urban,4347,25.2,-0.59375,0,1
VECTO-URBAN,EU VECTO Urban Bus,Urban,4348,28.8,-0.5,0,1
VECTO-URBAN,EU VECTO Urban Bus,Urban,4349,31.6,-0.386111111111095,0,1
VECTO-URBAN,EU VECTO Urban Bus,Urban,4350,31.6,-0.298484848484837,0,1
VECTO-URBAN,EU VECTO Urban Bus,Urban,4351,31.6,-0.218686868686861,0,1
VECTO-URBAN,EU VECTO Urban Bus,Urban,4352,31.6,-0.160457516339867,0,1
VECTO-URBAN,EU VECTO Urban Bus,Urban,4353,31.6,-0.108823529411765,0,1
VECTO-URBAN,EU VECTO Urban Bus,Urban,4354,34.628125,-0.1,0,1
VECTO-URBAN,EU VECTO Urban Bus,Urban,4355,37.3,-0.0894476996527828,0,1
VECTO-URBAN,EU VECTO Urban Bus,Urban,4356,37.3,-0.0246907552083485,0,1
VECTO-URBAN,EU VECTO Urban Bus,Urban,4357,37.3,0.0130828373015791,0,1
VECTO-URBAN,EU VECTO Urban Bus,Urban,4358,37.3,0.034227962018129,0,1
VECTO-URBAN,EU VECTO Urban Bus,Urban,4359,37.3,0.055373086734679,0,1
VECTO-URBAN,EU VECTO Urban Bus,Urban,4360,37.3,0.076518211451229,0,1
VECTO-URBAN,EU VECTO Urban Bus,Urban,4361,37.3,0.097663336167779,0,1
VECTO-URBAN,EU VECTO Urban Bus,Urban,4362,37.3,0.120945785984821,0,1
VECTO-URBAN,EU VECTO Urban Bus,Urban,4363,37.3,0.144493765782797,0,1
VECTO-URBAN,EU VECTO Urban Bus,Urban,4364,37.3,0.168041745580773,0,1
VECTO-URBAN,EU VECTO Urban Bus,Urban,4365,37.3,0.191589725378749,0,1
VECTO-URBAN,EU VECTO Urban Bus,Urban,4366,37.3,0.216245342140876,0,1
VECTO-URBAN,EU VECTO Urban Bus,Urban,4367,37.3,0.241516344850899,0,1
VECTO-URBAN,EU VECTO Urban Bus,Urban,4368,37.3,0.266787347560922,0,1
VECTO-URBAN,EU VECTO Urban Bus,Urban,4369,37.3,0.292058350270946,0,1
VECTO-URBAN,EU VECTO Urban Bus,Urban,4370,37.3,0.319202796546479,0,1
VECTO-URBAN,EU VECTO Urban Bus,Urban,4371,37.3,0.347205799549477,0,1
VECTO-URBAN,EU VECTO Urban Bus,Urban,4372,37.3,0.375208802552476,0,1
VECTO-URBAN,EU VECTO Urban Bus,Urban,4373,37.3,0.403495200163311,0,1
VECTO-URBAN,EU VECTO Urban Bus,Urban,4374,37.3,0.433969056372456,0,1
VECTO-URBAN,EU VECTO Urban Bus,Urban,4375,37.3,0.464442912581602,0,1
VECTO-URBAN,EU VECTO Urban Bus,Urban,4376,37.3,0.494916768790747,0,1
VECTO-URBAN,EU VECTO Urban Bus,Urban,4377,37.3,0.531973379629495,0,1
VECTO-URBAN,EU VECTO Urban Bus,Urban,4378,37.3,0.570347865226197,0,1
VECTO-URBAN,EU VECTO Urban Bus,Urban,4379,37.3,0.609812644675761,0,1
VECTO-URBAN,EU VECTO Urban Bus,Urban,4380,37.3,0.65298394097205,0,1
VECTO-URBAN,EU VECTO Urban Bus,Urban,4381,37.3,0.69615523726834,0,1
VECTO-URBAN,EU VECTO Urban Bus,Urban,4382,32.6482328869267,0.7,0,1
VECTO-URBAN,EU VECTO Urban Bus,Urban,4383,30.4,0.805489883018818,0,1
VECTO-URBAN,EU VECTO Urban Bus,Urban,4384,30.4,0.88993432746327,0,1
VECTO-URBAN,EU VECTO Urban Bus,Urban,4385,30.4,1.00875754381545,0,1
VECTO-URBAN,EU VECTO Urban Bus,Urban,4386,30.4,1.17764643270435,0,1
VECTO-URBAN,EU VECTO Urban Bus,Urban,4387,30.4,1.37755886932209,0,1
VECTO-URBAN,EU VECTO Urban Bus,Urban,4388,30.4,1.6442802631027,0,1
VECTO-URBAN,EU VECTO Urban Bus,Urban,4389,30.4,1.94052183228511,0,1
VECTO-URBAN,EU VECTO Urban Bus,Urban,4390,25.72,2.20050497064985,0,1
VECTO-URBAN,EU VECTO Urban Bus,Urban,4391,21.04,2.45015146191472,0,1
VECTO-URBAN,EU VECTO Urban Bus,Urban,4392,16.36,2.63494941509434,0,1
VECTO-URBAN,EU VECTO Urban Bus,Urban,4393,11.68,2.76483581865832,0,1
VECTO-URBAN,EU VECTO Urban Bus,Urban,4394,7,2.8296969297694,0,1
VECTO-URBAN,EU VECTO Urban Bus,Urban,4395,2.32,2.86205804088049,0,1
VECTO-URBAN,EU VECTO Urban Bus,Urban,4396,5.92,2.89066915199164,0,1
VECTO-URBAN,EU VECTO Urban Bus,Urban,4397,1.24,2.9,0,1
VECTO-URBAN,EU VECTO Urban Bus,Urban,4398,0,2.9,1,1.1
VECTO-URBAN,EU VECTO Urban Bus,Urban,4399,0,2.9,1,1.1
VECTO-URBAN,EU VECTO Urban Bus,Urban,4400,0,2.9,1,1.1
VECTO-URBAN,EU VECTO Urban Bus,Urban,4401,0,2.9,1,1.1
VECTO-URBAN,EU VECTO Urban Bus,Urban,4402,0,2.9,1,1.1
VECTO-URBAN,EU VECTO Urban Bus,Urban,4403,0,2.9,1,1.1
VECTO-URBAN,EU VECTO Urban Bus,Urban,4404,0,2.9,1,1.1
VECTO-URBAN,EU VECTO Urban Bus,Urban,4405,0,2.9,1,1.1
VECTO-URBAN,EU VECTO Urban Bus,Urban,4406,0,2.9,1,1.1
VECTO-URBAN,EU VECTO Urban Bus,Urban,4407,0,2.9,1,1.1
VECTO-URBAN,EU VECTO Urban Bus,Urban,4408,0,2.9,1,1.1
VECTO-URBAN,EU VECTO Urban Bus,Urban,4409,0,2.9,1,1.1
VECTO-URBAN,EU VECTO Urban Bus,Urban,4410,0,2.9,0,1
VECTO-URBAN,EU VECTO Urban Bus,Urban,4411,3.6,2.9,0,1
VECTO-URBAN,EU VECTO Urban Bus,Urban,4412,7.2,2.93333333333333,0,1
VECTO-URBAN,EU VECTO Urban Bus,Urban,4413,10.8,3.00555555555556,0,1
VECTO-URBAN,EU VECTO Urban Bus,Urban,4414,14.4,3.04444444444444,0,1
VECTO-URBAN,EU VECTO Urban Bus,Urban,4415,18,3.09444444444444,0,1
VECTO-URBAN,EU VECTO Urban Bus,Urban,4416,21.6,3.07222222222222,0,1
VECTO-URBAN,EU VECTO Urban Bus,Urban,4417,25.2,3.03611111111111,0,1
VECTO-URBAN,EU VECTO Urban Bus,Urban,4418,28.8,3.0030303030303,0,1
VECTO-URBAN,EU VECTO Urban Bus,Urban,4419,30.5,3.02798821548821,0,1
VECTO-URBAN,EU VECTO Urban Bus,Urban,4420,30.5,3.05366161616161,0,1
VECTO-URBAN,EU VECTO Urban Bus,Urban,4421,30.5,3.07933501683501,0,1
VECTO-URBAN,EU VECTO Urban Bus,Urban,4422,30.5,3.12754629629629,0,1
VECTO-URBAN,EU VECTO Urban Bus,Urban,4423,30.5,3.25892857142857,0,1
VECTO-URBAN,EU VECTO Urban Bus,Urban,4424,30.5,3.43194444444445,0,1
VECTO-URBAN,EU VECTO Urban Bus,Urban,4425,30.5,3.62673611111113,0,1
VECTO-URBAN,EU VECTO Urban Bus,Urban,4426,30.5,3.79236111111113,0,1
VECTO-URBAN,EU VECTO Urban Bus,Urban,4427,29.14270833334,3.9,0,1
VECTO-URBAN,EU VECTO Urban Bus,Urban,4428,32.74270833334,3.87147066885962,0,1
VECTO-URBAN,EU VECTO Urban Bus,Urban,4429,36.34270833334,3.82096963328456,0,1
VECTO-URBAN,EU VECTO Urban Bus,Urban,4430,37.2,3.69616608796284,0,1
VECTO-URBAN,EU VECTO Urban Bus,Urban,4431,37.2,3.50873263888876,0,1
VECTO-URBAN,EU VECTO Urban Bus,Urban,4432,37.2,3.30206597222212,0,1
VECTO-URBAN,EU VECTO Urban Bus,Urban,4433,37.2,3.15385664682534,0,1
VECTO-URBAN,EU VECTO Urban Bus,Urban,4434,37.2,3.12187789351853,0,1
VECTO-URBAN,EU VECTO Urban Bus,Urban,4435,37.2,3.15632233796297,0,1
VECTO-URBAN,EU VECTO Urban Bus,Urban,4436,37.2,3.19076678240741,0,1
VECTO-URBAN,EU VECTO Urban Bus,Urban,4437,37.2,3.29454210069443,0,1
VECTO-URBAN,EU VECTO Urban Bus,Urban,4438,37.2,3.43161168981478,0,1
VECTO-URBAN,EU VECTO Urban Bus,Urban,4439,37.2,3.60383391203698,0,1
VECTO-URBAN,EU VECTO Urban Bus,Urban,4440,37.2,3.74563368055551,0,1
VECTO-URBAN,EU VECTO Urban Bus,Urban,4441,37.2,3.77668237433865,0,1
VECTO-URBAN,EU VECTO Urban Bus,Urban,4442,37.2,3.72747602513231,0,1
VECTO-URBAN,EU VECTO Urban Bus,Urban,4443,37.2,3.62394386574088,0,1
VECTO-URBAN,EU VECTO Urban Bus,Urban,4444,37.2,3.40258246527801,0,1
VECTO-URBAN,EU VECTO Urban Bus,Urban,4445,37.2,2.88849826388941,0,1
VECTO-URBAN,EU VECTO Urban Bus,Urban,4446,37.2,2.24366319444562,0,1
VECTO-URBAN,EU VECTO Urban Bus,Urban,4447,37.2,1.3103298611124,0,1
VECTO-URBAN,EU VECTO Urban Bus,Urban,4448,37.2,0.115494791668789,0,1
VECTO-URBAN,EU VECTO Urban Bus,Urban,4449,37.2,-1.25633680555402,0,1
VECTO-URBAN,EU VECTO Urban Bus,Urban,4450,32.52,-2.73700520833117,0,1
VECTO-URBAN,EU VECTO Urban Bus,Urban,4451,27.84,-3.86300347222095,0,1
VECTO-URBAN,EU VECTO Urban Bus,Urban,4452,23.16,-4.77133680555417,0,1
VECTO-URBAN,EU VECTO Urban Bus,Urban,4453,18.48,-5.34967013888745,0,1
VECTO-URBAN,EU VECTO Urban Bus,Urban,4454,22.08,-5.91300347222095,0,1
VECTO-URBAN,EU VECTO Urban Bus,Urban,4455,17.4,-6.1871122685181,0,1
VECTO-URBAN,EU VECTO Urban Bus,Urban,4456,12.72,-6.3,0,1
VECTO-URBAN,EU VECTO Urban Bus,Urban,4457,8.04,-6.3,0,1
VECTO-URBAN,EU VECTO Urban Bus,Urban,4458,3.36,-6.3,0,1
VECTO-URBAN,EU VECTO Urban Bus,Urban,4459,0,-6.3,1,1.1
VECTO-URBAN,EU VECTO Urban Bus,Urban,4460,0,-6.3,1,1.1
VECTO-URBAN,EU VECTO Urban Bus,Urban,4461,0,-6.3,1,1.1
VECTO-URBAN,EU VECTO Urban Bus,Urban,4462,0,-6.3,1,1.1
VECTO-URBAN,EU VECTO Urban Bus,Urban,4463,0,-6.3,1,1.1
VECTO-URBAN,EU VECTO Urban Bus,Urban,4464,0,-6.3,1,1.1
VECTO-URBAN,EU VECTO Urban Bus,Urban,4465,0,-6.3,1,1.1
VECTO-URBAN,EU VECTO Urban Bus,Urban,4466,0,-6.3,1,1.1
VECTO-URBAN,EU VECTO Urban Bus,Urban,4467,0,-6.3,1,1.1
VECTO-URBAN,EU VECTO Urban Bus,Urban,4468,0,-6.3,1,1.1
VECTO-URBAN,EU VECTO Urban Bus,Urban,4469,0,-6.3,1,1.1
VECTO-URBAN,EU VECTO Urban Bus,Urban,4470,0,-6.3,1,1.1
VECTO-URBAN,EU VECTO Urban Bus,Urban,4471,0,-6.3,1,1.1
VECTO-URBAN,EU VECTO Urban Bus,Urban,4472,0,-6.3,1,1.1
VECTO-URBAN,EU VECTO Urban Bus,Urban,4473,0,-6.3,1,1.1
VECTO-URBAN,EU VECTO Urban Bus,Urban,4474,0,-6.3,1,1.1
VECTO-URBAN,EU VECTO Urban Bus,Urban,4475,0,-6.3,0,1
VECTO-URBAN,EU VECTO Urban Bus,Urban,4476,3.6,-6.3,0,1
VECTO-URBAN,EU VECTO Urban Bus,Urban,4477,7.2,-6.28,0,1
VECTO-URBAN,EU VECTO Urban Bus,Urban,4478,10.8,-6.23,0,1
VECTO-URBAN,EU VECTO Urban Bus,Urban,4479,14.4,-6.13333333333333,0,1
VECTO-URBAN,EU VECTO Urban Bus,Urban,4480,18,-5.85,0,1
VECTO-URBAN,EU VECTO Urban Bus,Urban,4481,21.6,-5.5,0,1
VECTO-URBAN,EU VECTO Urban Bus,Urban,4482,25.2,-4.675,0,1
VECTO-URBAN,EU VECTO Urban Bus,Urban,4483,25.7,-3.78611111111095,0,1
VECTO-URBAN,EU VECTO Urban Bus,Urban,4484,25.7,-2.66458333333321,0,1
VECTO-URBAN,EU VECTO Urban Bus,Urban,4485,25.7,-1.64583333333212,0,1
VECTO-URBAN,EU VECTO Urban Bus,Urban,4486,25.7,-0.702777777776646,0,1
VECTO-URBAN,EU VECTO Urban Bus,Urban,4487,25.7,0.212500000000728,0,1
VECTO-URBAN,EU VECTO Urban Bus,Urban,4488,25.7,0.863194444444889,0,1
VECTO-URBAN,EU VECTO Urban Bus,Urban,4489,25.7,1.47013888888941,0,1
VECTO-URBAN,EU VECTO Urban Bus,Urban,4490,25.7,1.88472222222263,0,1
VECTO-URBAN,EU VECTO Urban Bus,Urban,4491,25.7,2.18935185185231,0,1
VECTO-URBAN,EU VECTO Urban Bus,Urban,4492,25.7,2.29255050505037,0,1
VECTO-URBAN,EU VECTO Urban Bus,Urban,4493,25.7,2.22765151515136,0,1
VECTO-URBAN,EU VECTO Urban Bus,Urban,4494,25.7,2.13171296296265,0,1
VECTO-URBAN,EU VECTO Urban Bus,Urban,4495,21.02,2.0082777777774,0,1
VECTO-URBAN,EU VECTO Urban Bus,Urban,4496,16.34,1.90449999999961,0,1
VECTO-URBAN,EU VECTO Urban Bus,Urban,4497,11.66,1.8267222222218,0,1
VECTO-URBAN,EU VECTO Urban Bus,Urban,4498,6.98,1.8,0,1
VECTO-URBAN,EU VECTO Urban Bus,Urban,4499,2.3,1.8,0,1
VECTO-URBAN,EU VECTO Urban Bus,Urban,4500,0,1.8,0,1
VECTO-URBAN,EU VECTO Urban Bus,Urban,4501,0,1.8,1,1.1
VECTO-URBAN,EU VECTO Urban Bus,Urban,4502,0,1.8,1,1.1
VECTO-URBAN,EU VECTO Urban Bus,Urban,4503,0,1.8,1,1.1
VECTO-URBAN,EU VECTO Urban Bus,Urban,4504,0,1.8,1,1.1
VECTO-URBAN,EU VECTO Urban Bus,Urban,4505,0,1.8,1,1.1
VECTO-URBAN,EU VECTO Urban Bus,Urban,4506,0,1.8,1,1.1
VECTO-URBAN,EU VECTO Urban Bus,Urban,4507,0,1.8,1,1.1
VECTO-URBAN,EU VECTO Urban Bus,Urban,4508,0,1.8,1,1.1
VECTO-URBAN,EU VECTO Urban Bus,Urban,4509,0,1.8,1,1.1
VECTO-URBAN,EU VECTO Urban Bus,Urban,4510,0,1.8,0,1
VECTO-URBAN,EU VECTO Urban Bus,Urban,4511,3.6,1.8,0,1
VECTO-URBAN,EU VECTO Urban Bus,Urban,4512,7.2,1.75,0,1
VECTO-URBAN,EU VECTO Urban Bus,Urban,4513,10.8,1.709375,0,1
VECTO-URBAN,EU VECTO Urban Bus,Urban,4514,14.4,1.73125,0,1
VECTO-URBAN,EU VECTO Urban Bus,Urban,4515,18,1.759375,0,1
VECTO-URBAN,EU VECTO Urban Bus,Urban,4516,21.6,1.79375,0,1
VECTO-URBAN,EU VECTO Urban Bus,Urban,4517,25.2,1.89166666666667,0,1
VECTO-URBAN,EU VECTO Urban Bus,Urban,4518,25.6,2.11851851851849,0,1
VECTO-URBAN,EU VECTO Urban Bus,Urban,4519,25.6,2.46666666666642,0,1
VECTO-URBAN,EU VECTO Urban Bus,Urban,4520,25.6,2.87777777777737,0,1
VECTO-URBAN,EU VECTO Urban Bus,Urban,4521,25.6,3.29629629629611,0,1
VECTO-URBAN,EU VECTO Urban Bus,Urban,4522,25.6,3.89999999999927,0,1
VECTO-URBAN,EU VECTO Urban Bus,Urban,4523,25.6,4.41111111111022,0,1
VECTO-URBAN,EU VECTO Urban Bus,Urban,4524,25.6,4.92222222222117,0,1
VECTO-URBAN,EU VECTO Urban Bus,Urban,4525,25.6,5.46666666666606,0,1
VECTO-URBAN,EU VECTO Urban Bus,Urban,4526,25.6,5.97222222222153,0,1
VECTO-URBAN,EU VECTO Urban Bus,Urban,4527,25.6,6.38518518518467,0,1
VECTO-URBAN,EU VECTO Urban Bus,Urban,4528,25.6,6.78888888888832,0,1
VECTO-URBAN,EU VECTO Urban Bus,Urban,4529,25.6,7.08888888888796,0,1
VECTO-URBAN,EU VECTO Urban Bus,Urban,4530,25.6,7.32222222222172,0,1
VECTO-URBAN,EU VECTO Urban Bus,Urban,4531,25.6,7.47999999999956,0,1
VECTO-URBAN,EU VECTO Urban Bus,Urban,4532,25.6,7.55555555555534,0,1
VECTO-URBAN,EU VECTO Urban Bus,Urban,4533,25.6,7.56296296296338,0,1
VECTO-URBAN,EU VECTO Urban Bus,Urban,4534,25.6,7.47222222222245,0,1
VECTO-URBAN,EU VECTO Urban Bus,Urban,4535,25.6,7.4129629629632,0,1
VECTO-URBAN,EU VECTO Urban Bus,Urban,4536,25.6,7.32063492063535,0,1
VECTO-URBAN,EU VECTO Urban Bus,Urban,4537,25.6,7.15833333333412,0,1
VECTO-URBAN,EU VECTO Urban Bus,Urban,4538,25.6,6.95555555555638,0,1
VECTO-URBAN,EU VECTO Urban Bus,Urban,4539,25.6,6.7370370370382,0,1
VECTO-URBAN,EU VECTO Urban Bus,Urban,4540,25.6,6.43333333333455,0,1
VECTO-URBAN,EU VECTO Urban Bus,Urban,4541,25.6,6.08888888889269,0,1
VECTO-URBAN,EU VECTO Urban Bus,Urban,4542,25.6,5.69259259259391,0,1
VECTO-URBAN,EU VECTO Urban Bus,Urban,4543,25.6,5.26666666667079,0,1
VECTO-URBAN,EU VECTO Urban Bus,Urban,4544,25.6,4.87777777777992,0,1
VECTO-URBAN,EU VECTO Urban Bus,Urban,4545,25.6,4.37222222222445,0,1
VECTO-URBAN,EU VECTO Urban Bus,Urban,4546,25.6,3.96666666666897,0,1
VECTO-URBAN,EU VECTO Urban Bus,Urban,4547,25.6,3.5111111111135,0,1
VECTO-URBAN,EU VECTO Urban Bus,Urban,4548,25.6,3.10370370370535,0,1
VECTO-URBAN,EU VECTO Urban Bus,Urban,4549,25.6,2.60000000000509,0,1
VECTO-URBAN,EU VECTO Urban Bus,Urban,4550,25.6,2.18888888889414,0,1
VECTO-URBAN,EU VECTO Urban Bus,Urban,4551,25.6,1.6388888888916,0,1
VECTO-URBAN,EU VECTO Urban Bus,Urban,4552,25.6,0.883333333336122,0,1
VECTO-URBAN,EU VECTO Urban Bus,Urban,4553,25.6,0.0777777777806477,0,1
VECTO-URBAN,EU VECTO Urban Bus,Urban,4554,25.6,-0.766666666648962,0,1
VECTO-URBAN,EU VECTO Urban Bus,Urban,4555,25.6,-1.73333333332121,0,1
VECTO-URBAN,EU VECTO Urban Bus,Urban,4556,20.92,-2.72555555554354,0,1
VECTO-URBAN,EU VECTO Urban Bus,Urban,4557,16.24,-3.52888888888301,0,1
VECTO-URBAN,EU VECTO Urban Bus,Urban,4558,11.56,-4.02999999998792,0,1
VECTO-URBAN,EU VECTO Urban Bus,Urban,4559,15.16,-4.64305555555256,0,1
VECTO-URBAN,EU VECTO Urban Bus,Urban,4560,10.48,-4.9844444444323,0,1
VECTO-URBAN,EU VECTO Urban Bus,Urban,4561,5.8,-5.1,0,1
VECTO-URBAN,EU VECTO Urban Bus,Urban,4562,1.12,-5.1,0,1
VECTO-URBAN,EU VECTO Urban Bus,Urban,4563,0,-5.1,1,1.1
VECTO-URBAN,EU VECTO Urban Bus,Urban,4564,0,-5.1,1,1.1
VECTO-URBAN,EU VECTO Urban Bus,Urban,4565,0,-5.1,1,1.1
VECTO-URBAN,EU VECTO Urban Bus,Urban,4566,0,-5.1,1,1.1
VECTO-URBAN,EU VECTO Urban Bus,Urban,4567,0,-5.1,1,1.1
VECTO-URBAN,EU VECTO Urban Bus,Urban,4568,0,-5.1,1,1.1
VECTO-URBAN,EU VECTO Urban Bus,Urban,4569,0,-5.1,1,1.1
VECTO-URBAN,EU VECTO Urban Bus,Urban,4570,0,-5.1,1,1.1
VECTO-URBAN,EU VECTO Urban Bus,Urban,4571,0,-5.1,1,1.1
VECTO-URBAN,EU VECTO Urban Bus,Urban,4572,0,-5.1,1,1.1
VECTO-URBAN,EU VECTO Urban Bus,Urban,4573,0,-5.1,1,1.1
VECTO-URBAN,EU VECTO Urban Bus,Urban,4574,0,-5.1,1,1.1
VECTO-URBAN,EU VECTO Urban Bus,Urban,4575,0,-5.1,1,1.1
VECTO-URBAN,EU VECTO Urban Bus,Urban,4576,0,-5.1,1,1.1
VECTO-URBAN,EU VECTO Urban Bus,Urban,4577,0,-5.1,1,1.1
VECTO-URBAN,EU VECTO Urban Bus,Urban,4578,0,-5.1,1,1.1
VECTO-URBAN,EU VECTO Urban Bus,Urban,4579,0,-5.1,1,1.1
VECTO-URBAN,EU VECTO Urban Bus,Urban,4580,0,-5.1,1,1.1
VECTO-URBAN,EU VECTO Urban Bus,Urban,4581,0,-5.1,1,1.1
VECTO-URBAN,EU VECTO Urban Bus,Urban,4582,0,-5.1,1,1.1
VECTO-URBAN,EU VECTO Urban Bus,Urban,4583,0,-5.1,1,1.1
VECTO-URBAN,EU VECTO Urban Bus,Urban,4584,0,-5.1,1,1.1
VECTO-URBAN,EU VECTO Urban Bus,Urban,4585,0,-5.1,1,1.1
VECTO-URBAN,EU VECTO Urban Bus,Urban,4586,0,-5.1,1,1.1
VECTO-URBAN,EU VECTO Urban Bus,Urban,4587,0,-5.1,1,1.1
VECTO-URBAN,EU VECTO Urban Bus,Urban,4588,0,-5.1,1,1.1
VECTO-URBAN,EU VECTO Urban Bus,Urban,4589,0,-5.1,1,1.1
VECTO-URBAN,EU VECTO Urban Bus,Urban,4590,0,-5.1,1,1.1
VECTO-URBAN,EU VECTO Urban Bus,Urban,4591,0,-5.1,1,1.1
VECTO-URBAN,EU VECTO Urban Bus,Urban,4592,0,-5.1,1,1.1
VECTO-URBAN,EU VECTO Urban Bus,Urban,4593,0,-5.1,1,1.1
VECTO-URBAN,EU VECTO Urban Bus,Urban,4594,0,-5.1,1,1.1
VECTO-URBAN,EU VECTO Urban Bus,Urban,4595,0,-5.1,1,1.1
VECTO-URBAN,EU VECTO Urban Bus,Urban,4596,0,-5.1,1,1.1
VECTO-URBAN,EU VECTO Urban Bus,Urban,4597,0,-5.1,1,1.1
VECTO-URBAN,EU VECTO Urban Bus,Urban,4598,0,-5.1,0,1
VECTO-URBAN,EU VECTO Urban Bus,Urban,4599,3.6,-5.1,0,1
VECTO-URBAN,EU VECTO Urban Bus,Urban,4600,7.2,-5.3,0,1
VECTO-URBAN,EU VECTO Urban Bus,Urban,4601,10.8,-5.525,0,1
VECTO-URBAN,EU VECTO Urban Bus,Urban,4602,14.4,-5.8,0,1
VECTO-URBAN,EU VECTO Urban Bus,Urban,4603,18,-6.01666666666667,0,1
VECTO-URBAN,EU VECTO Urban Bus,Urban,4604,21.6,-6.04,0,1
VECTO-URBAN,EU VECTO Urban Bus,Urban,4605,25.2,-5.875,0,1
VECTO-URBAN,EU VECTO Urban Bus,Urban,4606,26,-5.33888888888905,0,1
VECTO-URBAN,EU VECTO Urban Bus,Urban,4607,26,-4.35833333333339,0,1
VECTO-URBAN,EU VECTO Urban Bus,Urban,4608,26,-3.09444444444453,0,1
VECTO-URBAN,EU VECTO Urban Bus,Urban,4609,26,-1.87222222222226,0,1
VECTO-URBAN,EU VECTO Urban Bus,Urban,4610,26,-0.65,0,1
VECTO-URBAN,EU VECTO Urban Bus,Urban,4611,26,0.672222222222263,0,1
VECTO-URBAN,EU VECTO Urban Bus,Urban,4612,26,1.69444444444453,0,1
VECTO-URBAN,EU VECTO Urban Bus,Urban,4613,26,2.45833333333339,0,1
VECTO-URBAN,EU VECTO Urban Bus,Urban,4614,26,2.89513888888887,0,1
VECTO-URBAN,EU VECTO Urban Bus,Urban,4615,26,2.80486111111109,0,1
VECTO-URBAN,EU VECTO Urban Bus,Urban,4616,21.32,2.38166666666657,0,1
VECTO-URBAN,EU VECTO Urban Bus,Urban,4617,16.64,1.80888888888876,0,1
VECTO-URBAN,EU VECTO Urban Bus,Urban,4618,11.96,1.25722222222212,0,1
VECTO-URBAN,EU VECTO Urban Bus,Urban,4619,7.28,0.879999999999563,0,1
VECTO-URBAN,EU VECTO Urban Bus,Urban,4620,2.6,0.652777777777737,0,1
VECTO-URBAN,EU VECTO Urban Bus,Urban,4621,6.2,0.391666666666424,0,1
VECTO-URBAN,EU VECTO Urban Bus,Urban,4622,1.52,0.3,0,1
VECTO-URBAN,EU VECTO Urban Bus,Urban,4623,0,0.3,1,1.1
VECTO-URBAN,EU VECTO Urban Bus,Urban,4624,0,0.3,1,1.1
VECTO-URBAN,EU VECTO Urban Bus,Urban,4625,0,0.3,1,1.1
VECTO-URBAN,EU VECTO Urban Bus,Urban,4626,0,0.3,1,1.1
VECTO-URBAN,EU VECTO Urban Bus,Urban,4627,0,0.3,1,1.1
VECTO-URBAN,EU VECTO Urban Bus,Urban,4628,0,0.3,1,1.1
VECTO-URBAN,EU VECTO Urban Bus,Urban,4629,0,0.3,1,1.1
VECTO-URBAN,EU VECTO Urban Bus,Urban,4630,0,0.3,1,1.1
VECTO-URBAN,EU VECTO Urban Bus,Urban,4631,0,0.3,1,1.1
VECTO-URBAN,EU VECTO Urban Bus,Urban,4632,0,0.3,1,1.1
VECTO-URBAN,EU VECTO Urban Bus,Urban,4633,0,0.3,1,1.1
VECTO-URBAN,EU VECTO Urban Bus,Urban,4634,0,0.3,1,1.1
VECTO-URBAN,EU VECTO Urban Bus,Urban,4635,0,0.3,1,1.1
VECTO-URBAN,EU VECTO Urban Bus,Urban,4636,0,0.3,1,1.1
VECTO-URBAN,EU VECTO Urban Bus,Urban,4637,0,0.3,1,1.1
VECTO-URBAN,EU VECTO Urban Bus,Urban,4638,0,0.3,1,1.1
VECTO-URBAN,EU VECTO Urban Bus,Urban,4639,0,0.3,1,1.1
VECTO-URBAN,EU VECTO Urban Bus,Urban,4640,0,0.3,1,1.1
VECTO-URBAN,EU VECTO Urban Bus,Urban,4641,0,0.3,1,1.1
VECTO-URBAN,EU VECTO Urban Bus,Urban,4642,0,0.3,1,1.1
VECTO-URBAN,EU VECTO Urban Bus,Urban,4643,0,0.3,1,1.1
VECTO-URBAN,EU VECTO Urban Bus,Urban,4644,0,0.3,1,1.1
VECTO-URBAN,EU VECTO Urban Bus,Urban,4645,0,0.3,1,1.1
VECTO-URBAN,EU VECTO Urban Bus,Urban,4646,0,0.3,1,1.1
VECTO-URBAN,EU VECTO Urban Bus,Urban,4647,0,0.3,1,1.1
VECTO-URBAN,EU VECTO Urban Bus,Urban,4648,0,0.3,1,1.1
VECTO-URBAN,EU VECTO Urban Bus,Urban,4649,0,0.3,1,1.1
VECTO-URBAN,EU VECTO Urban Bus,Urban,4650,0,0.3,1,1.1
VECTO-URBAN,EU VECTO Urban Bus,Urban,4651,0,0.3,1,1.1
VECTO-URBAN,EU VECTO Urban Bus,Urban,4652,0,0.3,1,1.1
VECTO-URBAN,EU VECTO Urban Bus,Urban,4653,0,0.3,1,1.1
VECTO-URBAN,EU VECTO Urban Bus,Urban,4654,0,0.3,1,1.1
VECTO-URBAN,EU VECTO Urban Bus,Urban,4655,0,0.3,1,1.1
VECTO-URBAN,EU VECTO Urban Bus,Urban,4656,0,0.3,1,1.1
VECTO-URBAN,EU VECTO Urban Bus,Urban,4657,0,0.3,1,1.1
VECTO-URBAN,EU VECTO Urban Bus,Urban,4658,0,0.3,1,1.1
VECTO-URBAN,EU VECTO Urban Bus,Urban,4659,0,0.3,1,1.1
VECTO-URBAN,EU VECTO Urban Bus,Urban,4660,0,0.3,1,1.1
VECTO-URBAN,EU VECTO Urban Bus,Urban,4661,0,0.3,1,1.1
VECTO-URBAN,EU VECTO Urban Bus,Urban,4662,0,0.3,1,1.1
VECTO-URBAN,EU VECTO Urban Bus,Urban,4663,0,0.3,1,1.1
VECTO-URBAN,EU VECTO Urban Bus,Urban,4664,0,0.3,0,1
VECTO-URBAN,EU VECTO Urban Bus,Urban,4665,3.6,0.3,0,1
VECTO-URBAN,EU VECTO Urban Bus,Urban,4666,7.2,0,0,1
VECTO-URBAN,EU VECTO Urban Bus,Urban,4667,10.8,-0.5,0,1
VECTO-URBAN,EU VECTO Urban Bus,Urban,4668,14.4,-1.1,0,1
VECTO-URBAN,EU VECTO Urban Bus,Urban,4669,18,-1.95,0,1
VECTO-URBAN,EU VECTO Urban Bus,Urban,4670,21.6,-3,0,1
VECTO-URBAN,EU VECTO Urban Bus,Urban,4671,24.3,-3.875,0,1
VECTO-URBAN,EU VECTO Urban Bus,Urban,4672,24.3,-4.55625,0,1
VECTO-URBAN,EU VECTO Urban Bus,Urban,4673,24.3,-4.946875,0,1
VECTO-URBAN,EU VECTO Urban Bus,Urban,4674,24.3,-4.86875,0,1
VECTO-URBAN,EU VECTO Urban Bus,Urban,4675,24.3,-4.53125,0,1
VECTO-URBAN,EU VECTO Urban Bus,Urban,4676,24.3,-3.6875,0,1
VECTO-URBAN,EU VECTO Urban Bus,Urban,4677,19.62,-2.75500000000029,0,1
VECTO-URBAN,EU VECTO Urban Bus,Urban,4678,23.22,-1.66500000000015,0,1
VECTO-URBAN,EU VECTO Urban Bus,Urban,4679,18.54,-0.505000000000291,0,1
VECTO-URBAN,EU VECTO Urban Bus,Urban,4680,13.86,0.494999999999709,0,1
VECTO-URBAN,EU VECTO Urban Bus,Urban,4681,9.18,0.9,0,1
VECTO-URBAN,EU VECTO Urban Bus,Urban,4682,4.5,0.9,0,1
VECTO-URBAN,EU VECTO Urban Bus,Urban,4683,0,0.9,1,1.1
VECTO-URBAN,EU VECTO Urban Bus,Urban,4684,0,0.9,1,1.1
VECTO-URBAN,EU VECTO Urban Bus,Urban,4685,0,0.9,1,1.1
VECTO-URBAN,EU VECTO Urban Bus,Urban,4686,0,0.9,1,1.1
VECTO-URBAN,EU VECTO Urban Bus,Urban,4687,0,0.9,1,1.1
VECTO-URBAN,EU VECTO Urban Bus,Urban,4688,0,0.9,1,1.1
VECTO-URBAN,EU VECTO Urban Bus,Urban,4689,0,0.9,1,1.1
VECTO-URBAN,EU VECTO Urban Bus,Urban,4690,0,0.9,1,1.1
VECTO-URBAN,EU VECTO Urban Bus,Urban,4691,0,0.9,1,1.1
VECTO-URBAN,EU VECTO Urban Bus,Urban,4692,0,0.9,1,1.1
VECTO-URBAN,EU VECTO Urban Bus,Urban,4693,0,0.9,1,1.1
VECTO-URBAN,EU VECTO Urban Bus,Urban,4694,0,0.9,1,1.1
VECTO-URBAN,EU VECTO Urban Bus,Urban,4695,0,0.9,1,1.1
VECTO-URBAN,EU VECTO Urban Bus,Urban,4696,0,0.9,0,1
VECTO-URBAN,EU VECTO Urban Bus,Urban,4697,3.6,0.9,0,1
VECTO-URBAN,EU VECTO Urban Bus,Urban,4698,7.2,1.2,0,1
VECTO-URBAN,EU VECTO Urban Bus,Urban,4699,10.8,1.7,0,1
VECTO-URBAN,EU VECTO Urban Bus,Urban,4700,14.4,2.3,0,1
VECTO-URBAN,EU VECTO Urban Bus,Urban,4701,18,3.05,0,1
VECTO-URBAN,EU VECTO Urban Bus,Urban,4702,21.6,3.8,0,1
VECTO-URBAN,EU VECTO Urban Bus,Urban,4703,25.2,4.35,0,1
VECTO-URBAN,EU VECTO Urban Bus,Urban,4704,28.8,4.68,0,1
VECTO-URBAN,EU VECTO Urban Bus,Urban,4705,31.2,4.58333333333339,0,1
VECTO-URBAN,EU VECTO Urban Bus,Urban,4706,31.2,4,0,1
VECTO-URBAN,EU VECTO Urban Bus,Urban,4707,31.2,3.06666666666661,0,1
VECTO-URBAN,EU VECTO Urban Bus,Urban,4708,31.2,2.06666666666642,0,1
VECTO-URBAN,EU VECTO Urban Bus,Urban,4709,31.2,0.799999999999636,0,1
VECTO-URBAN,EU VECTO Urban Bus,Urban,4710,31.2,-0.466666666667152,0,1
VECTO-URBAN,EU VECTO Urban Bus,Urban,4711,31.2,-1.61666666666697,0,1
VECTO-URBAN,EU VECTO Urban Bus,Urban,4712,31.2,-2.60000000000073,0,1
VECTO-URBAN,EU VECTO Urban Bus,Urban,4713,31.2,-3.36666666666752,0,1
VECTO-URBAN,EU VECTO Urban Bus,Urban,4714,31.2,-3.9333333333343,0,1
VECTO-URBAN,EU VECTO Urban Bus,Urban,4715,31.2,-4.24000000000022,0,1
VECTO-URBAN,EU VECTO Urban Bus,Urban,4716,31.2,-4.20555555555535,0,1
VECTO-URBAN,EU VECTO Urban Bus,Urban,4717,31.2,-3.93333333333267,0,1
VECTO-URBAN,EU VECTO Urban Bus,Urban,4718,26.52,-3.3883333333329,0,1
VECTO-URBAN,EU VECTO Urban Bus,Urban,4719,30.12,-2.7391666666661,0,1
VECTO-URBAN,EU VECTO Urban Bus,Urban,4720,30.3,-1.7783333333311,0,1
VECTO-URBAN,EU VECTO Urban Bus,Urban,4721,30.3,-0.794999999997526,0,1
VECTO-URBAN,EU VECTO Urban Bus,Urban,4722,30.3,0.38833333333605,0,1
VECTO-URBAN,EU VECTO Urban Bus,Urban,4723,30.3,1.48583333333481,0,1
VECTO-URBAN,EU VECTO Urban Bus,Urban,4724,30.3,2.4550000000032,0,1
VECTO-URBAN,EU VECTO Urban Bus,Urban,4725,30.3,3.33458333333419,0,1
VECTO-URBAN,EU VECTO Urban Bus,Urban,4726,30.3,3.85541666666759,0,1
VECTO-URBAN,EU VECTO Urban Bus,Urban,4727,30.3,4.06843749999975,0,1
VECTO-URBAN,EU VECTO Urban Bus,Urban,4728,30.3,3.92645833333281,0,1
VECTO-URBAN,EU VECTO Urban Bus,Urban,4729,30.3,3.43208333333223,0,1
VECTO-URBAN,EU VECTO Urban Bus,Urban,4730,30.3,2.51124999999884,0,1
VECTO-URBAN,EU VECTO Urban Bus,Urban,4731,30.3,1.09041666666544,0,1
VECTO-URBAN,EU VECTO Urban Bus,Urban,4732,25.62,-0.191666666671517,0,1
VECTO-URBAN,EU VECTO Urban Bus,Urban,4733,20.94,-1.48500000000495,0,1
VECTO-URBAN,EU VECTO Urban Bus,Urban,4734,16.26,-2.55916666666926,0,1
VECTO-URBAN,EU VECTO Urban Bus,Urban,4735,11.58,-3.29166666667152,0,1
VECTO-URBAN,EU VECTO Urban Bus,Urban,4736,6.9,-3.90250000000233,0,1
VECTO-URBAN,EU VECTO Urban Bus,Urban,4737,2.22,-4.05833333333794,0,1
VECTO-URBAN,EU VECTO Urban Bus,Urban,4738,5.82,-4.28166666667094,0,1
VECTO-URBAN,EU VECTO Urban Bus,Urban,4739,1.14,-4.4,0,1
VECTO-URBAN,EU VECTO Urban Bus,Urban,4740,0,-4.4,1,1.1
VECTO-URBAN,EU VECTO Urban Bus,Urban,4741,0,-4.4,1,1.1
VECTO-URBAN,EU VECTO Urban Bus,Urban,4742,0,-4.4,0,1
VECTO-URBAN,EU VECTO Urban Bus,Urban,4743,3.6,-4.4,0,1
VECTO-URBAN,EU VECTO Urban Bus,Urban,4744,7.2,-4.7,0,1
VECTO-URBAN,EU VECTO Urban Bus,Urban,4745,10.8,-5.15,0,1
VECTO-URBAN,EU VECTO Urban Bus,Urban,4746,14.4,-5.6,0,1
VECTO-URBAN,EU VECTO Urban Bus,Urban,4747,18,-6.33333333333333,0,1
VECTO-URBAN,EU VECTO Urban Bus,Urban,4748,21.6,-6.8,0,1
VECTO-URBAN,EU VECTO Urban Bus,Urban,4749,25.2,-7.275,0,1
VECTO-URBAN,EU VECTO Urban Bus,Urban,4750,27.6,-7.48809523809526,0,1
VECTO-URBAN,EU VECTO Urban Bus,Urban,4751,27.6,-7.35,0,1
VECTO-URBAN,EU VECTO Urban Bus,Urban,4752,27.6,-6.99166666666661,0,1
VECTO-URBAN,EU VECTO Urban Bus,Urban,4753,27.6,-6.50833333333321,0,1
VECTO-URBAN,EU VECTO Urban Bus,Urban,4754,27.6,-5.67499999999982,0,1
VECTO-URBAN,EU VECTO Urban Bus,Urban,4755,27.6,-4.69166666666642,0,1
VECTO-URBAN,EU VECTO Urban Bus,Urban,4756,22.92,-3.78166666666621,0,1
VECTO-URBAN,EU VECTO Urban Bus,Urban,4757,18.24,-3.01999999999898,0,1
VECTO-URBAN,EU VECTO Urban Bus,Urban,4758,13.56,-2.3683333333327,0,1
VECTO-URBAN,EU VECTO Urban Bus,Urban,4759,8.88,-1.95666666666621,0,1
VECTO-URBAN,EU VECTO Urban Bus,Urban,4760,4.2,-1.67499999999964,0,1
VECTO-URBAN,EU VECTO Urban Bus,Urban,4761,7.8,-1.4166666666657,0,1
VECTO-URBAN,EU VECTO Urban Bus,Urban,4762,3.12,-1.3,0,1
VECTO-URBAN,EU VECTO Urban Bus,Urban,4763,0,-1.3,1,1.1
VECTO-URBAN,EU VECTO Urban Bus,Urban,4764,0,-1.3,1,1.1
VECTO-URBAN,EU VECTO Urban Bus,Urban,4765,0,-1.3,1,1.1
VECTO-URBAN,EU VECTO Urban Bus,Urban,4766,0,-1.3,1,1.1
VECTO-URBAN,EU VECTO Urban Bus,Urban,4767,0,-1.3,1,1.1
VECTO-URBAN,EU VECTO Urban Bus,Urban,4768,0,-1.3,1,1.1
VECTO-URBAN,EU VECTO Urban Bus,Urban,4769,0,-1.3,0,1
VECTO-URBAN,EU VECTO Urban Bus,Urban,4770,3.6,-1.3,0,1
VECTO-URBAN,EU VECTO Urban Bus,Urban,4771,7.2,-1.1,0,1
VECTO-URBAN,EU VECTO Urban Bus,Urban,4772,10.8,-0.75,0,1
VECTO-URBAN,EU VECTO Urban Bus,Urban,4773,14.4,-0.2,0,1
VECTO-URBAN,EU VECTO Urban Bus,Urban,4774,18,0.15,0,1
VECTO-URBAN,EU VECTO Urban Bus,Urban,4775,21.6,0.6,0,1
VECTO-URBAN,EU VECTO Urban Bus,Urban,4776,25.2,1.025,0,1
VECTO-URBAN,EU VECTO Urban Bus,Urban,4777,28.8,1.3,0,1
VECTO-URBAN,EU VECTO Urban Bus,Urban,4778,30.4,1.35777777777777,0,1
VECTO-URBAN,EU VECTO Urban Bus,Urban,4779,30.4,1.25555555555554,0,1
VECTO-URBAN,EU VECTO Urban Bus,Urban,4780,30.4,1.0629629629629,0,1
VECTO-URBAN,EU VECTO Urban Bus,Urban,4781,30.4,0.814814814814721,0,1
VECTO-URBAN,EU VECTO Urban Bus,Urban,4782,30.4,0.549999999999909,0,1
VECTO-URBAN,EU VECTO Urban Bus,Urban,4783,30.4,0.285185185185037,0,1
VECTO-URBAN,EU VECTO Urban Bus,Urban,4784,30.4,0.0370370370368619,0,1
VECTO-URBAN,EU VECTO Urban Bus,Urban,4785,30.4,-0.146666666666788,0,1
VECTO-URBAN,EU VECTO Urban Bus,Urban,4786,33.4,-0.288492063492127,0,1
VECTO-URBAN,EU VECTO Urban Bus,Urban,4787,33.4,-0.412268518518552,0,1
VECTO-URBAN,EU VECTO Urban Bus,Urban,4788,33.4,-0.489583333333364,0,1
VECTO-URBAN,EU VECTO Urban Bus,Urban,4789,33.4,-0.524326599326609,0,1
VECTO-URBAN,EU VECTO Urban Bus,Urban,4790,33.4,-0.552441077441086,0,1
VECTO-URBAN,EU VECTO Urban Bus,Urban,4791,33.4,-0.580555555555563,0,1
VECTO-URBAN,EU VECTO Urban Bus,Urban,4792,33.4,-0.605960648148152,0,1
VECTO-URBAN,EU VECTO Urban Bus,Urban,4793,33.4,-0.625289351851855,0,1
VECTO-URBAN,EU VECTO Urban Bus,Urban,4794,33.4,-0.644618055555558,0,1
VECTO-URBAN,EU VECTO Urban Bus,Urban,4795,33.4,-0.663946759259261,0,1
VECTO-URBAN,EU VECTO Urban Bus,Urban,4796,33.4,-0.683275462962964,0,1
VECTO-URBAN,EU VECTO Urban Bus,Urban,4797,33.4,-0.7078125,0,1
VECTO-URBAN,EU VECTO Urban Bus,Urban,4798,33.4,-0.765798611111109,0,1
VECTO-URBAN,EU VECTO Urban Bus,Urban,4799,33.4,-0.838055555555548,0,1
VECTO-URBAN,EU VECTO Urban Bus,Urban,4800,33.4,-0.934259259259246,0,1
VECTO-URBAN,EU VECTO Urban Bus,Urban,4801,28.72,-1.0338888888889,0,1
VECTO-URBAN,EU VECTO Urban Bus,Urban,4802,32.32,-1.12898989898991,0,1
VECTO-URBAN,EU VECTO Urban Bus,Urban,4803,27.64,-1.2,0,1
VECTO-URBAN,EU VECTO Urban Bus,Urban,4804,22.96,-1.2,0,1
VECTO-URBAN,EU VECTO Urban Bus,Urban,4805,18.28,-1.2,0,1
VECTO-URBAN,EU VECTO Urban Bus,Urban,4806,13.6,-1.2,0,1
VECTO-URBAN,EU VECTO Urban Bus,Urban,4807,8.92,-1.2,0,1
VECTO-URBAN,EU VECTO Urban Bus,Urban,4808,4.24,-1.2,0,1
VECTO-URBAN,EU VECTO Urban Bus,Urban,4809,0,-1.2,1,1.1
VECTO-URBAN,EU VECTO Urban Bus,Urban,4810,0,-1.2,1,1.1
VECTO-URBAN,EU VECTO Urban Bus,Urban,4811,0,-1.2,1,1.1
VECTO-URBAN,EU VECTO Urban Bus,Urban,4812,0,-1.2,1,1.1
VECTO-URBAN,EU VECTO Urban Bus,Urban,4813,0,-1.2,1,1.1
VECTO-URBAN,EU VECTO Urban Bus,Urban,4814,0,-1.2,1,1.1
VECTO-URBAN,EU VECTO Urban Bus,Urban,4815,0,-1.2,1,1.1
VECTO-URBAN,EU VECTO Urban Bus,Urban,4816,0,-1.2,1,1.1
VECTO-URBAN,EU VECTO Urban Bus,Urban,4817,0,-1.2,1,1.1
VECTO-URBAN,EU VECTO Urban Bus,Urban,4818,0,-1.2,1,1.1
VECTO-URBAN,EU VECTO Urban Bus,Urban,4819,0,-1.2,1,1.1
VECTO-URBAN,EU VECTO Urban Bus,Urban,4820,0,-1.2,1,1.1
VECTO-URBAN,EU VECTO Urban Bus,Urban,4821,0,-1.2,1,1.1
VECTO-URBAN,EU VECTO Urban Bus,Urban,4822,0,-1.2,1,1.1
VECTO-URBAN,EU VECTO Urban Bus,Urban,4823,0,-1.2,0,1
VECTO-URBAN,EU VECTO Urban Bus,Urban,4824,3.6,-1.2,0,1
VECTO-URBAN,EU VECTO Urban Bus,Urban,4825,7.2,-1.19444444444444,0,1
VECTO-URBAN,EU VECTO Urban Bus,Urban,4826,10.8,-1.18055555555556,0,1
VECTO-URBAN,EU VECTO Urban Bus,Urban,4827,14.4,-1.16111111111111,0,1
VECTO-URBAN,EU VECTO Urban Bus,Urban,4828,18,-1.13611111111111,0,1
VECTO-URBAN,EU VECTO Urban Bus,Urban,4829,21.6,-1.10555555555556,0,1
VECTO-URBAN,EU VECTO Urban Bus,Urban,4830,25.2,-1.05,0,1
VECTO-URBAN,EU VECTO Urban Bus,Urban,4831,28.8,-0.975,0,1
VECTO-URBAN,EU VECTO Urban Bus,Urban,4832,32.4,-0.864285714285714,0,1
VECTO-URBAN,EU VECTO Urban Bus,Urban,4833,35,-0.755808080808096,0,1
VECTO-URBAN,EU VECTO Urban Bus,Urban,4834,35,-0.660185185185199,0,1
VECTO-URBAN,EU VECTO Urban Bus,Urban,4835,35,-0.566880341880348,0,1
VECTO-URBAN,EU VECTO Urban Bus,Urban,4836,35,-0.495717592592594,0,1
VECTO-URBAN,EU VECTO Urban Bus,Urban,4837,35,-0.455208333333333,0,1
VECTO-URBAN,EU VECTO Urban Bus,Urban,4838,35,-0.414699074074072,0,1
VECTO-URBAN,EU VECTO Urban Bus,Urban,4839,35,-0.392960858585858,0,1
VECTO-URBAN,EU VECTO Urban Bus,Urban,4840,35,-0.381912878787877,0,1
VECTO-URBAN,EU VECTO Urban Bus,Urban,4841,35,-0.370864898989897,0,1
VECTO-URBAN,EU VECTO Urban Bus,Urban,4842,35,-0.359816919191917,0,1
VECTO-URBAN,EU VECTO Urban Bus,Urban,4843,35,-0.348768939393937,0,1
VECTO-URBAN,EU VECTO Urban Bus,Urban,4844,35,-0.337720959595956,0,1
VECTO-URBAN,EU VECTO Urban Bus,Urban,4845,35,-0.326672979797976,0,1
VECTO-URBAN,EU VECTO Urban Bus,Urban,4846,35,-0.315624999999996,0,1
VECTO-URBAN,EU VECTO Urban Bus,Urban,4847,35,-0.304577020202016,0,1
VECTO-URBAN,EU VECTO Urban Bus,Urban,4848,35,-0.205092592592518,0,1
VECTO-URBAN,EU VECTO Urban Bus,Urban,4849,35,0.110416666666788,0,1
VECTO-URBAN,EU VECTO Urban Bus,Urban,4850,35,0.527777777778829,0,1
VECTO-URBAN,EU VECTO Urban Bus,Urban,4851,30.32,1.26055555555577,0,1
VECTO-URBAN,EU VECTO Urban Bus,Urban,4852,25.64,2.09666666666744,0,1
VECTO-URBAN,EU VECTO Urban Bus,Urban,4853,20.96,2.64555555555598,0,1
VECTO-URBAN,EU VECTO Urban Bus,Urban,4854,24.56,3.4555555555562,0,1
VECTO-URBAN,EU VECTO Urban Bus,Urban,4855,19.88,4.09500000000044,0,1
VECTO-URBAN,EU VECTO Urban Bus,Urban,4856,15.2,4.68222222222248,0,1
VECTO-URBAN,EU VECTO Urban Bus,Urban,4857,10.52,4.9,0,1
VECTO-URBAN,EU VECTO Urban Bus,Urban,4858,5.84,4.9,0,1
VECTO-URBAN,EU VECTO Urban Bus,Urban,4859,1.16,4.9,0,1
VECTO-URBAN,EU VECTO Urban Bus,Urban,4860,0,4.9,1,1.1
VECTO-URBAN,EU VECTO Urban Bus,Urban,4861,0,4.9,1,1.1
VECTO-URBAN,EU VECTO Urban Bus,Urban,4862,0,4.9,1,1.1
VECTO-URBAN,EU VECTO Urban Bus,Urban,4863,0,4.9,1,1.1
VECTO-URBAN,EU VECTO Urban Bus,Urban,4864,0,4.9,1,1.1
VECTO-URBAN,EU VECTO Urban Bus,Urban,4865,0,4.9,1,1.1
VECTO-URBAN,EU VECTO Urban Bus,Urban,4866,0,4.9,1,1.1
VECTO-URBAN,EU VECTO Urban Bus,Urban,4867,0,4.9,1,1.1
VECTO-URBAN,EU VECTO Urban Bus,Urban,4868,0,4.9,1,1.1
VECTO-URBAN,EU VECTO Urban Bus,Urban,4869,0,4.9,1,1.1
VECTO-URBAN,EU VECTO Urban Bus,Urban,4870,0,4.9,1,1.1
VECTO-URBAN,EU VECTO Urban Bus,Urban,4871,0,4.9,1,1.1
VECTO-URBAN,EU VECTO Urban Bus,Urban,4872,0,4.9,1,1.1
VECTO-URBAN,EU VECTO Urban Bus,Urban,4873,0,4.9,1,1.1
VECTO-URBAN,EU VECTO Urban Bus,Urban,4874,0,4.9,1,1.1
VECTO-URBAN,EU VECTO Urban Bus,Urban,4875,0,4.9,1,1.1
VECTO-URBAN,EU VECTO Urban Bus,Urban,4876,0,4.9,1,1.1
VECTO-URBAN,EU VECTO Urban Bus,Urban,4877,0,4.9,1,1.1
VECTO-URBAN,EU VECTO Urban Bus,Urban,4878,0,4.9,1,1.1
VECTO-URBAN,EU VECTO Urban Bus,Urban,4879,0,4.9,1,1.1
VECTO-URBAN,EU VECTO Urban Bus,Urban,4880,0,4.9,1,1.1
VECTO-URBAN,EU VECTO Urban Bus,Urban,4881,0,4.9,1,1.1
VECTO-URBAN,EU VECTO Urban Bus,Urban,4882,0,4.9,1,1.1
VECTO-URBAN,EU VECTO Urban Bus,Urban,4883,0,4.9,1,1.1
VECTO-URBAN,EU VECTO Urban Bus,Urban,4884,0,4.9,1,1.1
VECTO-URBAN,EU VECTO Urban Bus,Urban,4885,0,4.9,1,1.1
VECTO-URBAN,EU VECTO Urban Bus,Urban,4886,0,4.9,1,1.1
VECTO-URBAN,EU VECTO Urban Bus,Urban,4887,0,4.9,1,1.1
VECTO-URBAN,EU VECTO Urban Bus,Urban,4888,0,4.9,1,1.1
VECTO-URBAN,EU VECTO Urban Bus,Urban,4889,0,4.9,1,1.1
VECTO-URBAN,EU VECTO Urban Bus,Urban,4890,0,4.9,1,1.1
VECTO-URBAN,EU VECTO Urban Bus,Urban,4891,0,4.9,1,1.1
VECTO-URBAN,EU VECTO Urban Bus,Urban,4892,0,4.9,0,1
VECTO-URBAN,EU VECTO Urban Bus,Urban,4893,3.6,4.9,0,1
VECTO-URBAN,EU VECTO Urban Bus,Urban,4894,7.2,5.1,0,1
VECTO-URBAN,EU VECTO Urban Bus,Urban,4895,10.8,5.25,0,1
VECTO-URBAN,EU VECTO Urban Bus,Urban,4896,14.4,5.55,0,1
VECTO-URBAN,EU VECTO Urban Bus,Urban,4897,18,5.825,0,1
VECTO-URBAN,EU VECTO Urban Bus,Urban,4898,21.6,5.98888888888889,0,1
VECTO-URBAN,EU VECTO Urban Bus,Urban,4899,25.2,5.91666666666667,0,1
VECTO-URBAN,EU VECTO Urban Bus,Urban,4900,27.2,5.71111111111113,0,1
VECTO-URBAN,EU VECTO Urban Bus,Urban,4901,27.2,5.23333333333358,0,1
VECTO-URBAN,EU VECTO Urban Bus,Urban,4902,27.2,4.42222222222263,0,1
VECTO-URBAN,EU VECTO Urban Bus,Urban,4903,27.2,3.55555555555584,0,1
VECTO-URBAN,EU VECTO Urban Bus,Urban,4904,27.2,2.60000000000073,0,1
VECTO-URBAN,EU VECTO Urban Bus,Urban,4905,30.8,1.59444444444489,0,1
VECTO-URBAN,EU VECTO Urban Bus,Urban,4906,32.5,0.557638888889051,0,1
VECTO-URBAN,EU VECTO Urban Bus,Urban,4907,32.5,-0.287499999999636,0,1
VECTO-URBAN,EU VECTO Urban Bus,Urban,4908,32.5,-0.763425925925791,0,1
VECTO-URBAN,EU VECTO Urban Bus,Urban,4909,32.5,-0.850694444444489,0,1
VECTO-URBAN,EU VECTO Urban Bus,Urban,4910,32.5,-0.701041666666788,0,1
VECTO-URBAN,EU VECTO Urban Bus,Urban,4911,32.5,-0.150694444444707,0,1
VECTO-URBAN,EU VECTO Urban Bus,Urban,4912,32.5,0.650694444444161,0,1
VECTO-URBAN,EU VECTO Urban Bus,Urban,4913,32.5,1.65624999999909,0,1
VECTO-URBAN,EU VECTO Urban Bus,Urban,4914,32.5,2.6034722222219,0,1
VECTO-URBAN,EU VECTO Urban Bus,Urban,4915,32.5,3.65486111111077,0,1
VECTO-URBAN,EU VECTO Urban Bus,Urban,4916,32.5,4.61249999999927,0,1
VECTO-URBAN,EU VECTO Urban Bus,Urban,4917,32.5,5.25763888888851,0,1
VECTO-URBAN,EU VECTO Urban Bus,Urban,4918,27.82,5.4846944444445,0,1
VECTO-URBAN,EU VECTO Urban Bus,Urban,4919,23.14,5.41391666666674,0,1
VECTO-URBAN,EU VECTO Urban Bus,Urban,4920,23,5.09833333333409,0,1
VECTO-URBAN,EU VECTO Urban Bus,Urban,4921,23,4.62972222222252,0,1
VECTO-URBAN,EU VECTO Urban Bus,Urban,4922,23,3.84111111111197,0,1
VECTO-URBAN,EU VECTO Urban Bus,Urban,4923,23,2.86333333333387,0,1
VECTO-URBAN,EU VECTO Urban Bus,Urban,4924,23,1.78555555555577,0,1
VECTO-URBAN,EU VECTO Urban Bus,Urban,4925,23,0.607777777777665,0,1
VECTO-URBAN,EU VECTO Urban Bus,Urban,4926,23,-0.470000000000437,0,1
VECTO-URBAN,EU VECTO Urban Bus,Urban,4927,23,-1.37388888888927,0,1
VECTO-URBAN,EU VECTO Urban Bus,Urban,4928,18.32,-2.04777777777817,0,1
VECTO-URBAN,EU VECTO Urban Bus,Urban,4929,13.64,-2.49166666666715,0,1
VECTO-URBAN,EU VECTO Urban Bus,Urban,4930,8.96,-2.7055555555562,0,1
VECTO-URBAN,EU VECTO Urban Bus,Urban,4931,4.28,-2.88944444444496,0,1
VECTO-URBAN,EU VECTO Urban Bus,Urban,4932,0,-2.94888888888927,0,1
VECTO-URBAN,EU VECTO Urban Bus,Urban,4933,0,-3,1,1.1
VECTO-URBAN,EU VECTO Urban Bus,Urban,4934,0,-3,1,1.1
VECTO-URBAN,EU VECTO Urban Bus,Urban,4935,0,-3,1,1.1
VECTO-URBAN,EU VECTO Urban Bus,Urban,4936,0,-3,1,1.1
VECTO-URBAN,EU VECTO Urban Bus,Urban,4937,0,-3,1,1.1
VECTO-URBAN,EU VECTO Urban Bus,Urban,4938,0,-3,1,1.1
VECTO-URBAN,EU VECTO Urban Bus,Urban,4939,0,-3,1,1.1
VECTO-URBAN,EU VECTO Urban Bus,Urban,4940,0,-3,1,1.1
VECTO-URBAN,EU VECTO Urban Bus,Urban,4941,0,-3,1,1.1
VECTO-URBAN,EU VECTO Urban Bus,Urban,4942,0,-3,1,1.1
VECTO-URBAN,EU VECTO Urban Bus,Urban,4943,0,-3,1,1.1
VECTO-URBAN,EU VECTO Urban Bus,Urban,4944,0,-3,1,1.1
VECTO-URBAN,EU VECTO Urban Bus,Urban,4945,0,-3,1,1.1
VECTO-URBAN,EU VECTO Urban Bus,Urban,4946,0,-3,1,1.1
VECTO-URBAN,EU VECTO Urban Bus,Urban,4947,0,-3,1,1.1
VECTO-URBAN,EU VECTO Urban Bus,Urban,4948,0,-3,1,1.1
VECTO-URBAN,EU VECTO Urban Bus,Urban,4949,0,-3,1,1.1
VECTO-URBAN,EU VECTO Urban Bus,Urban,4950,0,-3,1,1.1
VECTO-URBAN,EU VECTO Urban Bus,Urban,4951,0,-3,1,1.1
VECTO-URBAN,EU VECTO Urban Bus,Urban,4952,0,-3,1,1.1
VECTO-URBAN,EU VECTO Urban Bus,Urban,4953,0,-3,1,1.1
VECTO-URBAN,EU VECTO Urban Bus,Urban,4954,0,-3,1,1.1
VECTO-URBAN,EU VECTO Urban Bus,Urban,4955,0,-3,1,1.1
VECTO-URBAN,EU VECTO Urban Bus,Urban,4956,0,-3,1,1.1
VECTO-URBAN,EU VECTO Urban Bus,Urban,4957,0,-3,1,1.1
VECTO-URBAN,EU VECTO Urban Bus,Urban,4958,0,-3,1,1.1
VECTO-URBAN,EU VECTO Urban Bus,Urban,4959,0,-3,1,1.1
VECTO-URBAN,EU VECTO Urban Bus,Urban,4960,0,-3,1,1.1
VECTO-URBAN,EU VECTO Urban Bus,Urban,4961,0,-3,1,1.1
VECTO-URBAN,EU VECTO Urban Bus,Urban,4962,0,-3,1,1.1
VECTO-URBAN,EU VECTO Urban Bus,Urban,4963,0,-3,1,1.1
VECTO-URBAN,EU VECTO Urban Bus,Urban,4964,0,-3,1,1.1
VECTO-URBAN,EU VECTO Urban Bus,Urban,4965,0,-3,1,1.1
VECTO-URBAN,EU VECTO Urban Bus,Urban,4966,0,-3,1,1.1
VECTO-URBAN,EU VECTO Urban Bus,Urban,4967,0,-3,1,1.1
VECTO-URBAN,EU VECTO Urban Bus,Urban,4968,0,-3,1,1.1
VECTO-URBAN,EU VECTO Urban Bus,Urban,4969,0,-3,1,1.1
VECTO-URBAN,EU VECTO Urban Bus,Urban,4970,0,-3,1,1.1
VECTO-URBAN,EU VECTO Urban Bus,Urban,4971,0,-3,1,1.1
VECTO-URBAN,EU VECTO Urban Bus,Urban,4972,0,-3,1,1.1
VECTO-URBAN,EU VECTO Urban Bus,Urban,4973,0,-3,1,1.1
VECTO-URBAN,EU VECTO Urban Bus,Urban,4974,0,-3,1,1.1
VECTO-URBAN,EU VECTO Urban Bus,Urban,4975,0,-3,1,1.1
VECTO-URBAN,EU VECTO Urban Bus,Urban,4976,0,-3,1,1.1
VECTO-URBAN,EU VECTO Urban Bus,Urban,4977,0,-3,1,1.1
VECTO-URBAN,EU VECTO Urban Bus,Urban,4978,0,-3,1,1.1
VECTO-URBAN,EU VECTO Urban Bus,Urban,4979,0,-3,1,1.1
VECTO-URBAN,EU VECTO Urban Bus,Urban,4980,0,-3,1,1.1
VECTO-URBAN,EU VECTO Urban Bus,Urban,4981,0,-3,1,1.1
VECTO-URBAN,EU VECTO Urban Bus,Urban,4982,0,-3,1,1.1
VECTO-URBAN,EU VECTO Urban Bus,Urban,4983,0,-3,1,1.1
VECTO-URBAN,EU VECTO Urban Bus,Urban,4984,0,-3,1,1.1
VECTO-URBAN,EU VECTO Urban Bus,Urban,4985,0,-3,1,1.1
VECTO-URBAN,EU VECTO Urban Bus,Urban,4986,0,-3,1,1.1
VECTO-URBAN,EU VECTO Urban Bus,Urban,4987,0,-3,1,1.1
VECTO-URBAN,EU VECTO Urban Bus,Urban,4988,0,-3,1,1.1
VECTO-URBAN,EU VECTO Urban Bus,Urban,4989,0,-3,1,1.1
VECTO-URBAN,EU VECTO Urban Bus,Urban,4990,0,-3,1,1.1
VECTO-URBAN,EU VECTO Urban Bus,Urban,4991,0,-3,1,1.1
VECTO-URBAN,EU VECTO Urban Bus,Urban,4992,0,-3,1,1.1
VECTO-URBAN,EU VECTO Urban Bus,Urban,4993,0,-3,1,1.1
VECTO-URBAN,EU VECTO Urban Bus,Urban,4994,0,-3,1,1.1
VECTO-URBAN,EU VECTO Urban Bus,Urban,4995,0,-3,1,1.1
VECTO-URBAN,EU VECTO Urban Bus,Urban,4996,0,-3,1,1.1
VECTO-URBAN,EU VECTO Urban Bus,Urban,4997,0,-3,1,1.1
VECTO-URBAN,EU VECTO Urban Bus,Urban,4998,0,-3,1,1.1
VECTO-URBAN,EU VECTO Urban Bus,Urban,4999,0,-3,1,1.1
VECTO-URBAN,EU VECTO Urban Bus,Urban,5000,0,-3,1,1.1
VECTO-URBAN,EU VECTO Urban Bus,Urban,5001,0,-3,1,1.1
VECTO-URBAN,EU VECTO Urban Bus,Urban,5002,0,-3,1,1.1
VECTO-URBAN,EU VECTO Urban Bus,Urban,5003,0,-3,1,1.1
VECTO-URBAN,EU VECTO Urban Bus,Urban,5004,0,-3,1,1.1
VECTO-URBAN,EU VECTO Urban Bus,Urban,5005,0,-3,1,1.1
VECTO-URBAN,EU VECTO Urban Bus,Urban,5006,0,-3,1,1.1
VECTO-URBAN,EU VECTO Urban Bus,Urban,5007,0,-3,1,1.1
VECTO-URBAN,EU VECTO Urban Bus,Urban,5008,0,-3,1,1.1
VECTO-URBAN,EU VECTO Urban Bus,Urban,5009,0,-3,1,1.1
VECTO-URBAN,EU VECTO Urban Bus,Urban,5010,0,-3,1,1.1
VECTO-URBAN,EU VECTO Urban Bus,Urban,5011,0,-3,1,1.1
VECTO-URBAN,EU VECTO Urban Bus,Urban,5012,0,-3,1,1.1
VECTO-URBAN,EU VECTO Urban Bus,Urban,5013,0,-3,1,1.1
VECTO-URBAN,EU VECTO Urban Bus,Urban,5014,0,-3,1,1.1
VECTO-URBAN,EU VECTO Urban Bus,Urban,5015,0,-3,1,1.1
VECTO-URBAN,EU VECTO Urban Bus,Urban,5016,0,-3,1,1.1
VECTO-URBAN,EU VECTO Urban Bus,Urban,5017,0,-3,0,1
VECTO-URBAN,EU VECTO Urban Bus,Urban,5018,3.6,-3,0,1
VECTO-URBAN,EU VECTO Urban Bus,Urban,5019,7.2,-3,0,1
VECTO-URBAN,EU VECTO Urban Bus,Urban,5020,10.8,-2.95,0,1
VECTO-URBAN,EU VECTO Urban Bus,Urban,5021,14.4,-2.875,0,1
VECTO-URBAN,EU VECTO Urban Bus,Urban,5022,18,-2.725,0,1
VECTO-URBAN,EU VECTO Urban Bus,Urban,5023,20.6,-2.41388888888905,0,1
VECTO-URBAN,EU VECTO Urban Bus,Urban,5024,20.6,-2.04166666666679,0,1
VECTO-URBAN,EU VECTO Urban Bus,Urban,5025,20.6,-1.66944444444453,0,1
VECTO-URBAN,EU VECTO Urban Bus,Urban,5026,20.6,-1.19861111111113,0,1
VECTO-URBAN,EU VECTO Urban Bus,Urban,5027,20.6,-0.8125,0,1
VECTO-URBAN,EU VECTO Urban Bus,Urban,5028,20.6,-0.476388888888869,0,1
VECTO-URBAN,EU VECTO Urban Bus,Urban,5029,20.6,-0.190277777777737,0,1
VECTO-URBAN,EU VECTO Urban Bus,Urban,5030,20.6,0.0638888888889293,0,1
VECTO-URBAN,EU VECTO Urban Bus,Urban,5031,20.6,0.25277777777781,0,1
VECTO-URBAN,EU VECTO Urban Bus,Urban,5032,20.6,0.384027777777828,0,1
VECTO-URBAN,EU VECTO Urban Bus,Urban,5033,20.6,0.450833333333358,0,1
VECTO-URBAN,EU VECTO Urban Bus,Urban,5034,15.92,0.5,0,1
VECTO-URBAN,EU VECTO Urban Bus,Urban,5035,11.24,0.5,0,1
VECTO-URBAN,EU VECTO Urban Bus,Urban,5036,6.9375132275122,0.5,0,1
VECTO-URBAN,EU VECTO Urban Bus,Urban,5037,4.4609472719123,0.5,0,1
VECTO-URBAN,EU VECTO Urban Bus,Urban,5038,2.90798241550926,0.5,0,1
VECTO-URBAN,EU VECTO Urban Bus,Urban,5039,1.90401448190629,0.5,0,1
VECTO-URBAN,EU VECTO Urban Bus,Urban,5040,1.24841173000865,0.5,0,1
VECTO-URBAN,EU VECTO Urban Bus,Urban,5041,0.818914508015032,0.5,0,1
VECTO-URBAN,EU VECTO Urban Bus,Urban,5042,0.537254980877263,0.5,0,1
VECTO-URBAN,EU VECTO Urban Bus,Urban,5043,0.352485857392214,0.5,0,1
VECTO-URBAN,EU VECTO Urban Bus,Urban,5044,0,0.5,1,1.1
VECTO-URBAN,EU VECTO Urban Bus,Urban,5045,0,0.5,1,1.1
VECTO-URBAN,EU VECTO Urban Bus,Urban,5046,0,0.5,1,1.1
VECTO-URBAN,EU VECTO Urban Bus,Urban,5047,0,0.5,1,1.1
VECTO-URBAN,EU VECTO Urban Bus,Urban,5048,0,0.5,1,1.1
VECTO-URBAN,EU VECTO Urban Bus,Urban,5049,0,0.5,1,1.1
VECTO-URBAN,EU VECTO Urban Bus,Urban,5050,0,0.5,1,1.1
VECTO-URBAN,EU VECTO Urban Bus,Urban,5051,0,0.5,1,1.1
VECTO-URBAN,EU VECTO Urban Bus,Urban,5052,0,0.5,1,1.1
VECTO-URBAN,EU VECTO Urban Bus,Urban,5053,0,0.5,1,1.1
VECTO-URBAN,EU VECTO Urban Bus,Urban,5054,0,0.5,1,1.1
VECTO-URBAN,EU VECTO Urban Bus,Urban,5055,0,0.5,1,1.1
VECTO-URBAN,EU VECTO Urban Bus,Urban,5056,0,0.5,1,1.1
VECTO-URBAN,EU VECTO Urban Bus,Urban,5057,0,0.5,1,1.1
VECTO-URBAN,EU VECTO Urban Bus,Urban,5058,0,0.5,1,1.1
VECTO-URBAN,EU VECTO Urban Bus,Urban,5059,0,0.5,1,1.1
VECTO-URBAN,EU VECTO Urban Bus,Urban,5060,0,0.5,1,1.1
VECTO-URBAN,EU VECTO Urban Bus,Urban,5061,0,0.5,1,1.1
VECTO-URBAN,EU VECTO Urban Bus,Urban,5062,0,0.5,1,1.1
VECTO-URBAN,EU VECTO Urban Bus,Urban,5063,0,0.5,1,1.1
VECTO-URBAN,EU VECTO Urban Bus,Urban,5064,0,0.5,1,1.1
VECTO-URBAN,EU VECTO Urban Bus,Urban,5065,0,0.5,1,1.1
VECTO-URBAN,EU VECTO Urban Bus,Urban,5066,0,0.5,1,1.1
VECTO-URBAN,EU VECTO Urban Bus,Urban,5067,0,0.5,1,1.1
VECTO-URBAN,EU VECTO Urban Bus,Urban,5068,0,0.5,1,1.1
VECTO-URBAN,EU VECTO Urban Bus,Urban,5069,0,0.5,1,1.1
VECTO-URBAN,EU VECTO Urban Bus,Urban,5070,0,0.5,1,1.1
VECTO-URBAN,EU VECTO Urban Bus,Urban,5071,0,0.5,1,1.1
VECTO-URBAN,EU VECTO Urban Bus,Urban,5072,0,0.5,1,1.1
VECTO-URBAN,EU VECTO Urban Bus,Urban,5073,0,0.5,1,1.1
VECTO-URBAN,EU VECTO Urban Bus,Urban,5074,0,0.5,1,1.1
VECTO-URBAN,EU VECTO Urban Bus,Urban,5075,0,0.5,1,1.1
VECTO-URBAN,EU VECTO Urban Bus,Urban,5076,0,0.5,1,1.1
VECTO-URBAN,EU VECTO Urban Bus,Urban,5077,0,0.5,1,1.1
VECTO-URBAN,EU VECTO Urban Bus,Urban,5078,0,0.5,1,1.1
VECTO-URBAN,EU VECTO Urban Bus,Urban,5079,0,0.5,1,1.1
VECTO-URBAN,EU VECTO Urban Bus,Urban,5080,0,0.5,1,1.1
VECTO-URBAN,EU VECTO Urban Bus,Urban,5081,0,0.5,1,1.1
VECTO-URBAN,EU VECTO Urban Bus,Urban,5082,0,0.5,0,1
VECTO-URBAN,EU VECTO Urban Bus,Urban,5083,3.6,0.5,0,1
VECTO-URBAN,EU VECTO Urban Bus,Urban,5084,7.2,0.49,0,1
VECTO-URBAN,EU VECTO Urban Bus,Urban,5085,10.8,0.465,0,1
VECTO-URBAN,EU VECTO Urban Bus,Urban,5086,14.4,0.43,0,1
VECTO-URBAN,EU VECTO Urban Bus,Urban,5087,14.7,0.395659722222217,0,1
VECTO-URBAN,EU VECTO Urban Bus,Urban,5088,14.7,0.378645833333333,0,1
VECTO-URBAN,EU VECTO Urban Bus,Urban,5089,14.7,0.36163194444445,0,1
VECTO-URBAN,EU VECTO Urban Bus,Urban,5090,14.7,0.344618055555566,0,1
VECTO-URBAN,EU VECTO Urban Bus,Urban,5091,14.7,0.327604166666682,0,1
VECTO-URBAN,EU VECTO Urban Bus,Urban,5092,17.3079545454517,0.309081044823248,0,1
VECTO-URBAN,EU VECTO Urban Bus,Urban,5093,20.7431516873248,0.3,0,1
VECTO-URBAN,EU VECTO Urban Bus,Urban,5094,23.2131589069255,0.3,0,1
VECTO-URBAN,EU VECTO Urban Bus,Urban,5095,23.2513154265386,0.270850828380299,0,1
VECTO-URBAN,EU VECTO Urban Bus,Urban,5096,23.2916491716197,0.230448949388847,0,1
VECTO-URBAN,EU VECTO Urban Bus,Urban,5097,23.3,0.203331730172355,0,1
VECTO-URBAN,EU VECTO Urban Bus,Urban,5098,23.3,0.216815526468652,0,1
VECTO-URBAN,EU VECTO Urban Bus,Urban,5099,23.3,0.230299322764949,0,1
VECTO-URBAN,EU VECTO Urban Bus,Urban,5100,23.3,0.243783119061247,0,1
VECTO-URBAN,EU VECTO Urban Bus,Urban,5101,23.3,0.257266915357544,0,1
VECTO-URBAN,EU VECTO Urban Bus,Urban,5102,23.3,0.270750711653841,0,1
VECTO-URBAN,EU VECTO Urban Bus,Urban,5103,23.3,0.284234507950138,0,1
VECTO-URBAN,EU VECTO Urban Bus,Urban,5104,21.5566625984859,0.297213866340902,0,1
VECTO-URBAN,EU VECTO Urban Bus,Urban,5105,19.5325311687266,0.3,0,1
VECTO-URBAN,EU VECTO Urban Bus,Urban,5106,20.6738976622604,0.32471071586142,0,1
VECTO-URBAN,EU VECTO Urban Bus,Urban,5107,21.7907429075654,0.361572383022735,0,1
VECTO-URBAN,EU VECTO Urban Bus,Urban,5108,22.2,0.399758791796671,0,1
VECTO-URBAN,EU VECTO Urban Bus,Urban,5109,22.2,0.380232021438273,0,1
VECTO-URBAN,EU VECTO Urban Bus,Urban,5110,22.2,0.36033954831999,0,1
VECTO-URBAN,EU VECTO Urban Bus,Urban,5111,22.2,0.340447075201706,0,1
VECTO-URBAN,EU VECTO Urban Bus,Urban,5112,22.2,0.320554602083423,0,1
VECTO-URBAN,EU VECTO Urban Bus,Urban,5113,17.52,0.302758903158692,0,1
VECTO-URBAN,EU VECTO Urban Bus,Urban,5114,12.84,0.257982416406594,0,1
VECTO-URBAN,EU VECTO Urban Bus,Urban,5115,8.16,0.221524083073246,0,1
VECTO-URBAN,EU VECTO Urban Bus,Urban,5116,11.76,0.2,0,1
VECTO-URBAN,EU VECTO Urban Bus,Urban,5117,7.08,0.2,0,1
VECTO-URBAN,EU VECTO Urban Bus,Urban,5118,2.4,0.2,0,1
VECTO-URBAN,EU VECTO Urban Bus,Urban,5119,0,0.2,1,1.1
VECTO-URBAN,EU VECTO Urban Bus,Urban,5120,0,0.2,1,1.1
VECTO-URBAN,EU VECTO Urban Bus,Urban,5121,0,0.2,1,1.1
VECTO-URBAN,EU VECTO Urban Bus,Urban,5122,0,0.2,1,1.1
VECTO-URBAN,EU VECTO Urban Bus,Urban,5123,0,0.2,1,1.1
VECTO-URBAN,EU VECTO Urban Bus,Urban,5124,0,0.2,1,1.1
VECTO-URBAN,EU VECTO Urban Bus,Urban,5125,0,0.2,1,1.1
VECTO-URBAN,EU VECTO Urban Bus,Urban,5126,0,0.2,1,1.1
VECTO-URBAN,EU VECTO Urban Bus,Urban,5127,0,0.2,1,1.1
VECTO-URBAN,EU VECTO Urban Bus,Urban,5128,0,0.2,1,1.1
VECTO-URBAN,EU VECTO Urban Bus,Urban,5129,0,0.2,1,1.1
VECTO-URBAN,EU VECTO Urban Bus,Urban,5130,0,0.2,1,1.1
VECTO-URBAN,EU VECTO Urban Bus,Urban,5131,0,0.2,1,1.1
VECTO-URBAN,EU VECTO Urban Bus,Urban,5132,0,0.2,1,1.1
VECTO-URBAN,EU VECTO Urban Bus,Urban,5133,0,0.2,1,1.1
VECTO-URBAN,EU VECTO Urban Bus,Urban,5134,0,0.2,1,1.1
VECTO-URBAN,EU VECTO Urban Bus,Urban,5135,0,0.2,1,1.1
VECTO-URBAN,EU VECTO Urban Bus,Urban,5136,0,0.2,1,1.1
VECTO-URBAN,EU VECTO Urban Bus,Urban,5137,0,0.2,1,1.1
VECTO-URBAN,EU VECTO Urban Bus,Urban,5138,0,0.2,1,1.1
VECTO-URBAN,EU VECTO Urban Bus,Urban,5139,0,0.2,1,1.1
VECTO-URBAN,EU VECTO Urban Bus,Urban,5140,0,0.2,1,1.1
VECTO-URBAN,EU VECTO Urban Bus,Urban,5141,0,0.2,1,1.1
VECTO-URBAN,EU VECTO Urban Bus,Urban,5142,0,0.2,1,1.1
VECTO-URBAN,EU VECTO Urban Bus,Urban,5143,0,0.2,1,1.1
VECTO-URBAN,EU VECTO Urban Bus,Urban,5144,0,0.2,1,1.1
VECTO-URBAN,EU VECTO Urban Bus,Urban,5145,0,0.2,1,1.1
VECTO-URBAN,EU VECTO Urban Bus,Urban,5146,0,0.2,0,1
VECTO-URBAN,EU VECTO Urban Bus,Urban,5147,3.6,0.2,0,1
VECTO-URBAN,EU VECTO Urban Bus,Urban,5148,7.2,0.1,0,1
VECTO-URBAN,EU VECTO Urban Bus,Urban,5149,10.8,0.0166666666666667,0,1
VECTO-URBAN,EU VECTO Urban Bus,Urban,5150,14.4,-0.1,0,1
VECTO-URBAN,EU VECTO Urban Bus,Urban,5151,18,-0.25,0,1
VECTO-URBAN,EU VECTO Urban Bus,Urban,5152,21.6,-0.45,0,1
VECTO-URBAN,EU VECTO Urban Bus,Urban,5153,22.6,-0.71388888888905,0,1
VECTO-URBAN,EU VECTO Urban Bus,Urban,5154,22.6,-1.02083333333339,0,1
VECTO-URBAN,EU VECTO Urban Bus,Urban,5155,22.6,-1.32314814814818,0,1
VECTO-URBAN,EU VECTO Urban Bus,Urban,5156,22.6,-1.59861111111113,0,1
VECTO-URBAN,EU VECTO Urban Bus,Urban,5157,21.120833333333,-1.75111400462965,0,1
VECTO-URBAN,EU VECTO Urban Bus,Urban,5158,16.6,-1.8,0,1
VECTO-URBAN,EU VECTO Urban Bus,Urban,5159,16.6,-1.8,0,1
VECTO-URBAN,EU VECTO Urban Bus,Urban,5160,20.2,-1.62485532407409,0,1
VECTO-URBAN,EU VECTO Urban Bus,Urban,5161,23,-1.34971064814818,0,1
VECTO-URBAN,EU VECTO Urban Bus,Urban,5162,23,-0.88026620370365,0,1
VECTO-URBAN,EU VECTO Urban Bus,Urban,5163,23,-0.160821759259125,0,1
VECTO-URBAN,EU VECTO Urban Bus,Urban,5164,23,0.634490740741603,0,1
VECTO-URBAN,EU VECTO Urban Bus,Urban,5165,23,1.7122685185197,0,1
VECTO-URBAN,EU VECTO Urban Bus,Urban,5166,18.32,2.63002314814876,0,1
VECTO-URBAN,EU VECTO Urban Bus,Urban,5167,13.64,3.44782407407547,0,1
VECTO-URBAN,EU VECTO Urban Bus,Urban,5168,8.96,3.87560185185357,0,1
VECTO-URBAN,EU VECTO Urban Bus,Urban,5169,12.56,4.37337962963138,0,1
VECTO-URBAN,EU VECTO Urban Bus,Urban,5170,7.88,4.7,0,1
VECTO-URBAN,EU VECTO Urban Bus,Urban,5171,3.2,4.7,0,1
VECTO-URBAN,EU VECTO Urban Bus,Urban,5172,0,4.7,1,1.1
VECTO-URBAN,EU VECTO Urban Bus,Urban,5173,0,4.7,1,1.1
VECTO-URBAN,EU VECTO Urban Bus,Urban,5174,0,4.7,1,1.1
VECTO-URBAN,EU VECTO Urban Bus,Urban,5175,0,4.7,1,1.1
VECTO-URBAN,EU VECTO Urban Bus,Urban,5176,0,4.7,1,1.1
VECTO-URBAN,EU VECTO Urban Bus,Urban,5177,0,4.7,1,1.1
VECTO-URBAN,EU VECTO Urban Bus,Urban,5178,0,4.7,1,1.1
VECTO-URBAN,EU VECTO Urban Bus,Urban,5179,0,4.7,1,1.1
VECTO-URBAN,EU VECTO Urban Bus,Urban,5180,0,4.7,1,1.1
VECTO-URBAN,EU VECTO Urban Bus,Urban,5181,0,4.7,1,1.1
VECTO-URBAN,EU VECTO Urban Bus,Urban,5182,0,4.7,1,1.1
VECTO-URBAN,EU VECTO Urban Bus,Urban,5183,0,4.7,1,1.1
VECTO-URBAN,EU VECTO Urban Bus,Urban,5184,0,4.7,1,1.1
VECTO-URBAN,EU VECTO Urban Bus,Urban,5185,0,4.7,1,1.1
VECTO-URBAN,EU VECTO Urban Bus,Urban,5186,0,4.7,1,1.1
VECTO-URBAN,EU VECTO Urban Bus,Urban,5187,0,4.7,1,1.1
VECTO-URBAN,EU VECTO Urban Bus,Urban,5188,0,4.7,1,1.1
VECTO-URBAN,EU VECTO Urban Bus,Urban,5189,0,4.7,1,1.1
VECTO-URBAN,EU VECTO Urban Bus,Urban,5190,0,4.7,1,1.1
VECTO-URBAN,EU VECTO Urban Bus,Urban,5191,0,4.7,1,1.1
VECTO-URBAN,EU VECTO Urban Bus,Urban,5192,0,4.7,1,1.1
VECTO-URBAN,EU VECTO Urban Bus,Urban,5193,0,4.7,1,1.1
VECTO-URBAN,EU VECTO Urban Bus,Urban,5194,0,4.7,1,1.1
VECTO-URBAN,EU VECTO Urban Bus,Urban,5195,0,4.7,1,1.1
VECTO-URBAN,EU VECTO Urban Bus,Urban,5196,0,4.7,1,1.1
VECTO-URBAN,EU VECTO Urban Bus,Urban,5197,0,4.7,1,1.1
VECTO-URBAN,EU VECTO Urban Bus,Urban,5198,0,4.7,1,1.1
VECTO-URBAN,EU VECTO Urban Bus,Urban,5199,0,4.7,1,1.1
VECTO-URBAN,EU VECTO Urban Bus,Urban,5200,0,4.7,1,1.1
VECTO-URBAN,EU VECTO Urban Bus,Urban,5201,0,4.7,1,1.1
VECTO-URBAN,EU VECTO Urban Bus,Urban,5202,0,4.7,1,1.1
VECTO-URBAN,EU VECTO Urban Bus,Urban,5203,0,4.7,1,1.1
VECTO-URBAN,EU VECTO Urban Bus,Urban,5204,0,4.7,1,1.1
VECTO-URBAN,EU VECTO Urban Bus,Urban,5205,0,4.7,1,1.1
VECTO-URBAN,EU VECTO Urban Bus,Urban,5206,0,4.7,1,1.1
VECTO-URBAN,EU VECTO Urban Bus,Urban,5207,0,4.7,1,1.1
VECTO-URBAN,EU VECTO Urban Bus,Urban,5208,0,4.7,1,1.1
VECTO-URBAN,EU VECTO Urban Bus,Urban,5209,0,4.7,0,1
VECTO-URBAN,EU VECTO Urban Bus,Urban,5210,3.6,4.7,0,1
VECTO-URBAN,EU VECTO Urban Bus,Urban,5211,7.2,4.9,0,1
VECTO-URBAN,EU VECTO Urban Bus,Urban,5212,10.8,5.25,0,1
VECTO-URBAN,EU VECTO Urban Bus,Urban,5213,14.4,5.6,0,1
VECTO-URBAN,EU VECTO Urban Bus,Urban,5214,15.9,5.91041666666661,0,1
VECTO-URBAN,EU VECTO Urban Bus,Urban,5215,15.9,6.065625,0,1
VECTO-URBAN,EU VECTO Urban Bus,Urban,5216,15.9,5.9739583333333,0,1
VECTO-URBAN,EU VECTO Urban Bus,Urban,5217,15.9,5.82708333333321,0,1
VECTO-URBAN,EU VECTO Urban Bus,Urban,5218,15.9458333333627,5.51186342592518,0,1
VECTO-URBAN,EU VECTO Urban Bus,Urban,5219,19.5458333333627,4.91892361110949,0,1
VECTO-URBAN,EU VECTO Urban Bus,Urban,5220,22.5,3.96990740740366,0,1
VECTO-URBAN,EU VECTO Urban Bus,Urban,5221,22.5,2.71990740740366,0,1
VECTO-URBAN,EU VECTO Urban Bus,Urban,5222,22.5,1.36990740740366,0,1
VECTO-URBAN,EU VECTO Urban Bus,Urban,5223,22.5,-0.0201388888945076,0,1
VECTO-URBAN,EU VECTO Urban Bus,Urban,5224,22.5,-1.43009259259634,0,1
VECTO-URBAN,EU VECTO Urban Bus,Urban,5225,26.1,-2.78009259259634,0,1
VECTO-URBAN,EU VECTO Urban Bus,Urban,5226,29.3,-4.10949074074269,0,1
VECTO-URBAN,EU VECTO Urban Bus,Urban,5227,29.3,-5.11168981481587,0,1
VECTO-URBAN,EU VECTO Urban Bus,Urban,5228,29.3,-5.5790895061736,0,1
VECTO-URBAN,EU VECTO Urban Bus,Urban,5229,29.3,-5.52488425925902,0,1
VECTO-URBAN,EU VECTO Urban Bus,Urban,5230,29.3,-5.1349537037011,0,1
VECTO-URBAN,EU VECTO Urban Bus,Urban,5231,29.3,-4.32106481481205,0,1
VECTO-URBAN,EU VECTO Urban Bus,Urban,5232,24.62,-3.3443518518463,0,1
VECTO-URBAN,EU VECTO Urban Bus,Urban,5233,19.94,-2.35328703703417,0,1
VECTO-URBAN,EU VECTO Urban Bus,Urban,5234,15.26,-1.42879629629024,0,1
VECTO-URBAN,EU VECTO Urban Bus,Urban,5235,10.58,-0.811018518512719,0,1
VECTO-URBAN,EU VECTO Urban Bus,Urban,5236,5.9,-0.376620370367527,0,1
VECTO-URBAN,EU VECTO Urban Bus,Urban,5237,9.50000000000001,-0.0254629629569536,0,1
VECTO-URBAN,EU VECTO Urban Bus,Urban,5238,4.82,0.3,0,1
VECTO-URBAN,EU VECTO Urban Bus,Urban,5239,0.140000000000004,0.3,1,1.1
VECTO-URBAN,EU VECTO Urban Bus,Urban,5240,0,0.3,1,1.1
VECTO-URBAN,EU VECTO Urban Bus,Urban,5241,0,0.3,1,1.1
VECTO-URBAN,EU VECTO Urban Bus,Urban,5242,0,0.3,1,1.1
VECTO-URBAN,EU VECTO Urban Bus,Urban,5243,0,0.3,1,1.1
VECTO-URBAN,EU VECTO Urban Bus,Urban,5244,0,0.3,1,1.1
VECTO-URBAN,EU VECTO Urban Bus,Urban,5245,0,0.3,1,1.1
VECTO-URBAN,EU VECTO Urban Bus,Urban,5246,0,0.3,1,1.1
VECTO-URBAN,EU VECTO Urban Bus,Urban,5247,0,0.3,1,1.1
VECTO-URBAN,EU VECTO Urban Bus,Urban,5248,0,0.3,0,1
VECTO-URBAN,EU VECTO Urban Bus,Urban,5249,3.6,0.3,0,1
VECTO-URBAN,EU VECTO Urban Bus,Urban,5250,7.2,0.6,0,1
VECTO-URBAN,EU VECTO Urban Bus,Urban,5251,10.8,1,0,1
VECTO-URBAN,EU VECTO Urban Bus,Urban,5252,14.4,1.5,0,1
VECTO-URBAN,EU VECTO Urban Bus,Urban,5253,18,2.2,0,1
VECTO-URBAN,EU VECTO Urban Bus,Urban,5254,21.6,2.8,0,1
VECTO-URBAN,EU VECTO Urban Bus,Urban,5255,25.2,3.375,0,1
VECTO-URBAN,EU VECTO Urban Bus,Urban,5256,28.8,3.9,0,1
VECTO-URBAN,EU VECTO Urban Bus,Urban,5257,32.4,3.95,0,1
VECTO-URBAN,EU VECTO Urban Bus,Urban,5258,36,3.75,0,1
VECTO-URBAN,EU VECTO Urban Bus,Urban,5259,36.8,3.19444444444453,0,1
VECTO-URBAN,EU VECTO Urban Bus,Urban,5260,36.8,2.33333333333339,0,1
VECTO-URBAN,EU VECTO Urban Bus,Urban,5261,36.8,1.34444444444453,0,1
VECTO-URBAN,EU VECTO Urban Bus,Urban,5262,36.8,0.322222222222263,0,1
VECTO-URBAN,EU VECTO Urban Bus,Urban,5263,36.8,-0.6,0,1
VECTO-URBAN,EU VECTO Urban Bus,Urban,5264,36.8,-1.51111111111113,0,1
VECTO-URBAN,EU VECTO Urban Bus,Urban,5265,36.8,-2.22222222222226,0,1
VECTO-URBAN,EU VECTO Urban Bus,Urban,5266,36.8,-2.73333333333339,0,1
VECTO-URBAN,EU VECTO Urban Bus,Urban,5267,36.8,-3.09722222222226,0,1
VECTO-URBAN,EU VECTO Urban Bus,Urban,5268,36.8,-3.14814814814811,0,1
VECTO-URBAN,EU VECTO Urban Bus,Urban,5269,36.8,-2.96666666666661,0,1
VECTO-URBAN,EU VECTO Urban Bus,Urban,5270,36.8,-2.58148148148139,0,1
VECTO-URBAN,EU VECTO Urban Bus,Urban,5271,36.8,-2.01111111111095,0,1
VECTO-URBAN,EU VECTO Urban Bus,Urban,5272,32.12,-1.36499999999978,0,1
VECTO-URBAN,EU VECTO Urban Bus,Urban,5273,27.44,-0.768888888888796,0,1
VECTO-URBAN,EU VECTO Urban Bus,Urban,5274,23.7,-0.227499999999782,0,1
VECTO-URBAN,EU VECTO Urban Bus,Urban,5275,23.7,0.265416666666715,0,1
VECTO-URBAN,EU VECTO Urban Bus,Urban,5276,23.7,0.689166666666642,0,1
VECTO-URBAN,EU VECTO Urban Bus,Urban,5277,23.7,1.02374999999993,0,1
VECTO-URBAN,EU VECTO Urban Bus,Urban,5278,19.02,1.31361111111109,0,1
VECTO-URBAN,EU VECTO Urban Bus,Urban,5279,22.6,1.47972222222224,0,1
VECTO-URBAN,EU VECTO Urban Bus,Urban,5280,22.6,1.46583333333333,0,1
VECTO-URBAN,EU VECTO Urban Bus,Urban,5281,22.6,1.42659722222222,0,1
VECTO-URBAN,EU VECTO Urban Bus,Urban,5282,22.6,1.3325925925926,0,1
VECTO-URBAN,EU VECTO Urban Bus,Urban,5283,22.6,1.12333333333336,0,1
VECTO-URBAN,EU VECTO Urban Bus,Urban,5284,22.6,0.742222222222335,0,1
VECTO-URBAN,EU VECTO Urban Bus,Urban,5285,22.6,0.314444444444598,0,1
VECTO-URBAN,EU VECTO Urban Bus,Urban,5286,22.6,-0.15666666666657,0,1
VECTO-URBAN,EU VECTO Urban Bus,Urban,5287,26.2,-0.795555555555438,0,1
VECTO-URBAN,EU VECTO Urban Bus,Urban,5288,29.8,-1.38444444444431,0,1
VECTO-URBAN,EU VECTO Urban Bus,Urban,5289,33.4,-2.07333333333318,0,1
VECTO-URBAN,EU VECTO Urban Bus,Urban,5290,35.2,-2.63314814814803,0,1
VECTO-URBAN,EU VECTO Urban Bus,Urban,5291,35.2,-2.93465277777773,0,1
VECTO-URBAN,EU VECTO Urban Bus,Urban,5292,35.2,-2.86812500000005,0,1
VECTO-URBAN,EU VECTO Urban Bus,Urban,5293,35.2,-2.66680555555567,0,1
VECTO-URBAN,EU VECTO Urban Bus,Urban,5294,35.2,-2.28944444444496,0,1
VECTO-URBAN,EU VECTO Urban Bus,Urban,5295,35.2,-1.80583333333361,0,1
VECTO-URBAN,EU VECTO Urban Bus,Urban,5296,35.2,-1.16694444444474,0,1
VECTO-URBAN,EU VECTO Urban Bus,Urban,5297,35.2,-0.628055555555875,0,1
VECTO-URBAN,EU VECTO Urban Bus,Urban,5298,35.2,-0.144583333333503,0,1
VECTO-URBAN,EU VECTO Urban Bus,Urban,5299,35.2,0.324861111110931,0,1
VECTO-URBAN,EU VECTO Urban Bus,Urban,5300,35.2,0.619305555555365,0,1
VECTO-URBAN,EU VECTO Urban Bus,Urban,5301,35.2,0.809166666666533,0,1
VECTO-URBAN,EU VECTO Urban Bus,Urban,5302,35.2,0.883971193415669,0,1
VECTO-URBAN,EU VECTO Urban Bus,Urban,5303,35.2,0.847757201646123,0,1
VECTO-URBAN,EU VECTO Urban Bus,Urban,5304,35.2,0.811543209876577,0,1
VECTO-URBAN,EU VECTO Urban Bus,Urban,5305,35.2,0.748760683760758,0,1
VECTO-URBAN,EU VECTO Urban Bus,Urban,5306,35.2,0.665611111111211,0,1
VECTO-URBAN,EU VECTO Urban Bus,Urban,5307,35.2,0.58107843137261,0,1
VECTO-URBAN,EU VECTO Urban Bus,Urban,5308,35.2,0.523562091503332,0,1
VECTO-URBAN,EU VECTO Urban Bus,Urban,5309,35.2,0.516977124182973,0,1
VECTO-URBAN,EU VECTO Urban Bus,Urban,5310,35.2,0.545735294117613,0,1
VECTO-URBAN,EU VECTO Urban Bus,Urban,5311,35.2,0.574493464052252,0,1
VECTO-URBAN,EU VECTO Urban Bus,Urban,5312,35.2,0.604094650205715,0,1
VECTO-URBAN,EU VECTO Urban Bus,Urban,5313,35.2,0.640308641975261,0,1
VECTO-URBAN,EU VECTO Urban Bus,Urban,5314,35.2,0.676522633744807,0,1
VECTO-URBAN,EU VECTO Urban Bus,Urban,5315,35.2,0.726452991452886,0,1
VECTO-URBAN,EU VECTO Urban Bus,Urban,5316,35.2,0.802708333333158,0,1
VECTO-URBAN,EU VECTO Urban Bus,Urban,5317,35.2,0.933240740740499,0,1
VECTO-URBAN,EU VECTO Urban Bus,Urban,5318,35.2,1.09620370370346,0,1
VECTO-URBAN,EU VECTO Urban Bus,Urban,5319,35.2,1.36374999999962,0,1
VECTO-URBAN,EU VECTO Urban Bus,Urban,5320,35.2,1.73319444444405,0,1
VECTO-URBAN,EU VECTO Urban Bus,Urban,5321,35.2,2.15527777777697,0,1
VECTO-URBAN,EU VECTO Urban Bus,Urban,5322,30.52,2.6233333333319,0,1
VECTO-URBAN,EU VECTO Urban Bus,Urban,5323,25.84,3.03537037036986,0,1
VECTO-URBAN,EU VECTO Urban Bus,Urban,5324,21.16,3.35296296296243,0,1
VECTO-URBAN,EU VECTO Urban Bus,Urban,5325,16.48,3.56055555555504,0,1
VECTO-URBAN,EU VECTO Urban Bus,Urban,5326,11.8,3.691481481481,0,1
VECTO-URBAN,EU VECTO Urban Bus,Urban,5327,7.12,3.74744444444419,0,1
VECTO-URBAN,EU VECTO Urban Bus,Urban,5328,2.44,3.77399999999972,0,1
VECTO-URBAN,EU VECTO Urban Bus,Urban,5329,6.04,3.7975555555553,0,1
VECTO-URBAN,EU VECTO Urban Bus,Urban,5330,1.36,3.8,0,1
VECTO-URBAN,EU VECTO Urban Bus,Urban,5331,0,3.8,1,1.1
VECTO-URBAN,EU VECTO Urban Bus,Urban,5332,0,3.8,1,1.1
VECTO-URBAN,EU VECTO Urban Bus,Urban,5333,0,3.8,1,1.1
VECTO-URBAN,EU VECTO Urban Bus,Urban,5334,0,3.8,1,1.1
VECTO-URBAN,EU VECTO Urban Bus,Urban,5335,0,3.8,0,1
VECTO-URBAN,EU VECTO Urban Bus,Urban,5336,3.6,3.8,0,1
VECTO-URBAN,EU VECTO Urban Bus,Urban,5337,7.2,3.8,0,1
VECTO-URBAN,EU VECTO Urban Bus,Urban,5338,10.8,3.71666666666667,0,1
VECTO-URBAN,EU VECTO Urban Bus,Urban,5339,14.4,3.64,0,1
VECTO-URBAN,EU VECTO Urban Bus,Urban,5340,18,3.5375,0,1
VECTO-URBAN,EU VECTO Urban Bus,Urban,5341,21.6,3.3,0,1
VECTO-URBAN,EU VECTO Urban Bus,Urban,5342,25.2,2.85,0,1
VECTO-URBAN,EU VECTO Urban Bus,Urban,5343,26.5,2.16597222222226,0,1
VECTO-URBAN,EU VECTO Urban Bus,Urban,5344,26.5,1.29791666666679,0,1
VECTO-URBAN,EU VECTO Urban Bus,Urban,5345,26.5,0.479861111111313,0,1
VECTO-URBAN,EU VECTO Urban Bus,Urban,5346,26.5,-0.238194444444161,0,1
VECTO-URBAN,EU VECTO Urban Bus,Urban,5347,26.5,-0.924999999998545,0,1
VECTO-URBAN,EU VECTO Urban Bus,Urban,5348,26.5,-1.48287037037007,0,1
VECTO-URBAN,EU VECTO Urban Bus,Urban,5349,26.5,-1.79490740740706,0,1
VECTO-URBAN,EU VECTO Urban Bus,Urban,5350,26.5,-1.73993055555566,0,1
VECTO-URBAN,EU VECTO Urban Bus,Urban,5351,21.82,-1.6360185185189,0,1
VECTO-URBAN,EU VECTO Urban Bus,Urban,5352,17.14,-1.43347222222274,0,1
VECTO-URBAN,EU VECTO Urban Bus,Urban,5353,12.46,-1.17791666666726,0,1
VECTO-URBAN,EU VECTO Urban Bus,Urban,5354,7.78,-0.9747222222235,0,1
VECTO-URBAN,EU VECTO Urban Bus,Urban,5355,3.1,-0.861805555556202,0,1
VECTO-URBAN,EU VECTO Urban Bus,Urban,5356,6.7,-0.787500000001455,0,1
VECTO-URBAN,EU VECTO Urban Bus,Urban,5357,2.02,-0.7,0,1
VECTO-URBAN,EU VECTO Urban Bus,Urban,5358,0,-0.7,1,1.1
VECTO-URBAN,EU VECTO Urban Bus,Urban,5359,0,-0.7,1,1.1
VECTO-URBAN,EU VECTO Urban Bus,Urban,5360,0,-0.7,1,1.1
VECTO-URBAN,EU VECTO Urban Bus,Urban,5361,0,-0.7,1,1.1
VECTO-URBAN,EU VECTO Urban Bus,Urban,5362,0,-0.7,1,1.1
VECTO-URBAN,EU VECTO Urban Bus,Urban,5363,0,-0.7,1,1.1
VECTO-URBAN,EU VECTO Urban Bus,Urban,5364,0,-0.7,1,1.1
VECTO-URBAN,EU VECTO Urban Bus,Urban,5365,0,-0.7,1,1.1
VECTO-URBAN,EU VECTO Urban Bus,Urban,5366,0,-0.7,1,1.1
VECTO-URBAN,EU VECTO Urban Bus,Urban,5367,0,-0.7,1,1.1
VECTO-URBAN,EU VECTO Urban Bus,Urban,5368,0,-0.7,1,1.1
VECTO-URBAN,EU VECTO Urban Bus,Urban,5369,0,-0.7,1,1.1
VECTO-URBAN,EU VECTO Urban Bus,Urban,5370,0,-0.7,1,1.1
VECTO-URBAN,EU VECTO Urban Bus,Urban,5371,0,-0.7,1,1.1
VECTO-URBAN,EU VECTO Urban Bus,Urban,5372,0,-0.7,1,1.1
VECTO-URBAN,EU VECTO Urban Bus,Urban,5373,0,-0.7,1,1.1
VECTO-URBAN,EU VECTO Urban Bus,Urban,5374,0,-0.7,1,1.1
VECTO-URBAN,EU VECTO Urban Bus,Urban,5375,0,-0.7,1,1.1
VECTO-URBAN,EU VECTO Urban Bus,Urban,5376,0,-0.7,1,1.1
VECTO-URBAN,EU VECTO Urban Bus,Urban,5377,0,-0.7,1,1.1
VECTO-URBAN,EU VECTO Urban Bus,Urban,5378,0,-0.7,1,1.1
VECTO-URBAN,EU VECTO Urban Bus,Urban,5379,0,-0.7,1,1.1
VECTO-URBAN,EU VECTO Urban Bus,Urban,5380,0,-0.7,1,1.1
VECTO-URBAN,EU VECTO Urban Bus,Urban,5381,0,-0.7,1,1.1
VECTO-URBAN,EU VECTO Urban Bus,Urban,5382,0,-0.7,1,1.1
VECTO-URBAN,EU VECTO Urban Bus,Urban,5383,0,-0.7,1,1.1
VECTO-URBAN,EU VECTO Urban Bus,Urban,5384,0,-0.7,1,1.1
VECTO-URBAN,EU VECTO Urban Bus,Urban,5385,0,-0.7,1,1.1
VECTO-URBAN,EU VECTO Urban Bus,Urban,5386,0,-0.7,1,1.1
VECTO-URBAN,EU VECTO Urban Bus,Urban,5387,0,-0.7,1,1.1
VECTO-URBAN,EU VECTO Urban Bus,Urban,5388,0,-0.7,1,1.1
VECTO-URBAN,EU VECTO Urban Bus,Urban,5389,0,-0.7,1,1.1
VECTO-URBAN,EU VECTO Urban Bus,Urban,5390,0,-0.7,1,1.1
VECTO-URBAN,EU VECTO Urban Bus,Urban,5391,0,-0.7,1,1.1
VECTO-URBAN,EU VECTO Urban Bus,Urban,5392,0,-0.7,1,1.1
VECTO-URBAN,EU VECTO Urban Bus,Urban,5393,0,-0.7,1,1.1
VECTO-URBAN,EU VECTO Urban Bus,Urban,5394,0,-0.7,0,1
VECTO-URBAN,EU VECTO Urban Bus,Urban,5395,3.6,-0.7,0,1
VECTO-URBAN,EU VECTO Urban Bus,Urban,5396,7.2,-0.5,0,1
VECTO-URBAN,EU VECTO Urban Bus,Urban,5397,10.8,-0.375,0,1
VECTO-URBAN,EU VECTO Urban Bus,Urban,5398,14.4,-0.15,0,1
VECTO-URBAN,EU VECTO Urban Bus,Urban,5399,18,0.175,0,1
VECTO-URBAN,EU VECTO Urban Bus,Urban,5400,21.6,0.5,0,1
VECTO-URBAN,EU VECTO Urban Bus,Urban,5401,25.2,0.783333333333333,0,1
VECTO-URBAN,EU VECTO Urban Bus,Urban,5402,28.8,0.875,0,1
VECTO-URBAN,EU VECTO Urban Bus,Urban,5403,31.8,0.822395833333326,0,1
VECTO-URBAN,EU VECTO Urban Bus,Urban,5404,31.8,0.691666666666667,0,1
VECTO-URBAN,EU VECTO Urban Bus,Urban,5405,31.8,0.363888888888929,0,1
VECTO-URBAN,EU VECTO Urban Bus,Urban,5406,31.8,0.00208333333339397,0,1
VECTO-URBAN,EU VECTO Urban Bus,Urban,5407,31.8,-0.437499999999818,0,1
VECTO-URBAN,EU VECTO Urban Bus,Urban,5408,31.8,-0.719444444444283,0,1
VECTO-URBAN,EU VECTO Urban Bus,Urban,5409,31.8,-0.956944444444343,0,1
VECTO-URBAN,EU VECTO Urban Bus,Urban,5410,27.12,-1.1,0,1
VECTO-URBAN,EU VECTO Urban Bus,Urban,5411,30.72,-1.1,0,1
VECTO-URBAN,EU VECTO Urban Bus,Urban,5412,33.9,-1.03992424242431,0,1
VECTO-URBAN,EU VECTO Urban Bus,Urban,5413,33.9,-0.944166666666731,0,1
VECTO-URBAN,EU VECTO Urban Bus,Urban,5414,33.9,-0.822261904761971,0,1
VECTO-URBAN,EU VECTO Urban Bus,Urban,5415,33.9,-0.673452380952429,0,1
VECTO-URBAN,EU VECTO Urban Bus,Urban,5416,33.9,-0.538928571428603,0,1
VECTO-URBAN,EU VECTO Urban Bus,Urban,5417,33.9,-0.433083333333343,0,1
VECTO-URBAN,EU VECTO Urban Bus,Urban,5418,33.9,-0.332129629629627,0,1
VECTO-URBAN,EU VECTO Urban Bus,Urban,5419,33.9,-0.25649999999999,0,1
VECTO-URBAN,EU VECTO Urban Bus,Urban,5420,33.9,-0.19275641025639,0,1
VECTO-URBAN,EU VECTO Urban Bus,Urban,5421,33.9,-0.120320512820483,0,1
VECTO-URBAN,EU VECTO Urban Bus,Urban,5422,33.9,-0.00321428571421295,0,1
VECTO-URBAN,EU VECTO Urban Bus,Urban,5423,33.9,0.163833333333459,0,1
VECTO-URBAN,EU VECTO Urban Bus,Urban,5424,33.9,0.372166666666817,0,1
VECTO-URBAN,EU VECTO Urban Bus,Urban,5425,29.22,0.679166666666909,0,1
VECTO-URBAN,EU VECTO Urban Bus,Urban,5426,24.54,0.961388888889148,0,1
VECTO-URBAN,EU VECTO Urban Bus,Urban,5427,19.86,1.20027777777808,0,1
VECTO-URBAN,EU VECTO Urban Bus,Urban,5428,23.46,1.43416666666696,0,1
VECTO-URBAN,EU VECTO Urban Bus,Urban,5429,18.78,1.62229166666684,0,1
VECTO-URBAN,EU VECTO Urban Bus,Urban,5430,14.1,1.7,0,1
VECTO-URBAN,EU VECTO Urban Bus,Urban,5431,9.42,1.7,0,1
VECTO-URBAN,EU VECTO Urban Bus,Urban,5432,4.74,1.7,0,1
VECTO-URBAN,EU VECTO Urban Bus,Urban,5433,0.0599999999999982,1.7,1,1.1
VECTO-URBAN,EU VECTO Urban Bus,Urban,5434,0,1.7,1,1.1
VECTO-URBAN,EU VECTO Urban Bus,Urban,5435,0,1.7,1,1.1
VECTO-URBAN,EU VECTO Urban Bus,Urban,5436,0,1.7,1,1.1
VECTO-URBAN,EU VECTO Urban Bus,Urban,5437,0,1.7,1,1.1
VECTO-URBAN,EU VECTO Urban Bus,Urban,5438,0,1.7,1,1.1
VECTO-URBAN,EU VECTO Urban Bus,Urban,5439,0,1.7,1,1.1
VECTO-URBAN,EU VECTO Urban Bus,Urban,5440,0,1.7,1,1.1
VECTO-URBAN,EU VECTO Urban Bus,Urban,5441,0,1.7,1,1.1
VECTO-URBAN,EU VECTO Urban Bus,Urban,5442,0,1.7,1,1.1
VECTO-URBAN,EU VECTO Urban Bus,Urban,5443,0,1.7,1,1.1
VECTO-URBAN,EU VECTO Urban Bus,Urban,5444,0,1.7,1,1.1
VECTO-URBAN,EU VECTO Urban Bus,Urban,5445,0,1.7,1,1.1
VECTO-URBAN,EU VECTO Urban Bus,Urban,5446,0,1.7,1,1.1
VECTO-URBAN,EU VECTO Urban Bus,Urban,5447,0,1.7,1,1.1
VECTO-URBAN,EU VECTO Urban Bus,Urban,5448,0,1.7,1,1.1
VECTO-URBAN,EU VECTO Urban Bus,Urban,5449,0,1.7,1,1.1
VECTO-URBAN,EU VECTO Urban Bus,Urban,5450,0,1.7,1,1.1
VECTO-URBAN,EU VECTO Urban Bus,Urban,5451,0,1.7,1,1.1
VECTO-URBAN,EU VECTO Urban Bus,Urban,5452,0,1.7,1,1.1
VECTO-URBAN,EU VECTO Urban Bus,Urban,5453,0,1.7,1,1.1
VECTO-URBAN,EU VECTO Urban Bus,Urban,5454,0,1.7,1,1.1
VECTO-URBAN,EU VECTO Urban Bus,Urban,5455,0,1.7,1,1.1
VECTO-URBAN,EU VECTO Urban Bus,Urban,5456,0,1.7,1,1.1
VECTO-URBAN,EU VECTO Urban Bus,Urban,5457,0,1.7,1,1.1
VECTO-URBAN,EU VECTO Urban Bus,Urban,5458,0,1.7,1,1.1
VECTO-URBAN,EU VECTO Urban Bus,Urban,5459,0,1.7,1,1.1
VECTO-URBAN,EU VECTO Urban Bus,Urban,5460,0,1.7,1,1.1
VECTO-URBAN,EU VECTO Urban Bus,Urban,5461,0,1.7,1,1.1
VECTO-URBAN,EU VECTO Urban Bus,Urban,5462,0,1.7,1,1.1
VECTO-URBAN,EU VECTO Urban Bus,Urban,5463,0,1.7,1,1.1
VECTO-URBAN,EU VECTO Urban Bus,Urban,5464,0,1.7,1,1.1
VECTO-URBAN,EU VECTO Urban Bus,Urban,5465,0,1.7,1,1.1
VECTO-URBAN,EU VECTO Urban Bus,Urban,5466,0,1.7,0,1
VECTO-URBAN,EU VECTO Urban Bus,Urban,5467,3.6,1.7,0,1
VECTO-URBAN,EU VECTO Urban Bus,Urban,5468,7.2,1.7,0,1
VECTO-URBAN,EU VECTO Urban Bus,Urban,5469,10.8,1.7,0,1
VECTO-URBAN,EU VECTO Urban Bus,Urban,5470,14.4,1.7,0,1
VECTO-URBAN,EU VECTO Urban Bus,Urban,5471,18,1.7,0,1
VECTO-URBAN,EU VECTO Urban Bus,Urban,5472,21.6,1.7,0,1
VECTO-URBAN,EU VECTO Urban Bus,Urban,5473,25.2,1.5625,0,1
VECTO-URBAN,EU VECTO Urban Bus,Urban,5474,28.8,1.26666666666667,0,1
VECTO-URBAN,EU VECTO Urban Bus,Urban,5475,32.4,0.916666666666667,0,1
VECTO-URBAN,EU VECTO Urban Bus,Urban,5476,36,0.4,0,1
VECTO-URBAN,EU VECTO Urban Bus,Urban,5477,37,-0.156944444444525,0,1
VECTO-URBAN,EU VECTO Urban Bus,Urban,5478,37,-0.585416666666697,0,1
VECTO-URBAN,EU VECTO Urban Bus,Urban,5479,37,-0.984722222222263,0,1
VECTO-URBAN,EU VECTO Urban Bus,Urban,5480,37,-1.21972222222223,0,1
VECTO-URBAN,EU VECTO Urban Bus,Urban,5481,37,-1.2625,0,1
VECTO-URBAN,EU VECTO Urban Bus,Urban,5482,37,-1.14065656565657,0,1
VECTO-URBAN,EU VECTO Urban Bus,Urban,5483,37,-0.954861111111131,0,1
VECTO-URBAN,EU VECTO Urban Bus,Urban,5484,37,-0.595833333333394,0,1
VECTO-URBAN,EU VECTO Urban Bus,Urban,5485,32.32,-0.164444444444416,0,1
VECTO-URBAN,EU VECTO Urban Bus,Urban,5486,27.64,0.303888888888832,0,1
VECTO-URBAN,EU VECTO Urban Bus,Urban,5487,22.96,0.668888888888856,0,1
VECTO-URBAN,EU VECTO Urban Bus,Urban,5488,18.28,0.98972222222219,0,1
VECTO-URBAN,EU VECTO Urban Bus,Urban,5489,21.88,1.27907407407401,0,1
VECTO-URBAN,EU VECTO Urban Bus,Urban,5490,17.2,1.49333333333331,0,1
VECTO-URBAN,EU VECTO Urban Bus,Urban,5491,12.52,1.7,0,1
VECTO-URBAN,EU VECTO Urban Bus,Urban,5492,7.84,1.7,0,1
VECTO-URBAN,EU VECTO Urban Bus,Urban,5493,3.16,1.7,0,1
VECTO-URBAN,EU VECTO Urban Bus,Urban,5494,0,1.7,1,1.1
VECTO-URBAN,EU VECTO Urban Bus,Urban,5495,0,1.7,1,1.1
VECTO-URBAN,EU VECTO Urban Bus,Urban,5496,0,1.7,1,1.1
VECTO-URBAN,EU VECTO Urban Bus,Urban,5497,0,1.7,1,1.1
VECTO-URBAN,EU VECTO Urban Bus,Urban,5498,0,1.7,1,1.1
VECTO-URBAN,EU VECTO Urban Bus,Urban,5499,0,1.7,1,1.1
VECTO-URBAN,EU VECTO Urban Bus,Urban,5500,0,1.7,1,1.1
VECTO-URBAN,EU VECTO Urban Bus,Urban,5501,0,1.7,1,1.1
VECTO-URBAN,EU VECTO Urban Bus,Urban,5502,0,1.7,1,1.1
VECTO-URBAN,EU VECTO Urban Bus,Urban,5503,0,1.7,1,1.1
VECTO-URBAN,EU VECTO Urban Bus,Urban,5504,0,1.7,1,1.1
VECTO-URBAN,EU VECTO Urban Bus,Urban,5505,0,1.7,1,1.1
VECTO-URBAN,EU VECTO Urban Bus,Urban,5506,0,1.7,1,1.1
VECTO-URBAN,EU VECTO Urban Bus,Urban,5507,0,1.7,0,1
VECTO-URBAN,EU VECTO Urban Bus,Urban,5508,3.6,1.7,0,1
VECTO-URBAN,EU VECTO Urban Bus,Urban,5509,7.2,1.7,0,1
VECTO-URBAN,EU VECTO Urban Bus,Urban,5510,10.8,1.73571428571429,0,1
VECTO-URBAN,EU VECTO Urban Bus,Urban,5511,14.4,1.78571428571429,0,1
VECTO-URBAN,EU VECTO Urban Bus,Urban,5512,18,1.76111111111111,0,1
VECTO-URBAN,EU VECTO Urban Bus,Urban,5513,21.6,1.7,0,1
VECTO-URBAN,EU VECTO Urban Bus,Urban,5514,25.2,1.60714285714286,0,1
VECTO-URBAN,EU VECTO Urban Bus,Urban,5515,28.8,1.4,0,1
VECTO-URBAN,EU VECTO Urban Bus,Urban,5516,30.1,1.16064814814818,0,1
VECTO-URBAN,EU VECTO Urban Bus,Urban,5517,30.1,0.786458333333394,0,1
VECTO-URBAN,EU VECTO Urban Bus,Urban,5518,30.1,0.504861111111313,0,1
VECTO-URBAN,EU VECTO Urban Bus,Urban,5519,30.1,0.224537037037226,0,1
VECTO-URBAN,EU VECTO Urban Bus,Urban,5520,30.1,0.0275000000001455,0,1
VECTO-URBAN,EU VECTO Urban Bus,Urban,5521,30.1,-0.108964646464566,0,1
VECTO-URBAN,EU VECTO Urban Bus,Urban,5522,30.1,-0.184974747474652,0,1
VECTO-URBAN,EU VECTO Urban Bus,Urban,5523,30.1,-0.132916666666788,0,1
VECTO-URBAN,EU VECTO Urban Bus,Urban,5524,25.42,-0.1,0,1
VECTO-URBAN,EU VECTO Urban Bus,Urban,5525,20.74,-0.1,0,1
VECTO-URBAN,EU VECTO Urban Bus,Urban,5526,16.06,-0.1,0,1
VECTO-URBAN,EU VECTO Urban Bus,Urban,5527,11.38,-0.1,0,1
VECTO-URBAN,EU VECTO Urban Bus,Urban,5528,14.98,-0.1,0,1
VECTO-URBAN,EU VECTO Urban Bus,Urban,5529,10.3,-0.1,0,1
VECTO-URBAN,EU VECTO Urban Bus,Urban,5530,5.62,-0.1,0,1
VECTO-URBAN,EU VECTO Urban Bus,Urban,5531,0.940000000000002,-0.1,0,1
VECTO-URBAN,EU VECTO Urban Bus,Urban,5532,0,-0.1,1,1.1
VECTO-URBAN,EU VECTO Urban Bus,Urban,5533,0,-0.1,1,1.1
VECTO-URBAN,EU VECTO Urban Bus,Urban,5534,0,-0.1,1,1.1
VECTO-URBAN,EU VECTO Urban Bus,Urban,5535,0,-0.1,1,1.1
VECTO-URBAN,EU VECTO Urban Bus,Urban,5536,0,-0.1,1,1.1
VECTO-URBAN,EU VECTO Urban Bus,Urban,5537,0,-0.1,1,1.1
VECTO-URBAN,EU VECTO Urban Bus,Urban,5538,0,-0.1,1,1.1
VECTO-URBAN,EU VECTO Urban Bus,Urban,5539,0,-0.1,0,1
VECTO-URBAN,EU VECTO Urban Bus,Urban,5540,3.6,-0.1,0,1
VECTO-URBAN,EU VECTO Urban Bus,Urban,5541,7.2,-0.111111111111111,0,1
VECTO-URBAN,EU VECTO Urban Bus,Urban,5542,10.8,-0.138888888888889,0,1
VECTO-URBAN,EU VECTO Urban Bus,Urban,5543,14.4,-0.177777777777778,0,1
VECTO-URBAN,EU VECTO Urban Bus,Urban,5544,18,-0.241666666666667,0,1
VECTO-URBAN,EU VECTO Urban Bus,Urban,5545,21.6,-0.35,0,1
VECTO-URBAN,EU VECTO Urban Bus,Urban,5546,25.2,-0.49,0,1
VECTO-URBAN,EU VECTO Urban Bus,Urban,5547,28.8,-0.725,0,1
VECTO-URBAN,EU VECTO Urban Bus,Urban,5548,32.4,-0.9625,0,1
VECTO-URBAN,EU VECTO Urban Bus,Urban,5549,36,-1.225,0,1
VECTO-URBAN,EU VECTO Urban Bus,Urban,5550,38.6,-1.44722222222219,0,1
VECTO-URBAN,EU VECTO Urban Bus,Urban,5551,38.6,-1.6063725490196,0,1
VECTO-URBAN,EU VECTO Urban Bus,Urban,5552,38.6,-1.66944444444444,0,1
VECTO-URBAN,EU VECTO Urban Bus,Urban,5553,38.6,-1.68025793650794,0,1
VECTO-URBAN,EU VECTO Urban Bus,Urban,5554,38.6,-1.64196428571429,0,1
VECTO-URBAN,EU VECTO Urban Bus,Urban,5555,38.6,-1.60367063492063,0,1
VECTO-URBAN,EU VECTO Urban Bus,Urban,5556,38.6,-1.57230158730159,0,1
VECTO-URBAN,EU VECTO Urban Bus,Urban,5557,38.6,-1.54166666666666,0,1
VECTO-URBAN,EU VECTO Urban Bus,Urban,5558,38.6,-1.51103174603174,0,1
VECTO-URBAN,EU VECTO Urban Bus,Urban,5559,38.6,-1.45425925925925,0,1
VECTO-URBAN,EU VECTO Urban Bus,Urban,5560,38.6,-1.3677083333333,0,1
VECTO-URBAN,EU VECTO Urban Bus,Urban,5561,38.6,-1.24104938271602,0,1
VECTO-URBAN,EU VECTO Urban Bus,Urban,5562,38.6,-1.09953703703698,0,1
VECTO-URBAN,EU VECTO Urban Bus,Urban,5563,38.6,-0.920833333333273,0,1
VECTO-URBAN,EU VECTO Urban Bus,Urban,5564,38.6,-0.688194444444343,0,1
VECTO-URBAN,EU VECTO Urban Bus,Urban,5565,38.6,-0.436111111111022,0,1
VECTO-URBAN,EU VECTO Urban Bus,Urban,5566,38.6,-0.18166666666657,0,1
VECTO-URBAN,EU VECTO Urban Bus,Urban,5567,38.6,0.115972222222354,0,1
VECTO-URBAN,EU VECTO Urban Bus,Urban,5568,38.6,0.409027777777919,0,1
VECTO-URBAN,EU VECTO Urban Bus,Urban,5569,38.6,0.677083333333485,0,1
VECTO-URBAN,EU VECTO Urban Bus,Urban,5570,38.6,0.936111111111241,0,1
VECTO-URBAN,EU VECTO Urban Bus,Urban,5571,38.6,1.23819444444462,0,1
VECTO-URBAN,EU VECTO Urban Bus,Urban,5572,38.6,1.50625000000018,0,1
VECTO-URBAN,EU VECTO Urban Bus,Urban,5573,38.6,1.77430555555575,0,1
VECTO-URBAN,EU VECTO Urban Bus,Urban,5574,38.6,2.14236111111131,0,1
VECTO-URBAN,EU VECTO Urban Bus,Urban,5575,38.6,2.54166666666752,0,1
VECTO-URBAN,EU VECTO Urban Bus,Urban,5576,38.6,2.95694444444489,0,1
VECTO-URBAN,EU VECTO Urban Bus,Urban,5577,38.6,3.32870370370401,0,1
VECTO-URBAN,EU VECTO Urban Bus,Urban,5578,38.6,3.56547619047633,0,1
VECTO-URBAN,EU VECTO Urban Bus,Urban,5579,33.92,3.56680555555545,0,1
VECTO-URBAN,EU VECTO Urban Bus,Urban,5580,29.24,3.41430555555535,0,1
VECTO-URBAN,EU VECTO Urban Bus,Urban,5581,24.56,3.16999999999971,0,1
VECTO-URBAN,EU VECTO Urban Bus,Urban,5582,22.5,2.85638888888789,0,1
VECTO-URBAN,EU VECTO Urban Bus,Urban,5583,22.5,2.41569444444394,0,1
VECTO-URBAN,EU VECTO Urban Bus,Urban,5584,17.82,1.97138888888803,0,1
VECTO-URBAN,EU VECTO Urban Bus,Urban,5585,13.14,1.5413888888881,0,1
VECTO-URBAN,EU VECTO Urban Bus,Urban,5586,13.1288888890645,1.17654320987349,0,1
VECTO-URBAN,EU VECTO Urban Bus,Urban,5587,8.44888888906455,0.776851851843821,0,1
VECTO-URBAN,EU VECTO Urban Bus,Urban,5588,3.76888888906455,0.607160493814081,0,1
VECTO-URBAN,EU VECTO Urban Bus,Urban,5589,0,0.50962962959893,0,1
VECTO-URBAN,EU VECTO Urban Bus,Urban,5590,0,0.4,1,1.1
VECTO-URBAN,EU VECTO Urban Bus,Urban,5591,0,0.4,1,1.1
VECTO-URBAN,EU VECTO Urban Bus,Urban,5592,0,0.4,1,1.1
VECTO-URBAN,EU VECTO Urban Bus,Urban,5593,0,0.4,1,1.1
VECTO-URBAN,EU VECTO Urban Bus,Urban,5594,0,0.4,1,1.1
VECTO-URBAN,EU VECTO Urban Bus,Urban,5595,0,0.4,1,1.1
VECTO-URBAN,EU VECTO Urban Bus,Urban,5596,0,0.4,1,1.1
VECTO-URBAN,EU VECTO Urban Bus,Urban,5597,0,0.4,1,1.1
VECTO-URBAN,EU VECTO Urban Bus,Urban,5598,0,0.4,1,1.1
VECTO-URBAN,EU VECTO Urban Bus,Urban,5599,0,0.4,1,1.1
VECTO-URBAN,EU VECTO Urban Bus,Urban,5600,0,0.4,1,1.1
VECTO-URBAN,EU VECTO Urban Bus,Urban,5601,0,0.4,1,1.1
VECTO-URBAN,EU VECTO Urban Bus,Urban,5602,0,0.4,1,1.1
VECTO-URBAN,EU VECTO Urban Bus,Urban,5603,0,0.4,1,1.1
VECTO-URBAN,EU VECTO Urban Bus,Urban,5604,0,0.4,1,1.1
VECTO-URBAN,EU VECTO Urban Bus,Urban,5605,0,0.4,1,1.1
VECTO-URBAN,EU VECTO Urban Bus,Urban,5606,0,0.4,1,1.1
VECTO-URBAN,EU VECTO Urban Bus,Urban,5607,0,0.4,1,1.1
VECTO-URBAN,EU VECTO Urban Bus,Urban,5608,0,0.4,1,1.1
VECTO-URBAN,EU VECTO Urban Bus,Urban,5609,0,0.4,1,1.1
VECTO-URBAN,EU VECTO Urban Bus,Urban,5610,0,0.4,1,1.1
VECTO-URBAN,EU VECTO Urban Bus,Urban,5611,0,0.4,1,1.1
VECTO-URBAN,EU VECTO Urban Bus,Urban,5612,0,0.4,1,1.1
VECTO-URBAN,EU VECTO Urban Bus,Urban,5613,0,0.4,1,1.1
VECTO-URBAN,EU VECTO Urban Bus,Urban,5614,0,0.4,1,1.1
VECTO-URBAN,EU VECTO Urban Bus,Urban,5615,0,0.4,1,1.1
VECTO-URBAN,EU VECTO Urban Bus,Urban,5616,0,0.4,1,1.1
VECTO-URBAN,EU VECTO Urban Bus,Urban,5617,0,0.4,1,1.1
VECTO-URBAN,EU VECTO Urban Bus,Urban,5618,0,0.4,1,1.1
VECTO-URBAN,EU VECTO Urban Bus,Urban,5619,0,0.4,1,1.1
VECTO-URBAN,EU VECTO Urban Bus,Urban,5620,0,0.4,1,1.1
VECTO-URBAN,EU VECTO Urban Bus,Urban,5621,0,0.4,1,1.1
VECTO-URBAN,EU VECTO Urban Bus,Urban,5622,0,0.4,1,1.1
VECTO-URBAN,EU VECTO Urban Bus,Urban,5623,0,0.4,1,1.1
VECTO-URBAN,EU VECTO Urban Bus,Urban,5624,0,0.4,1,1.1
VECTO-URBAN,EU VECTO Urban Bus,Urban,5625,0,0.4,1,1.1
VECTO-URBAN,EU VECTO Urban Bus,Urban,5626,0,0.4,1,1.1
VECTO-URBAN,EU VECTO Urban Bus,Urban,5627,0,0.4,1,1.1
VECTO-URBAN,EU VECTO Urban Bus,Urban,5628,0,0.4,1,1.1
VECTO-URBAN,EU VECTO Urban Bus,Urban,5629,0,0.4,1,1.1
VECTO-URBAN,EU VECTO Urban Bus,Urban,5630,0,0.4,1,1.1
VECTO-URBAN,EU VECTO Urban Bus,Urban,5631,0,0.4,1,1.1
VECTO-URBAN,EU VECTO Urban Bus,Urban,5632,0,0.4,1,1.1
VECTO-URBAN,EU VECTO Urban Bus,Urban,5633,0,0.4,1,1.1
VECTO-URBAN,EU VECTO Urban Bus,Urban,5634,0,0.4,1,1.1
VECTO-URBAN,EU VECTO Urban Bus,Urban,5635,0,0.4,1,1.1
VECTO-URBAN,EU VECTO Urban Bus,Urban,5636,0,0.4,1,1.1
VECTO-URBAN,EU VECTO Urban Bus,Urban,5637,0,0.4,1,1.1
VECTO-URBAN,EU VECTO Urban Bus,Urban,5638,0,0.4,1,1.1
VECTO-URBAN,EU VECTO Urban Bus,Urban,5639,0,0.4,1,1.1
VECTO-URBAN,EU VECTO Urban Bus,Urban,5640,0,0.4,1,1.1
VECTO-URBAN,EU VECTO Urban Bus,Urban,5641,0,0.4,1,1.1
VECTO-URBAN,EU VECTO Urban Bus,Urban,5642,0,0.4,1,1.1
VECTO-URBAN,EU VECTO Urban Bus,Urban,5643,0,0.4,1,1.1
VECTO-URBAN,EU VECTO Urban Bus,Urban,5644,0,0.4,1,1.1
VECTO-URBAN,EU VECTO Urban Bus,Urban,5645,0,0.4,1,1.1
VECTO-URBAN,EU VECTO Urban Bus,Urban,5646,0,0.4,1,1.1
VECTO-URBAN,EU VECTO Urban Bus,Urban,5647,0,0.4,1,1.1
VECTO-URBAN,EU VECTO Urban Bus,Urban,5648,0,0.4,1,1.1
VECTO-URBAN,EU VECTO Urban Bus,Urban,5649,0,0.4,1,1.1
VECTO-URBAN,EU VECTO Urban Bus,Urban,5650,0,0.4,1,1.1
VECTO-URBAN,EU VECTO Urban Bus,Urban,5651,0,0.4,1,1.1
VECTO-URBAN,EU VECTO Urban Bus,Urban,5652,0,0.4,1,1.1
VECTO-URBAN,EU VECTO Urban Bus,Urban,5653,0,0.4,1,1.1
VECTO-URBAN,EU VECTO Urban Bus,Urban,5654,0,0.4,1,1.1
VECTO-URBAN,EU VECTO Urban Bus,Urban,5655,0,0.4,1,1.1
VECTO-URBAN,EU VECTO Urban Bus,Urban,5656,0,0.4,1,1.1
VECTO-URBAN,EU VECTO Urban Bus,Urban,5657,0,0.4,1,1.1
VECTO-URBAN,EU VECTO Urban Bus,Urban,5658,0,0.4,1,1.1
VECTO-URBAN,EU VECTO Urban Bus,Urban,5659,0,0.4,1,1.1
VECTO-URBAN,EU VECTO Urban Bus,Urban,5660,0,0.4,1,1.1
VECTO-URBAN,EU VECTO Urban Bus,Urban,5661,0,0.4,1,1.1
VECTO-URBAN,EU VECTO Urban Bus,Urban,5662,0,0.4,1,1.1
VECTO-URBAN,EU VECTO Urban Bus,Urban,5663,0,0.4,1,1.1
VECTO-URBAN,EU VECTO Urban Bus,Urban,5664,0,0.4,1,1.1
VECTO-URBAN,EU VECTO Urban Bus,Urban,5665,0,0.4,1,1.1
VECTO-URBAN,EU VECTO Urban Bus,Urban,5666,0,0.4,1,1.1
VECTO-URBAN,EU VECTO Urban Bus,Urban,5667,0,0.4,1,1.1
VECTO-URBAN,EU VECTO Urban Bus,Urban,5668,0,0.4,1,1.1
VECTO-URBAN,EU VECTO Urban Bus,Urban,5669,0,0.4,1,1.1
VECTO-URBAN,EU VECTO Urban Bus,Urban,5670,0,0.4,1,1.1
VECTO-URBAN,EU VECTO Urban Bus,Urban,5671,0,0.4,1,1.1
VECTO-URBAN,EU VECTO Urban Bus,Urban,5672,0,0.4,1,1.1
VECTO-URBAN,EU VECTO Urban Bus,Urban,5673,0,0.4,1,1.1
VECTO-URBAN,EU VECTO Urban Bus,Urban,5674,0,0.4,1,1.1
VECTO-URBAN,EU VECTO Urban Bus,Urban,5675,0,0.4,0,1
VECTO-URBAN,EU VECTO Urban Bus,Urban,5676,3.6,0.4,0,1
VECTO-URBAN,EU VECTO Urban Bus,Urban,5677,7.2,0.2,0,1
VECTO-URBAN,EU VECTO Urban Bus,Urban,5678,10.8,-0.2,0,1
VECTO-URBAN,EU VECTO Urban Bus,Urban,5679,14.4,-0.5,0,1
VECTO-URBAN,EU VECTO Urban Bus,Urban,5680,18,-1.15,0,1
VECTO-URBAN,EU VECTO Urban Bus,Urban,5681,21.6,-1.9,0,1
VECTO-URBAN,EU VECTO Urban Bus,Urban,5682,22.4,-2.75555555555547,0,1
VECTO-URBAN,EU VECTO Urban Bus,Urban,5683,22.4,-3.56666666666661,0,1
VECTO-URBAN,EU VECTO Urban Bus,Urban,5684,22.4,-4.31111111111095,0,1
VECTO-URBAN,EU VECTO Urban Bus,Urban,5685,22.4,-4.97777777777774,0,1
VECTO-URBAN,EU VECTO Urban Bus,Urban,5686,22.4,-5.5,0,1
VECTO-URBAN,EU VECTO Urban Bus,Urban,5687,17.72,-5.85240740740737,0,1
VECTO-URBAN,EU VECTO Urban Bus,Urban,5688,13.04,-6,0,1
VECTO-URBAN,EU VECTO Urban Bus,Urban,5689,8.36,-6,0,1
VECTO-URBAN,EU VECTO Urban Bus,Urban,5690,3.68,-6,0,1
VECTO-URBAN,EU VECTO Urban Bus,Urban,5691,7.28,-6,0,1
VECTO-URBAN,EU VECTO Urban Bus,Urban,5692,2.6,-6,0,1
VECTO-URBAN,EU VECTO Urban Bus,Urban,5693,0,-6,1,1.1
VECTO-URBAN,EU VECTO Urban Bus,Urban,5694,0,-6,1,1.1
VECTO-URBAN,EU VECTO Urban Bus,Urban,5695,0,-6,1,1.1
VECTO-URBAN,EU VECTO Urban Bus,Urban,5696,0,-6,1,1.1
VECTO-URBAN,EU VECTO Urban Bus,Urban,5697,0,-6,1,1.1
VECTO-URBAN,EU VECTO Urban Bus,Urban,5698,0,-6,1,1.1
VECTO-URBAN,EU VECTO Urban Bus,Urban,5699,0,-6,1,1.1
VECTO-URBAN,EU VECTO Urban Bus,Urban,5700,0,-6,1,1.1
VECTO-URBAN,EU VECTO Urban Bus,Urban,5701,0,-6,1,1.1
VECTO-URBAN,EU VECTO Urban Bus,Urban,5702,0,-6,1,1.1
VECTO-URBAN,EU VECTO Urban Bus,Urban,5703,0,-6,1,1.1
VECTO-URBAN,EU VECTO Urban Bus,Urban,5704,0,-6,1,1.1
VECTO-URBAN,EU VECTO Urban Bus,Urban,5705,0,-6,1,1.1
VECTO-URBAN,EU VECTO Urban Bus,Urban,5706,0,-6,1,1.1
VECTO-URBAN,EU VECTO Urban Bus,Urban,5707,0,-6,1,1.1
VECTO-URBAN,EU VECTO Urban Bus,Urban,5708,0,-6,1,1.1
VECTO-URBAN,EU VECTO Urban Bus,Urban,5709,0,-6,1,1.1
VECTO-URBAN,EU VECTO Urban Bus,Urban,5710,0,-6,1,1.1
VECTO-URBAN,EU VECTO Urban Bus,Urban,5711,0,-6,1,1.1
VECTO-URBAN,EU VECTO Urban Bus,Urban,5712,0,-6,1,1.1
VECTO-URBAN,EU VECTO Urban Bus,Urban,5713,0,-6,1,1.1
VECTO-URBAN,EU VECTO Urban Bus,Urban,5714,0,-6,1,1.1
VECTO-URBAN,EU VECTO Urban Bus,Urban,5715,0,-6,1,1.1
VECTO-URBAN,EU VECTO Urban Bus,Urban,5716,0,-6,1,1.1
VECTO-URBAN,EU VECTO Urban Bus,Urban,5717,0,-6,1,1.1
VECTO-URBAN,EU VECTO Urban Bus,Urban,5718,0,-6,1,1.1
VECTO-URBAN,EU VECTO Urban Bus,Urban,5719,0,-6,1,1.1
VECTO-URBAN,EU VECTO Urban Bus,Urban,5720,0,-6,1,1.1
VECTO-URBAN,EU VECTO Urban Bus,Urban,5721,0,-6,1,1.1
VECTO-URBAN,EU VECTO Urban Bus,Urban,5722,0,-6,1,1.1
VECTO-URBAN,EU VECTO Urban Bus,Urban,5723,0,-6,1,1.1
VECTO-URBAN,EU VECTO Urban Bus,Urban,5724,0,-6,1,1.1
VECTO-URBAN,EU VECTO Urban Bus,Urban,5725,0,-6,1,1.1
VECTO-URBAN,EU VECTO Urban Bus,Urban,5726,0,-6,1,1.1
VECTO-URBAN,EU VECTO Urban Bus,Urban,5727,0,-6,1,1.1
VECTO-URBAN,EU VECTO Urban Bus,Urban,5728,0,-6,1,1.1
VECTO-URBAN,EU VECTO Urban Bus,Urban,5729,0,-6,1,1.1
VECTO-URBAN,EU VECTO Urban Bus,Urban,5730,0,-6,0,1
VECTO-URBAN,EU VECTO Urban Bus,Urban,5731,3.6,-6,0,1
VECTO-URBAN,EU VECTO Urban Bus,Urban,5732,7.2,-5.95,0,1
VECTO-URBAN,EU VECTO Urban Bus,Urban,5733,10.8,-5.85,0,1
VECTO-URBAN,EU VECTO Urban Bus,Urban,5734,14.4,-5.7,0,1
VECTO-URBAN,EU VECTO Urban Bus,Urban,5735,18,-5.45,0,1
VECTO-URBAN,EU VECTO Urban Bus,Urban,5736,21.6,-5.1,0,1
VECTO-URBAN,EU VECTO Urban Bus,Urban,5737,25.2,-4.45,0,1
VECTO-URBAN,EU VECTO Urban Bus,Urban,5738,28.8,-3.65,0,1
VECTO-URBAN,EU VECTO Urban Bus,Urban,5739,31.6,-2.76111111111095,0,1
VECTO-URBAN,EU VECTO Urban Bus,Urban,5740,31.6,-2.06666666666642,0,1
VECTO-URBAN,EU VECTO Urban Bus,Urban,5741,31.6,-1.25277777777774,0,1
VECTO-URBAN,EU VECTO Urban Bus,Urban,5742,31.6,-0.727777777777737,0,1
VECTO-URBAN,EU VECTO Urban Bus,Urban,5743,31.6,-0.225,0,1
VECTO-URBAN,EU VECTO Urban Bus,Urban,5744,31.6,0.0759259259259125,0,1
VECTO-URBAN,EU VECTO Urban Bus,Urban,5745,31.6,0.281111111111095,0,1
VECTO-URBAN,EU VECTO Urban Bus,Urban,5746,31.6,0.389880952380957,0,1
VECTO-URBAN,EU VECTO Urban Bus,Urban,5747,31.6,0.358531746031752,0,1
VECTO-URBAN,EU VECTO Urban Bus,Urban,5748,31.6,0.327182539682547,0,1
VECTO-URBAN,EU VECTO Urban Bus,Urban,5749,31.6,0.283333333333368,0,1
VECTO-URBAN,EU VECTO Urban Bus,Urban,5750,31.6,0.157936507936548,0,1
VECTO-URBAN,EU VECTO Urban Bus,Urban,5751,31.6,0.00555555555562023,0,1
VECTO-URBAN,EU VECTO Urban Bus,Urban,5752,31.6,-0.169999999999927,0,1
VECTO-URBAN,EU VECTO Urban Bus,Urban,5753,31.6,-0.325555555555475,0,1
VECTO-URBAN,EU VECTO Urban Bus,Urban,5754,31.6,-0.500555555555511,0,1
VECTO-URBAN,EU VECTO Urban Bus,Urban,5755,31.6,-0.588333333333285,0,1
VECTO-URBAN,EU VECTO Urban Bus,Urban,5756,31.6,-0.555228758169966,0,1
VECTO-URBAN,EU VECTO Urban Bus,Urban,5757,31.6,-0.503594771241863,0,1
VECTO-URBAN,EU VECTO Urban Bus,Urban,5758,31.6,-0.396666666666788,0,1
VECTO-URBAN,EU VECTO Urban Bus,Urban,5759,26.92,-0.3,0,1
VECTO-URBAN,EU VECTO Urban Bus,Urban,5760,30.4,-0.0186111111112041,0,1
VECTO-URBAN,EU VECTO Urban Bus,Urban,5761,30.4,0.25666666666657,0,1
VECTO-URBAN,EU VECTO Urban Bus,Urban,5762,30.4,0.557222222222117,0,1
VECTO-URBAN,EU VECTO Urban Bus,Urban,5763,30.4,0.85296296296292,0,1
VECTO-URBAN,EU VECTO Urban Bus,Urban,5764,30.4,1.12583333333332,0,1
VECTO-URBAN,EU VECTO Urban Bus,Urban,5765,30.4,1.41592592592594,0,1
VECTO-URBAN,EU VECTO Urban Bus,Urban,5766,30.4,1.65844444444447,0,1
VECTO-URBAN,EU VECTO Urban Bus,Urban,5767,30.4,1.87888888888895,0,1
VECTO-URBAN,EU VECTO Urban Bus,Urban,5768,30.4,2.05622222222228,0,1
VECTO-URBAN,EU VECTO Urban Bus,Urban,5769,30.4,2.17819444444449,0,1
VECTO-URBAN,EU VECTO Urban Bus,Urban,5770,30.4,2.16954545454543,0,1
VECTO-URBAN,EU VECTO Urban Bus,Urban,5771,25.72,2.13411616161615,0,1
VECTO-URBAN,EU VECTO Urban Bus,Urban,5772,21.04,2.10459595959594,0,1
VECTO-URBAN,EU VECTO Urban Bus,Urban,5773,16.36,2.01633333333324,0,1
VECTO-URBAN,EU VECTO Urban Bus,Urban,5774,11.68,1.9230555555554,0,1
VECTO-URBAN,EU VECTO Urban Bus,Urban,5775,7,1.9,0,1
VECTO-URBAN,EU VECTO Urban Bus,Urban,5776,2.32,1.9,0,1
VECTO-URBAN,EU VECTO Urban Bus,Urban,5777,5.92,1.9,0,1
VECTO-URBAN,EU VECTO Urban Bus,Urban,5778,1.24,1.9,0,1
VECTO-URBAN,EU VECTO Urban Bus,Urban,5779,0,1.9,1,1.1
VECTO-URBAN,EU VECTO Urban Bus,Urban,5780,0,1.9,1,1.1
VECTO-URBAN,EU VECTO Urban Bus,Urban,5781,0,1.9,1,1.1
VECTO-URBAN,EU VECTO Urban Bus,Urban,5782,0,1.9,1,1.1
VECTO-URBAN,EU VECTO Urban Bus,Urban,5783,0,1.9,1,1.1
VECTO-URBAN,EU VECTO Urban Bus,Urban,5784,0,1.9,1,1.1
VECTO-URBAN,EU VECTO Urban Bus,Urban,5785,0,1.9,1,1.1
VECTO-URBAN,EU VECTO Urban Bus,Urban,5786,0,1.9,1,1.1
VECTO-URBAN,EU VECTO Urban Bus,Urban,5787,0,1.9,1,1.1
VECTO-URBAN,EU VECTO Urban Bus,Urban,5788,0,1.9,0,1
VECTO-URBAN,EU VECTO Urban Bus,Urban,5789,3.6,1.9,0,1
VECTO-URBAN,EU VECTO Urban Bus,Urban,5790,7.2,1.8,0,1
VECTO-URBAN,EU VECTO Urban Bus,Urban,5791,10.8,1.65,0,1
VECTO-URBAN,EU VECTO Urban Bus,Urban,5792,14.4,1.5,0,1
VECTO-URBAN,EU VECTO Urban Bus,Urban,5793,18,1.31666666666667,0,1
VECTO-URBAN,EU VECTO Urban Bus,Urban,5794,21.6,1.06666666666667,0,1
VECTO-URBAN,EU VECTO Urban Bus,Urban,5795,25.2,0.783333333333333,0,1
VECTO-URBAN,EU VECTO Urban Bus,Urban,5796,28.8,0.4,0,1
VECTO-URBAN,EU VECTO Urban Bus,Urban,5797,32,0.118518518518492,0,1
VECTO-URBAN,EU VECTO Urban Bus,Urban,5798,32,-0.144444444444525,0,1
VECTO-URBAN,EU VECTO Urban Bus,Urban,5799,32,-0.299283154121851,0,1
VECTO-URBAN,EU VECTO Urban Bus,Urban,5800,32,-0.270609318996398,0,1
VECTO-URBAN,EU VECTO Urban Bus,Urban,5801,32,-0.241935483870944,0,1
VECTO-URBAN,EU VECTO Urban Bus,Urban,5802,32,-0.213261648745491,0,1
VECTO-URBAN,EU VECTO Urban Bus,Urban,5803,32,-0.163247863247782,0,1
VECTO-URBAN,EU VECTO Urban Bus,Urban,5804,32,-0.101449275362345,0,1
VECTO-URBAN,EU VECTO Urban Bus,Urban,5805,32,-0.120772946859933,0,1
VECTO-URBAN,EU VECTO Urban Bus,Urban,5806,32,-0.140096618357521,0,1
VECTO-URBAN,EU VECTO Urban Bus,Urban,5807,32,-0.159420289855109,0,1
VECTO-URBAN,EU VECTO Urban Bus,Urban,5808,32,-0.178743961352697,0,1
VECTO-URBAN,EU VECTO Urban Bus,Urban,5809,32.1277777777885,-0.198106213097202,0,1
VECTO-URBAN,EU VECTO Urban Bus,Urban,5810,35.7277777777885,-0.211064814815327,0,1
VECTO-URBAN,EU VECTO Urban Bus,Urban,5811,36.6,-0.343067426400963,0,1
VECTO-URBAN,EU VECTO Urban Bus,Urban,5812,36.6,-0.419753086419951,0,1
VECTO-URBAN,EU VECTO Urban Bus,Urban,5813,36.6,-0.492372134039007,0,1
VECTO-URBAN,EU VECTO Urban Bus,Urban,5814,36.6,-0.545493827160644,0,1
VECTO-URBAN,EU VECTO Urban Bus,Urban,5815,36.6,-0.596327160493984,0,1
VECTO-URBAN,EU VECTO Urban Bus,Urban,5816,36.6,-0.573051146384387,0,1
VECTO-URBAN,EU VECTO Urban Bus,Urban,5817,36.6,-0.544003527336764,0,1
VECTO-URBAN,EU VECTO Urban Bus,Urban,5818,36.6,-0.514955908289142,0,1
VECTO-URBAN,EU VECTO Urban Bus,Urban,5819,36.6,-0.481732967535303,0,1
VECTO-URBAN,EU VECTO Urban Bus,Urban,5820,36.6,-0.444078646547644,0,1
VECTO-URBAN,EU VECTO Urban Bus,Urban,5821,36.6,-0.406424325559985,0,1
VECTO-URBAN,EU VECTO Urban Bus,Urban,5822,36.6,-0.361672278338764,0,1
VECTO-URBAN,EU VECTO Urban Bus,Urban,5823,36.6,-0.315460157126637,0,1
VECTO-URBAN,EU VECTO Urban Bus,Urban,5824,36.6,-0.269248035914511,0,1
VECTO-URBAN,EU VECTO Urban Bus,Urban,5825,36.6,-0.223035914702384,0,1
VECTO-URBAN,EU VECTO Urban Bus,Urban,5826,36.6,-0.181115683584654,0,1
VECTO-URBAN,EU VECTO Urban Bus,Urban,5827,36.6,-0.143461362596995,0,1
VECTO-URBAN,EU VECTO Urban Bus,Urban,5828,36.6,-0.105807041609336,0,1
VECTO-URBAN,EU VECTO Urban Bus,Urban,5829,36.6,-0.114331275720245,0,1
VECTO-URBAN,EU VECTO Urban Bus,Urban,5830,36.6,-0.131275720164692,0,1
VECTO-URBAN,EU VECTO Urban Bus,Urban,5831,36.6,-0.148220164609138,0,1
VECTO-URBAN,EU VECTO Urban Bus,Urban,5832,36.6,-0.165164609053584,0,1
VECTO-URBAN,EU VECTO Urban Bus,Urban,5833,36.6,-0.182109053498031,0,1
VECTO-URBAN,EU VECTO Urban Bus,Urban,5834,36.6,-0.199053497942477,0,1
VECTO-URBAN,EU VECTO Urban Bus,Urban,5835,36.6,-0.23309919114536,0,1
VECTO-URBAN,EU VECTO Urban Bus,Urban,5836,36.6,-0.268156662409732,0,1
VECTO-URBAN,EU VECTO Urban Bus,Urban,5837,36.6,-0.301503385105629,0,1
VECTO-URBAN,EU VECTO Urban Bus,Urban,5838,36.6,-0.317901234567997,0,1
VECTO-URBAN,EU VECTO Urban Bus,Urban,5839,36.6,-0.334299084030364,0,1
VECTO-URBAN,EU VECTO Urban Bus,Urban,5840,36.6,-0.350696933492732,0,1
VECTO-URBAN,EU VECTO Urban Bus,Urban,5841,36.6,-0.367094782955099,0,1
VECTO-URBAN,EU VECTO Urban Bus,Urban,5842,36.6,-0.383492632417467,0,1
VECTO-URBAN,EU VECTO Urban Bus,Urban,5843,31.92,-0.398842094783058,0,1
VECTO-URBAN,EU VECTO Urban Bus,Urban,5844,27.24,-0.474987654321631,0,1
VECTO-URBAN,EU VECTO Urban Bus,Urban,5845,22.56,-0.549060356653677,0,1
VECTO-URBAN,EU VECTO Urban Bus,Urban,5846,26.16,-0.619837261504521,0,1
VECTO-URBAN,EU VECTO Urban Bus,Urban,5847,21.48,-0.679988776656021,0,1
VECTO-URBAN,EU VECTO Urban Bus,Urban,5848,16.8,-0.7,0,1
VECTO-URBAN,EU VECTO Urban Bus,Urban,5849,12.12,-0.7,0,1
VECTO-URBAN,EU VECTO Urban Bus,Urban,5850,7.44,-0.7,0,1
VECTO-URBAN,EU VECTO Urban Bus,Urban,5851,2.76,-0.7,0,1
VECTO-URBAN,EU VECTO Urban Bus,Urban,5852,0,-0.7,1,1.1
VECTO-URBAN,EU VECTO Urban Bus,Urban,5853,0,-0.7,1,1.1
VECTO-URBAN,EU VECTO Urban Bus,Urban,5854,0,-0.7,1,1.1
VECTO-URBAN,EU VECTO Urban Bus,Urban,5855,0,-0.7,1,1.1
VECTO-URBAN,EU VECTO Urban Bus,Urban,5856,0,-0.7,1,1.1
VECTO-URBAN,EU VECTO Urban Bus,Urban,5857,0,-0.7,1,1.1
VECTO-URBAN,EU VECTO Urban Bus,Urban,5858,0,-0.7,1,1.1
VECTO-URBAN,EU VECTO Urban Bus,Urban,5859,0,-0.7,1,1.1
VECTO-URBAN,EU VECTO Urban Bus,Urban,5860,0,-0.7,1,1.1
VECTO-URBAN,EU VECTO Urban Bus,Urban,5861,0,-0.7,1,1.1
VECTO-URBAN,EU VECTO Urban Bus,Urban,5862,0,-0.7,0,1
VECTO-URBAN,EU VECTO Urban Bus,Urban,5863,3.6,-0.7,0,1
VECTO-URBAN,EU VECTO Urban Bus,Urban,5864,7.2,-0.692307692307692,0,1
VECTO-URBAN,EU VECTO Urban Bus,Urban,5865,10.8,-0.673076923076923,0,1
VECTO-URBAN,EU VECTO Urban Bus,Urban,5866,14.4,-0.646153846153846,0,1
VECTO-URBAN,EU VECTO Urban Bus,Urban,5867,18,-0.611538461538462,0,1
VECTO-URBAN,EU VECTO Urban Bus,Urban,5868,21.6,-0.555555555555556,0,1
VECTO-URBAN,EU VECTO Urban Bus,Urban,5869,25.2,-0.475,0,1
VECTO-URBAN,EU VECTO Urban Bus,Urban,5870,28.8,-0.35,0,1
VECTO-URBAN,EU VECTO Urban Bus,Urban,5871,32.4,-0.208333333333333,0,1
VECTO-URBAN,EU VECTO Urban Bus,Urban,5872,36,-0.0333333333333333,0,1
VECTO-URBAN,EU VECTO Urban Bus,Urban,5873,38.7,0.0930555555555556,0,1
VECTO-URBAN,EU VECTO Urban Bus,Urban,5874,38.7,0.0710714285714286,0,1
VECTO-URBAN,EU VECTO Urban Bus,Urban,5875,38.7,0.0403571428571429,0,1
VECTO-URBAN,EU VECTO Urban Bus,Urban,5876,38.7,0.00964285714285714,0,1
VECTO-URBAN,EU VECTO Urban Bus,Urban,5877,38.7,-0.0526785714285714,0,1
VECTO-URBAN,EU VECTO Urban Bus,Urban,5878,38.7,-0.1275,0,1
VECTO-URBAN,EU VECTO Urban Bus,Urban,5879,38.7,-0.199166666666667,0,1
VECTO-URBAN,EU VECTO Urban Bus,Urban,5880,38.7,-0.181681034482759,0,1
VECTO-URBAN,EU VECTO Urban Bus,Urban,5881,38.7,-0.163146551724138,0,1
VECTO-URBAN,EU VECTO Urban Bus,Urban,5882,38.7,-0.144612068965517,0,1
VECTO-URBAN,EU VECTO Urban Bus,Urban,5883,38.7,-0.126077586206897,0,1
VECTO-URBAN,EU VECTO Urban Bus,Urban,5884,38.7,-0.107543103448276,0,1
VECTO-URBAN,EU VECTO Urban Bus,Urban,5885,38.7,-0.0625,0,1
VECTO-URBAN,EU VECTO Urban Bus,Urban,5886,38.7,0.00104166666666667,0,1
VECTO-URBAN,EU VECTO Urban Bus,Urban,5887,38.7,0.090625,0,1
VECTO-URBAN,EU VECTO Urban Bus,Urban,5888,38.7,0.1875,0,1
VECTO-URBAN,EU VECTO Urban Bus,Urban,5889,38.7,0.29375,0,1
VECTO-URBAN,EU VECTO Urban Bus,Urban,5890,38.7,0.399642857142857,0,1
VECTO-URBAN,EU VECTO Urban Bus,Urban,5891,38.7,0.368928571428571,0,1
VECTO-URBAN,EU VECTO Urban Bus,Urban,5892,38.7,0.338214285714286,0,1
VECTO-URBAN,EU VECTO Urban Bus,Urban,5893,38.7,0.3075,0,1
VECTO-URBAN,EU VECTO Urban Bus,Urban,5894,34.02,0.175416666666691,0,1
VECTO-URBAN,EU VECTO Urban Bus,Urban,5895,29.34,-0.00687499999994543,0,1
VECTO-URBAN,EU VECTO Urban Bus,Urban,5896,24.66,-0.16291666666663,0,1
VECTO-URBAN,EU VECTO Urban Bus,Urban,5897,19.98,-0.266249999999976,0,1
VECTO-URBAN,EU VECTO Urban Bus,Urban,5898,15.3,-0.277884615384615,0,1
VECTO-URBAN,EU VECTO Urban Bus,Urban,5899,10.62,-0.250192307692319,0,1
VECTO-URBAN,EU VECTO Urban Bus,Urban,5900,14.22,-0.223653846153852,0,1
VECTO-URBAN,EU VECTO Urban Bus,Urban,5901,9.54,-0.2,0,1
VECTO-URBAN,EU VECTO Urban Bus,Urban,5902,4.86,-0.2,0,1
VECTO-URBAN,EU VECTO Urban Bus,Urban,5903,0.179999999999998,-0.2,1,1.1
VECTO-URBAN,EU VECTO Urban Bus,Urban,5904,0,-0.2,1,1.1
VECTO-URBAN,EU VECTO Urban Bus,Urban,5905,0,-0.2,1,1.1
VECTO-URBAN,EU VECTO Urban Bus,Urban,5906,0,-0.2,1,1.1
VECTO-URBAN,EU VECTO Urban Bus,Urban,5907,0,-0.2,1,1.1
VECTO-URBAN,EU VECTO Urban Bus,Urban,5908,0,-0.2,1,1.1
VECTO-URBAN,EU VECTO Urban Bus,Urban,5909,0,-0.2,1,1.1
VECTO-URBAN,EU VECTO Urban Bus,Urban,5910,0,-0.2,1,1.1
VECTO-URBAN,EU VECTO Urban Bus,Urban,5911,0,-0.2,1,1.1
VECTO-URBAN,EU VECTO Urban Bus,Urban,5912,0,-0.2,1,1.1
VECTO-URBAN,EU VECTO Urban Bus,Urban,5913,0,-0.2,1,1.1
VECTO-URBAN,EU VECTO Urban Bus,Urban,5914,0,-0.2,1,1.1
VECTO-URBAN,EU VECTO Urban Bus,Urban,5915,0,-0.2,1,1.1
VECTO-URBAN,EU VECTO Urban Bus,Urban,5916,0,-0.2,1,1.1
VECTO-URBAN,EU VECTO Urban Bus,Urban,5917,0,-0.2,0,1
VECTO-URBAN,EU VECTO Urban Bus,Urban,5918,3.6,-0.2,0,1
VECTO-URBAN,EU VECTO Urban Bus,Urban,5919,7.2,-0.166666666666667,0,1
VECTO-URBAN,EU VECTO Urban Bus,Urban,5920,10.8,-0.0875,0,1
VECTO-URBAN,EU VECTO Urban Bus,Urban,5921,14.4,0,0,1
VECTO-URBAN,EU VECTO Urban Bus,Urban,5922,18,0.183333333333333,0,1
VECTO-URBAN,EU VECTO Urban Bus,Urban,5923,21.6,0.45,0,1
VECTO-URBAN,EU VECTO Urban Bus,Urban,5924,22.3,0.904861111111131,0,1
VECTO-URBAN,EU VECTO Urban Bus,Urban,5925,22.3,1.26458333333339,0,1
VECTO-URBAN,EU VECTO Urban Bus,Urban,5926,22.3,1.67430555555566,0,1
VECTO-URBAN,EU VECTO Urban Bus,Urban,5927,22.3,2.06805555555584,0,1
VECTO-URBAN,EU VECTO Urban Bus,Urban,5928,22.3,2.34687500000009,0,1
VECTO-URBAN,EU VECTO Urban Bus,Urban,5929,18.2,2.5,0,1
VECTO-URBAN,EU VECTO Urban Bus,Urban,5930,21.8,2.6,0,1
VECTO-URBAN,EU VECTO Urban Bus,Urban,5931,25.4,2.45648148148145,0,1
VECTO-URBAN,EU VECTO Urban Bus,Urban,5932,29,2.26111111111107,0,1
VECTO-URBAN,EU VECTO Urban Bus,Urban,5933,32.6,1.91388888888887,0,1
VECTO-URBAN,EU VECTO Urban Bus,Urban,5934,36,1.4375,0,1
VECTO-URBAN,EU VECTO Urban Bus,Urban,5935,36,0.8875,0,1
VECTO-URBAN,EU VECTO Urban Bus,Urban,5936,36,0.39375,0,1
VECTO-URBAN,EU VECTO Urban Bus,Urban,5937,36,0.11875,0,1
VECTO-URBAN,EU VECTO Urban Bus,Urban,5938,36,-0.0992857142857143,0,1
VECTO-URBAN,EU VECTO Urban Bus,Urban,5939,36,-0.0707142857142857,0,1
VECTO-URBAN,EU VECTO Urban Bus,Urban,5940,36,-0.0421428571428571,0,1
VECTO-URBAN,EU VECTO Urban Bus,Urban,5941,36,-0.0135714285714286,0,1
VECTO-URBAN,EU VECTO Urban Bus,Urban,5942,36,0.0328125,0,1
VECTO-URBAN,EU VECTO Urban Bus,Urban,5943,36,0.0953125,0,1
VECTO-URBAN,EU VECTO Urban Bus,Urban,5944,36,0.14625,0,1
VECTO-URBAN,EU VECTO Urban Bus,Urban,5945,36,0.19625,0,1
VECTO-URBAN,EU VECTO Urban Bus,Urban,5946,36,0.17797619047619,0,1
VECTO-URBAN,EU VECTO Urban Bus,Urban,5947,36,0.154166666666667,0,1
VECTO-URBAN,EU VECTO Urban Bus,Urban,5948,36,0.130357142857143,0,1
VECTO-URBAN,EU VECTO Urban Bus,Urban,5949,36,0.106547619047619,0,1
VECTO-URBAN,EU VECTO Urban Bus,Urban,5950,36,0.0516666666666667,0,1
VECTO-URBAN,EU VECTO Urban Bus,Urban,5951,36,-0.0225,0,1
VECTO-URBAN,EU VECTO Urban Bus,Urban,5952,36,-0.1225,0,1
VECTO-URBAN,EU VECTO Urban Bus,Urban,5953,31.32,-0.2,0,1
VECTO-URBAN,EU VECTO Urban Bus,Urban,5954,33.9,-0.318425925925921,0,1
VECTO-URBAN,EU VECTO Urban Bus,Urban,5955,33.9,-0.420750000000007,0,1
VECTO-URBAN,EU VECTO Urban Bus,Urban,5956,33.9,-0.514916666666686,0,1
VECTO-URBAN,EU VECTO Urban Bus,Urban,5957,33.9,-0.606488095238118,0,1
VECTO-URBAN,EU VECTO Urban Bus,Urban,5958,33.9,-0.673750000000031,0,1
VECTO-URBAN,EU VECTO Urban Bus,Urban,5959,33.9,-0.735885416666701,0,1
VECTO-URBAN,EU VECTO Urban Bus,Urban,5960,33.9,-0.794739583333376,0,1
VECTO-URBAN,EU VECTO Urban Bus,Urban,5961,33.9,-0.840833333333372,0,1
VECTO-URBAN,EU VECTO Urban Bus,Urban,5962,33.9,-0.885674603174647,0,1
VECTO-URBAN,EU VECTO Urban Bus,Urban,5963,33.9,-0.883979166666641,0,1
VECTO-URBAN,EU VECTO Urban Bus,Urban,5964,33.9,-0.860437499999971,0,1
VECTO-URBAN,EU VECTO Urban Bus,Urban,5965,33.9,-0.836895833333301,0,1
VECTO-URBAN,EU VECTO Urban Bus,Urban,5966,33.9,-0.813354166666632,0,1
VECTO-URBAN,EU VECTO Urban Bus,Urban,5967,33.9,-0.782282608695586,0,1
VECTO-URBAN,EU VECTO Urban Bus,Urban,5968,33.9,-0.741340579710073,0,1
VECTO-URBAN,EU VECTO Urban Bus,Urban,5969,33.9,-0.700398550724561,0,1
VECTO-URBAN,EU VECTO Urban Bus,Urban,5970,33.9,-0.661145833333254,0,1
VECTO-URBAN,EU VECTO Urban Bus,Urban,5971,33.9,-0.621909722222138,0,1
VECTO-URBAN,EU VECTO Urban Bus,Urban,5972,33.9,-0.589604166666613,0,1
VECTO-URBAN,EU VECTO Urban Bus,Urban,5973,33.9,-0.566062499999944,0,1
VECTO-URBAN,EU VECTO Urban Bus,Urban,5974,33.9,-0.542520833333274,0,1
VECTO-URBAN,EU VECTO Urban Bus,Urban,5975,33.9,-0.518979166666604,0,1
VECTO-URBAN,EU VECTO Urban Bus,Urban,5976,33.9,-0.5043452380953,0,1
VECTO-URBAN,EU VECTO Urban Bus,Urban,5977,33.9,-0.526765873015938,0,1
VECTO-URBAN,EU VECTO Urban Bus,Urban,5978,33.9,-0.549186507936576,0,1
VECTO-URBAN,EU VECTO Urban Bus,Urban,5979,33.9,-0.571607142857214,0,1
VECTO-URBAN,EU VECTO Urban Bus,Urban,5980,33.9,-0.594027777777852,0,1
VECTO-URBAN,EU VECTO Urban Bus,Urban,5981,33.9,-0.626570512820637,0,1
VECTO-URBAN,EU VECTO Urban Bus,Urban,5982,33.9,-0.66278846153859,0,1
VECTO-URBAN,EU VECTO Urban Bus,Urban,5983,33.9,-0.699006410256544,0,1
VECTO-URBAN,EU VECTO Urban Bus,Urban,5984,33.9,-0.761055555555795,0,1
VECTO-URBAN,EU VECTO Urban Bus,Urban,5985,33.9,-0.829791666666976,0,1
VECTO-URBAN,EU VECTO Urban Bus,Urban,5986,33.9,-0.906197916666906,0,1
VECTO-URBAN,EU VECTO Urban Bus,Urban,5987,33.9,-0.965052083333581,0,1
VECTO-URBAN,EU VECTO Urban Bus,Urban,5988,33.9,-0.98874999999988,0,1
VECTO-URBAN,EU VECTO Urban Bus,Urban,5989,33.9,-0.961053921568504,0,1
VECTO-URBAN,EU VECTO Urban Bus,Urban,5990,33.9,-0.933357843137128,0,1
VECTO-URBAN,EU VECTO Urban Bus,Urban,5991,33.9,-0.905661764705752,0,1
VECTO-URBAN,EU VECTO Urban Bus,Urban,5992,33.9,-0.831893939393525,0,1
VECTO-URBAN,EU VECTO Urban Bus,Urban,5993,33.9,-0.734351851851332,0,1
VECTO-URBAN,EU VECTO Urban Bus,Urban,5994,33.9,-0.609642857142171,0,1
VECTO-URBAN,EU VECTO Urban Bus,Urban,5995,33.9,-0.470972222221402,0,1
VECTO-URBAN,EU VECTO Urban Bus,Urban,5996,33.9,-0.326309523808803,0,1
VECTO-URBAN,EU VECTO Urban Bus,Urban,5997,33.9,-0.193611111110537,0,1
VECTO-URBAN,EU VECTO Urban Bus,Urban,5998,33.9,-0.088981481480894,0,1
VECTO-URBAN,EU VECTO Urban Bus,Urban,5999,33.9,0.00880208333367136,0,1
VECTO-URBAN,EU VECTO Urban Bus,Urban,6000,33.9,0.0676562500003456,0,1
VECTO-URBAN,EU VECTO Urban Bus,Urban,6001,33.3939634146283,0.1,0,1
VECTO-URBAN,EU VECTO Urban Bus,Urban,6002,32.413732917735,0.1,0,1
VECTO-URBAN,EU VECTO Urban Bus,Urban,6003,31.4551519752242,0.1,0,1
VECTO-URBAN,EU VECTO Urban Bus,Urban,6004,30.5248125272577,0.1,0,1
VECTO-URBAN,EU VECTO Urban Bus,Urban,6005,29.6219878410766,0.1,0,1
VECTO-URBAN,EU VECTO Urban Bus,Urban,6006,33.2219878410766,0.208510912369523,0,1
VECTO-URBAN,EU VECTO Urban Bus,Urban,6007,36.8219878410766,0.252730593987045,0,1
VECTO-URBAN,EU VECTO Urban Bus,Urban,6008,38.1,0.300043748811634,0,1
VECTO-URBAN,EU VECTO Urban Bus,Urban,6009,38.1,0.370599304367182,0,1
VECTO-URBAN,EU VECTO Urban Bus,Urban,6010,38.1,0.456120263530994,0,1
VECTO-URBAN,EU VECTO Urban Bus,Urban,6011,38.1,0.557565623217415,0,1
VECTO-URBAN,EU VECTO Urban Bus,Urban,6012,38.1,0.67924869568842,0,1
VECTO-URBAN,EU VECTO Urban Bus,Urban,6013,38.1,0.799146988760064,0,1
VECTO-URBAN,EU VECTO Urban Bus,Urban,6014,38.1,0.931332029021723,0,1
VECTO-URBAN,EU VECTO Urban Bus,Urban,6015,38.1,1.05655439616744,0,1
VECTO-URBAN,EU VECTO Urban Bus,Urban,6016,38.1,1.18341536235503,0,1
VECTO-URBAN,EU VECTO Urban Bus,Urban,6017,38.1,1.30256562321734,0,1
VECTO-URBAN,EU VECTO Urban Bus,Urban,6018,38.1,1.4064607358082,0,1
VECTO-URBAN,EU VECTO Urban Bus,Urban,6019,38.1,1.48787099221845,0,1
VECTO-URBAN,EU VECTO Urban Bus,Urban,6020,40.9820999429538,1.5,0,1
VECTO-URBAN,EU VECTO Urban Bus,Urban,6021,41.3,1.45987065401112,0,1
VECTO-URBAN,EU VECTO Urban Bus,Urban,6022,41.3,1.41738094207696,0,1
VECTO-URBAN,EU VECTO Urban Bus,Urban,6023,41.3,1.35157594384683,0,1
VECTO-URBAN,EU VECTO Urban Bus,Urban,6024,41.3,1.25276011018149,0,1
VECTO-URBAN,EU VECTO Urban Bus,Urban,6025,41.3,1.09095234617639,0,1
VECTO-URBAN,EU VECTO Urban Bus,Urban,6026,41.3,0.930066091198144,0,1
VECTO-URBAN,EU VECTO Urban Bus,Urban,6027,41.3,0.738862387494434,0,1
VECTO-URBAN,EU VECTO Urban Bus,Urban,6028,41.3,0.517190420548868,0,1
VECTO-URBAN,EU VECTO Urban Bus,Urban,6029,41.3,0.247745976104416,0,1
VECTO-URBAN,EU VECTO Urban Bus,Urban,6030,36.62,0.0141269145749902,0,1
VECTO-URBAN,EU VECTO Urban Bus,Urban,6031,31.94,-0.198928640980557,0,1
VECTO-URBAN,EU VECTO Urban Bus,Urban,6032,27.26,-0.403587357228898,0,1
VECTO-URBAN,EU VECTO Urban Bus,Urban,6033,22.58,-0.535026501394471,0,1
VECTO-URBAN,EU VECTO Urban Bus,Urban,6034,17.9,-0.624625890084125,0,1
VECTO-URBAN,EU VECTO Urban Bus,Urban,6035,13.22,-0.686371921830141,0,1
VECTO-URBAN,EU VECTO Urban Bus,Urban,6036,8.54,-0.7,0,1
VECTO-URBAN,EU VECTO Urban Bus,Urban,6037,12.14,-0.7,0,1
VECTO-URBAN,EU VECTO Urban Bus,Urban,6038,7.46,-0.7,0,1
VECTO-URBAN,EU VECTO Urban Bus,Urban,6039,2.78,-0.7,0,1
VECTO-URBAN,EU VECTO Urban Bus,Urban,6040,0,-0.7,1,1.1
VECTO-URBAN,EU VECTO Urban Bus,Urban,6041,0,-0.7,1,1.1
VECTO-URBAN,EU VECTO Urban Bus,Urban,6042,0,-0.7,1,1.1
VECTO-URBAN,EU VECTO Urban Bus,Urban,6043,0,-0.7,1,1.1
VECTO-URBAN,EU VECTO Urban Bus,Urban,6044,0,-0.7,1,1.1
VECTO-URBAN,EU VECTO Urban Bus,Urban,6045,0,-0.7,1,1.1
VECTO-URBAN,EU VECTO Urban Bus,Urban,6046,0,-0.7,1,1.1
VECTO-URBAN,EU VECTO Urban Bus,Urban,6047,0,-0.7,1,1.1
VECTO-URBAN,EU VECTO Urban Bus,Urban,6048,0,-0.7,1,1.1
VECTO-URBAN,EU VECTO Urban Bus,Urban,6049,0,-0.7,1,1.1
VECTO-URBAN,EU VECTO Urban Bus,Urban,6050,0,-0.7,1,1.1
VECTO-URBAN,EU VECTO Urban Bus,Urban,6051,0,-0.7,1,1.1
VECTO-URBAN,EU VECTO Urban Bus,Urban,6052,0,-0.7,0,1
VECTO-URBAN,EU VECTO Urban Bus,Urban,6053,3.6,-0.7,0,1
VECTO-URBAN,EU VECTO Urban Bus,Urban,6054,7.2,-0.695652173913043,0,1
VECTO-URBAN,EU VECTO Urban Bus,Urban,6055,10.8,-0.684782608695652,0,1
VECTO-URBAN,EU VECTO Urban Bus,Urban,6056,14.4,-0.669565217391304,0,1
VECTO-URBAN,EU VECTO Urban Bus,Urban,6057,18,-0.65,0,1
VECTO-URBAN,EU VECTO Urban Bus,Urban,6058,21.6,-0.626086956521739,0,1
VECTO-URBAN,EU VECTO Urban Bus,Urban,6059,25.2,-0.59375,0,1
VECTO-URBAN,EU VECTO Urban Bus,Urban,6060,28.8,-0.5,0,1
VECTO-URBAN,EU VECTO Urban Bus,Urban,6061,31.7,-0.394965277777783,0,1
VECTO-URBAN,EU VECTO Urban Bus,Urban,6062,31.7,-0.286574074074088,0,1
VECTO-URBAN,EU VECTO Urban Bus,Urban,6063,31.7,-0.191550925925943,0,1
VECTO-URBAN,EU VECTO Urban Bus,Urban,6064,31.7,-0.11817129629632,0,1
VECTO-URBAN,EU VECTO Urban Bus,Urban,6065,31.7,-0.118928571428561,0,1
VECTO-URBAN,EU VECTO Urban Bus,Urban,6066,31.7,-0.144087301587289,0,1
VECTO-URBAN,EU VECTO Urban Bus,Urban,6067,31.7,-0.169246031746017,0,1
VECTO-URBAN,EU VECTO Urban Bus,Urban,6068,27.02,-0.192547619047608,0,1
VECTO-URBAN,EU VECTO Urban Bus,Urban,6069,22.34,-0.232670940170899,0,1
VECTO-URBAN,EU VECTO Urban Bus,Urban,6070,17.66,-0.275405982905935,0,1
VECTO-URBAN,EU VECTO Urban Bus,Urban,6071,12.98,-0.3,0,1
VECTO-URBAN,EU VECTO Urban Bus,Urban,6072,16.58,-0.3,0,1
VECTO-URBAN,EU VECTO Urban Bus,Urban,6073,11.9,-0.3,0,1
VECTO-URBAN,EU VECTO Urban Bus,Urban,6074,7.22,-0.3,0,1
VECTO-URBAN,EU VECTO Urban Bus,Urban,6075,2.54,-0.3,0,1
VECTO-URBAN,EU VECTO Urban Bus,Urban,6076,0,-0.3,1,1.1
VECTO-URBAN,EU VECTO Urban Bus,Urban,6077,0,-0.3,1,1.1
VECTO-URBAN,EU VECTO Urban Bus,Urban,6078,0,-0.3,1,1.1
VECTO-URBAN,EU VECTO Urban Bus,Urban,6079,0,-0.3,1,1.1
VECTO-URBAN,EU VECTO Urban Bus,Urban,6080,0,-0.3,1,1.1
VECTO-URBAN,EU VECTO Urban Bus,Urban,6081,0,-0.3,1,1.1
VECTO-URBAN,EU VECTO Urban Bus,Urban,6082,0,-0.3,1,1.1
VECTO-URBAN,EU VECTO Urban Bus,Urban,6083,0,-0.3,1,1.1
VECTO-URBAN,EU VECTO Urban Bus,Urban,6084,0,-0.3,1,1.1
VECTO-URBAN,EU VECTO Urban Bus,Urban,6085,0,-0.3,1,1.1
VECTO-URBAN,EU VECTO Urban Bus,Urban,6086,0,-0.3,1,1.1
VECTO-URBAN,EU VECTO Urban Bus,Urban,6087,0,-0.3,0,1
VECTO-URBAN,EU VECTO Urban Bus,Urban,6088,3.6,-0.3,0,1
VECTO-URBAN,EU VECTO Urban Bus,Urban,6089,7.2,-0.333333333333333,0,1
VECTO-URBAN,EU VECTO Urban Bus,Urban,6090,10.8,-0.416666666666667,0,1
VECTO-URBAN,EU VECTO Urban Bus,Urban,6091,14.4,-0.514285714285714,0,1
VECTO-URBAN,EU VECTO Urban Bus,Urban,6092,18,-0.578571428571429,0,1
VECTO-URBAN,EU VECTO Urban Bus,Urban,6093,21.6,-0.657142857142857,0,1
VECTO-URBAN,EU VECTO Urban Bus,Urban,6094,25.2,-0.74375,0,1
VECTO-URBAN,EU VECTO Urban Bus,Urban,6095,28.8,-0.833333333333333,0,1
VECTO-URBAN,EU VECTO Urban Bus,Urban,6096,32.4,-0.888095238095238,0,1
VECTO-URBAN,EU VECTO Urban Bus,Urban,6097,34.6,-0.843783068783073,0,1
VECTO-URBAN,EU VECTO Urban Bus,Urban,6098,34.6,-0.794791666666697,0,1
VECTO-URBAN,EU VECTO Urban Bus,Urban,6099,34.6,-0.659444444444525,0,1
VECTO-URBAN,EU VECTO Urban Bus,Urban,6100,34.6,-0.434027777777919,0,1
VECTO-URBAN,EU VECTO Urban Bus,Urban,6101,34.6,-0.0750000000007276,0,1
VECTO-URBAN,EU VECTO Urban Bus,Urban,6102,34.6,0.443055555555111,0,1
VECTO-URBAN,EU VECTO Urban Bus,Urban,6103,34.6,1.04722222222117,0,1
VECTO-URBAN,EU VECTO Urban Bus,Urban,6104,34.6,1.65416666666606,0,1
VECTO-URBAN,EU VECTO Urban Bus,Urban,6105,34.6,2.28472222222153,0,1
VECTO-URBAN,EU VECTO Urban Bus,Urban,6106,29.92,2.83277777777712,0,1
VECTO-URBAN,EU VECTO Urban Bus,Urban,6107,33.52,3.28222222222175,0,1
VECTO-URBAN,EU VECTO Urban Bus,Urban,6108,28.84,3.49872222222235,0,1
VECTO-URBAN,EU VECTO Urban Bus,Urban,6109,24.16,3.42511111111126,0,1
VECTO-URBAN,EU VECTO Urban Bus,Urban,6110,19.48,3.28166666666718,0,1
VECTO-URBAN,EU VECTO Urban Bus,Urban,6111,14.8,3.2,0,1
VECTO-URBAN,EU VECTO Urban Bus,Urban,6112,10.12,3.2,0,1
VECTO-URBAN,EU VECTO Urban Bus,Urban,6113,5.44,3.2,0,1
VECTO-URBAN,EU VECTO Urban Bus,Urban,6114,0.759999999999996,3.2,0,1
VECTO-URBAN,EU VECTO Urban Bus,Urban,6115,0,3.2,1,1.1
VECTO-URBAN,EU VECTO Urban Bus,Urban,6116,0,3.2,1,1.1
VECTO-URBAN,EU VECTO Urban Bus,Urban,6117,0,3.2,1,1.1
VECTO-URBAN,EU VECTO Urban Bus,Urban,6118,0,3.2,1,1.1
VECTO-URBAN,EU VECTO Urban Bus,Urban,6119,0,3.2,1,1.1
VECTO-URBAN,EU VECTO Urban Bus,Urban,6120,0,3.2,1,1.1
VECTO-URBAN,EU VECTO Urban Bus,Urban,6121,0,3.2,1,1.1
VECTO-URBAN,EU VECTO Urban Bus,Urban,6122,0,3.2,1,1.1
VECTO-URBAN,EU VECTO Urban Bus,Urban,6123,0,3.2,1,1.1
VECTO-URBAN,EU VECTO Urban Bus,Urban,6124,0,3.2,0,1
VECTO-URBAN,EU VECTO Urban Bus,Urban,6125,3.6,3.2,0,1
VECTO-URBAN,EU VECTO Urban Bus,Urban,6126,7.2,3.1,0,1
VECTO-URBAN,EU VECTO Urban Bus,Urban,6127,10.8,2.875,0,1
VECTO-URBAN,EU VECTO Urban Bus,Urban,6128,14.4,2.65,0,1
VECTO-URBAN,EU VECTO Urban Bus,Urban,6129,17.2,2.33055555555547,0,1
VECTO-URBAN,EU VECTO Urban Bus,Urban,6130,17.2,1.98333333333321,0,1
VECTO-URBAN,EU VECTO Urban Bus,Urban,6131,12.52,1.58527777777763,0,1
VECTO-URBAN,EU VECTO Urban Bus,Urban,6132,16.12,1.28638888888872,0,1
VECTO-URBAN,EU VECTO Urban Bus,Urban,6133,11.44,0.989999999999782,0,1
VECTO-URBAN,EU VECTO Urban Bus,Urban,6134,6.76,0.9,0,1
VECTO-URBAN,EU VECTO Urban Bus,Urban,6135,2.08,0.9,0,1
VECTO-URBAN,EU VECTO Urban Bus,Urban,6136,0,0.9,1,1.1
VECTO-URBAN,EU VECTO Urban Bus,Urban,6137,0,0.9,1,1.1
VECTO-URBAN,EU VECTO Urban Bus,Urban,6138,0,0.9,1,1.1
VECTO-URBAN,EU VECTO Urban Bus,Urban,6139,0,0.9,1,1.1
VECTO-URBAN,EU VECTO Urban Bus,Urban,6140,0,0.9,1,1.1
VECTO-URBAN,EU VECTO Urban Bus,Urban,6141,0,0.9,0,1
VECTO-URBAN,EU VECTO Urban Bus,Urban,6142,3.6,0.9,0,1
VECTO-URBAN,EU VECTO Urban Bus,Urban,6143,7.2,0.7,0,1
VECTO-URBAN,EU VECTO Urban Bus,Urban,6144,10.8,0.55,0,1
VECTO-URBAN,EU VECTO Urban Bus,Urban,6145,14.4,0.3,0,1
VECTO-URBAN,EU VECTO Urban Bus,Urban,6146,18,0.025,0,1
VECTO-URBAN,EU VECTO Urban Bus,Urban,6147,21.6,-0.25,0,1
VECTO-URBAN,EU VECTO Urban Bus,Urban,6148,25.2,-0.4625,0,1
VECTO-URBAN,EU VECTO Urban Bus,Urban,6149,28.8,-0.468421052631579,0,1
VECTO-URBAN,EU VECTO Urban Bus,Urban,6150,32.4,-0.423684210526316,0,1
VECTO-URBAN,EU VECTO Urban Bus,Urban,6151,36,-0.3,0,1
VECTO-URBAN,EU VECTO Urban Bus,Urban,6152,39.6,-0.0375,0,1
VECTO-URBAN,EU VECTO Urban Bus,Urban,6153,43.2,0.35,0,1
VECTO-URBAN,EU VECTO Urban Bus,Urban,6154,46.8,0.73,0,1
VECTO-URBAN,EU VECTO Urban Bus,Urban,6155,50.4,1.15,0,1
VECTO-URBAN,EU VECTO Urban Bus,Urban,6156,50.6,1.55138888888887,0,1
VECTO-URBAN,EU VECTO Urban Bus,Urban,6157,50.6,1.92166666666664,0,1
VECTO-URBAN,EU VECTO Urban Bus,Urban,6158,50.6,2.17341269841267,0,1
VECTO-URBAN,EU VECTO Urban Bus,Urban,6159,50.6,2.15644841269842,0,1
VECTO-URBAN,EU VECTO Urban Bus,Urban,6160,50.6,2.10625000000001,0,1
VECTO-URBAN,EU VECTO Urban Bus,Urban,6161,50.6,1.8231481481483,0,1
VECTO-URBAN,EU VECTO Urban Bus,Urban,6162,50.6,1.38796296296314,0,1
VECTO-URBAN,EU VECTO Urban Bus,Urban,6163,50.6,0.75277777777798,0,1
VECTO-URBAN,EU VECTO Urban Bus,Urban,6164,50.6,0.126388888889232,0,1
VECTO-URBAN,EU VECTO Urban Bus,Urban,6165,50.6,-0.584259259259003,0,1
VECTO-URBAN,EU VECTO Urban Bus,Urban,6166,50.6,-1.21944444444416,0,1
VECTO-URBAN,EU VECTO Urban Bus,Urban,6167,50.6,-1.72129629629599,0,1
VECTO-URBAN,EU VECTO Urban Bus,Urban,6168,50.6,-2.13472222222172,0,1
VECTO-URBAN,EU VECTO Urban Bus,Urban,6169,50.6,-2.47499999999978,0,1
VECTO-URBAN,EU VECTO Urban Bus,Urban,6170,50.6,-2.66186868686858,0,1
VECTO-URBAN,EU VECTO Urban Bus,Urban,6171,50.6,-2.67260802469139,0,1
VECTO-URBAN,EU VECTO Urban Bus,Urban,6172,50.6,-2.63356481481485,0,1
VECTO-URBAN,EU VECTO Urban Bus,Urban,6173,50.6,-2.58207070707084,0,1
VECTO-URBAN,EU VECTO Urban Bus,Urban,6174,50.6,-2.41620370370395,0,1
VECTO-URBAN,EU VECTO Urban Bus,Urban,6175,50.6,-2.16527777777804,0,1
VECTO-URBAN,EU VECTO Urban Bus,Urban,6176,50.6,-1.82870370370426,0,1
VECTO-URBAN,EU VECTO Urban Bus,Urban,6177,50.6,-1.44027777777865,0,1
VECTO-URBAN,EU VECTO Urban Bus,Urban,6178,50.6,-0.937500000000909,0,1
VECTO-URBAN,EU VECTO Urban Bus,Urban,6179,50.6,-0.434722222223172,0,1
VECTO-URBAN,EU VECTO Urban Bus,Urban,6180,50.6,0.0272222222218261,0,1
VECTO-URBAN,EU VECTO Urban Bus,Urban,6181,50.6,0.480555555554868,0,1
VECTO-URBAN,EU VECTO Urban Bus,Urban,6182,50.6,0.849444444444016,0,1
VECTO-URBAN,EU VECTO Urban Bus,Urban,6183,50.6,1.06909722222194,0,1
VECTO-URBAN,EU VECTO Urban Bus,Urban,6184,50.6,1.06263440860223,0,1
VECTO-URBAN,EU VECTO Urban Bus,Urban,6185,45.92,1.01939068100365,0,1
VECTO-URBAN,EU VECTO Urban Bus,Urban,6186,41.24,0.939055555555788,0,1
VECTO-URBAN,EU VECTO Urban Bus,Urban,6187,36.56,0.7637500000003,0,1
VECTO-URBAN,EU VECTO Urban Bus,Urban,6188,40.16,0.620634920635244,0,1
VECTO-URBAN,EU VECTO Urban Bus,Urban,6189,35.48,0.415648148148527,0,1
VECTO-URBAN,EU VECTO Urban Bus,Urban,6190,30.8,0.254666666667108,0,1
VECTO-URBAN,EU VECTO Urban Bus,Urban,6191,26.12,0.0609259259266158,0,1
VECTO-URBAN,EU VECTO Urban Bus,Urban,6192,21.44,-0.0955555555551109,0,1
VECTO-URBAN,EU VECTO Urban Bus,Urban,6193,16.76,-0.8,0,1
VECTO-URBAN,EU VECTO Urban Bus,Urban,6194,12.08,-0.8,0,1
VECTO-URBAN,EU VECTO Urban Bus,Urban,6195,7.39999999999999,-0.8,0,1
VECTO-URBAN,EU VECTO Urban Bus,Urban,6196,2.71999999999999,-0.8,0,1
VECTO-URBAN,EU VECTO Urban Bus,Urban,6197,0,-0.8,1,1.1
VECTO-URBAN,EU VECTO Urban Bus,Urban,6198,0,-0.8,1,1.1
VECTO-URBAN,EU VECTO Urban Bus,Urban,6199,0,-0.8,1,1.1
VECTO-URBAN,EU VECTO Urban Bus,Urban,6200,0,-0.8,1,1.1
VECTO-URBAN,EU VECTO Urban Bus,Urban,6201,0,-0.8,1,1.1
VECTO-URBAN,EU VECTO Urban Bus,Urban,6202,0,-0.8,1,1.1
VECTO-URBAN,EU VECTO Urban Bus,Urban,6203,0,-0.8,1,1.1
VECTO-URBAN,EU VECTO Urban Bus,Urban,6204,0,-0.8,1,1.1
VECTO-URBAN,EU VECTO Urban Bus,Urban,6205,0,-0.8,1,1.1
VECTO-URBAN,EU VECTO Urban Bus,Urban,6206,0,-0.8,1,1.1
VECTO-URBAN,EU VECTO Urban Bus,Urban,6207,0,-0.8,1,1.1
VECTO-URBAN,EU VECTO Urban Bus,Urban,6208,0,-0.8,1,1.1
VECTO-URBAN,EU VECTO Urban Bus,Urban,6209,0,-0.8,1,1.1
VECTO-URBAN,EU VECTO Urban Bus,Urban,6210,0,-0.8,1,1.1
VECTO-URBAN,EU VECTO Urban Bus,Urban,6211,0,-0.8,1,1.1
VECTO-URBAN,EU VECTO Urban Bus,Urban,6212,0,-0.8,1,1.1
VECTO-URBAN,EU VECTO Urban Bus,Urban,6213,0,-0.8,1,1.1
VECTO-URBAN,EU VECTO Urban Bus,Urban,6214,0,-0.8,1,1.1
VECTO-URBAN,EU VECTO Urban Bus,Urban,6215,0,-0.8,1,1.1
VECTO-URBAN,EU VECTO Urban Bus,Urban,6216,0,-0.8,1,1.1
VECTO-URBAN,EU VECTO Urban Bus,Urban,6217,0,-0.8,1,1.1
VECTO-URBAN,EU VECTO Urban Bus,Urban,6218,0,-0.8,1,1.1
VECTO-URBAN,EU VECTO Urban Bus,Urban,6219,0,-0.8,1,1.1
VECTO-URBAN,EU VECTO Urban Bus,Urban,6220,0,-0.8,1,1.1
VECTO-URBAN,EU VECTO Urban Bus,Urban,6221,0,-0.8,1,1.1
VECTO-URBAN,EU VECTO Urban Bus,Urban,6222,0,-0.8,1,1.1
VECTO-URBAN,EU VECTO Urban Bus,Urban,6223,0,-0.8,1,1.1
VECTO-URBAN,EU VECTO Urban Bus,Urban,6224,0,-0.8,1,1.1
VECTO-URBAN,EU VECTO Urban Bus,Urban,6225,0,-0.8,1,1.1
VECTO-URBAN,EU VECTO Urban Bus,Urban,6226,0,-0.8,1,1.1
VECTO-URBAN,EU VECTO Urban Bus,Urban,6227,0,-0.8,1,1.1
VECTO-URBAN,EU VECTO Urban Bus,Urban,6228,0,-0.8,1,1.1
VECTO-URBAN,EU VECTO Urban Bus,Urban,6229,0,-0.8,1,1.1
VECTO-URBAN,EU VECTO Urban Bus,Urban,6230,0,-0.8,1,1.1
VECTO-URBAN,EU VECTO Urban Bus,Urban,6231,0,-0.8,1,1.1
VECTO-URBAN,EU VECTO Urban Bus,Urban,6232,0,-0.8,1,1.1
VECTO-URBAN,EU VECTO Urban Bus,Urban,6233,0,-0.8,1,1.1
VECTO-URBAN,EU VECTO Urban Bus,Urban,6234,0,-0.8,1,1.1
VECTO-URBAN,EU VECTO Urban Bus,Urban,6235,0,-0.8,1,1.1
VECTO-URBAN,EU VECTO Urban Bus,Urban,6236,0,-0.8,1,1.1
VECTO-URBAN,EU VECTO Urban Bus,Urban,6237,0,-0.8,1,1.1
VECTO-URBAN,EU VECTO Urban Bus,Urban,6238,0,-0.8,1,1.1
VECTO-URBAN,EU VECTO Urban Bus,Urban,6239,0,-0.8,1,1.1
VECTO-URBAN,EU VECTO Urban Bus,Urban,6240,0,-0.8,1,1.1
VECTO-URBAN,EU VECTO Urban Bus,Urban,6241,0,-0.8,1,1.1
VECTO-URBAN,EU VECTO Urban Bus,Urban,6242,0,-0.8,1,1.1
VECTO-URBAN,EU VECTO Urban Bus,Urban,6243,0,-0.8,1,1.1
VECTO-URBAN,EU VECTO Urban Bus,Urban,6244,0,-0.8,1,1.1
VECTO-URBAN,EU VECTO Urban Bus,Urban,6245,0,-0.8,1,1.1
VECTO-URBAN,EU VECTO Urban Bus,Urban,6246,0,-0.8,1,1.1
VECTO-URBAN,EU VECTO Urban Bus,Urban,6247,0,-0.8,1,1.1
VECTO-URBAN,EU VECTO Urban Bus,Urban,6248,0,-0.8,1,1.1
VECTO-URBAN,EU VECTO Urban Bus,Urban,6249,0,-0.8,1,1.1
VECTO-URBAN,EU VECTO Urban Bus,Urban,6250,0,-0.8,1,1.1
VECTO-URBAN,EU VECTO Urban Bus,Urban,6251,0,-0.8,1,1.1
VECTO-URBAN,EU VECTO Urban Bus,Urban,6252,0,-0.8,1,1.1
VECTO-URBAN,EU VECTO Urban Bus,Urban,6253,0,-0.8,0,1
VECTO-URBAN,EU VECTO Urban Bus,Urban,6254,3.6,-0.8,0,1
VECTO-URBAN,EU VECTO Urban Bus,Urban,6255,7.2,-0.9,0,1
VECTO-URBAN,EU VECTO Urban Bus,Urban,6256,10.8,-1.03,0,1
VECTO-URBAN,EU VECTO Urban Bus,Urban,6257,14.4,-1.1,0,1
VECTO-URBAN,EU VECTO Urban Bus,Urban,6258,18,-1.20625,0,1
VECTO-URBAN,EU VECTO Urban Bus,Urban,6259,21.6,-1.275,0,1
VECTO-URBAN,EU VECTO Urban Bus,Urban,6260,25.2,-1.26538461538462,0,1
VECTO-URBAN,EU VECTO Urban Bus,Urban,6261,28.8,-1.20769230769231,0,1
VECTO-URBAN,EU VECTO Urban Bus,Urban,6262,32.4,-1.10625,0,1
VECTO-URBAN,EU VECTO Urban Bus,Urban,6263,36,-0.92,0,1
VECTO-URBAN,EU VECTO Urban Bus,Urban,6264,36.4,-0.631481481481508,0,1
VECTO-URBAN,EU VECTO Urban Bus,Urban,6265,36.4,-0.341666666666788,0,1
VECTO-URBAN,EU VECTO Urban Bus,Urban,6266,36.4,-0.0361111111113132,0,1
VECTO-URBAN,EU VECTO Urban Bus,Urban,6267,36.4,0.234722222222081,0,1
VECTO-URBAN,EU VECTO Urban Bus,Urban,6268,36.4,0.487499999999818,0,1
VECTO-URBAN,EU VECTO Urban Bus,Urban,6269,36.4,0.69351851851837,0,1
VECTO-URBAN,EU VECTO Urban Bus,Urban,6270,36.4,0.852469135802352,0,1
VECTO-URBAN,EU VECTO Urban Bus,Urban,6271,32.4416666666749,0.9,0,1
VECTO-URBAN,EU VECTO Urban Bus,Urban,6272,27.7616666666749,0.9,0,1
VECTO-URBAN,EU VECTO Urban Bus,Urban,6273,26.9,0.782328042328144,0,1
VECTO-URBAN,EU VECTO Urban Bus,Urban,6274,26.9,0.665814814814948,0,1
VECTO-URBAN,EU VECTO Urban Bus,Urban,6275,26.9,0.49546296296312,0,1
VECTO-URBAN,EU VECTO Urban Bus,Urban,6276,26.9,0.267314814815109,0,1
VECTO-URBAN,EU VECTO Urban Bus,Urban,6277,26.9,0.0624691358026515,0,1
VECTO-URBAN,EU VECTO Urban Bus,Urban,6278,26.9,-0.219938271604769,0,1
VECTO-URBAN,EU VECTO Urban Bus,Urban,6279,30.5,-0.485679012345524,0,1
VECTO-URBAN,EU VECTO Urban Bus,Urban,6280,34.1,-0.784753086419611,0,1
VECTO-URBAN,EU VECTO Urban Bus,Urban,6281,35.6,-0.984462962962862,0,1
VECTO-URBAN,EU VECTO Urban Bus,Urban,6282,35.6,-1.12829124579121,0,1
VECTO-URBAN,EU VECTO Urban Bus,Urban,6283,35.6,-1.18749421296297,0,1
VECTO-URBAN,EU VECTO Urban Bus,Urban,6284,35.6,-1.12568865740741,0,1
VECTO-URBAN,EU VECTO Urban Bus,Urban,6285,35.6,-1.06147530864197,0,1
VECTO-URBAN,EU VECTO Urban Bus,Urban,6286,35.6,-0.994436728395036,0,1
VECTO-URBAN,EU VECTO Urban Bus,Urban,6287,35.6,-0.912029320987616,0,1
VECTO-URBAN,EU VECTO Urban Bus,Urban,6288,35.6,-0.80616255144026,0,1
VECTO-URBAN,EU VECTO Urban Bus,Urban,6289,35.6,-0.722214506172774,0,1
VECTO-URBAN,EU VECTO Urban Bus,Urban,6290,35.6,-0.634335016834931,0,1
VECTO-URBAN,EU VECTO Urban Bus,Urban,6291,35.6,-0.549066358024599,0,1
VECTO-URBAN,EU VECTO Urban Bus,Urban,6292,35.6,-0.469223646723549,0,1
VECTO-URBAN,EU VECTO Urban Bus,Urban,6293,36.6259490740871,-0.4,0,1
VECTO-URBAN,EU VECTO Urban Bus,Urban,6294,39.7,-0.287437430753282,0,1
VECTO-URBAN,EU VECTO Urban Bus,Urban,6295,39.7,-0.202608370924225,0,1
VECTO-URBAN,EU VECTO Urban Bus,Urban,6296,39.7,-0.0937391858397446,0,1
VECTO-URBAN,EU VECTO Urban Bus,Urban,6297,39.7,0.00895584169256836,0,1
VECTO-URBAN,EU VECTO Urban Bus,Urban,6298,39.7,0.134038591938026,0,1
VECTO-URBAN,EU VECTO Urban Bus,Urban,6299,39.7,0.229015560699694,0,1
VECTO-URBAN,EU VECTO Urban Bus,Urban,6300,39.7,0.309998892604098,0,1
VECTO-URBAN,EU VECTO Urban Bus,Urban,6301,39.7,0.371264324702861,0,1
VECTO-URBAN,EU VECTO Urban Bus,Urban,6302,39.7,0.375602682398782,0,1
VECTO-URBAN,EU VECTO Urban Bus,Urban,6303,39.7,0.32965360832471,0,1
VECTO-URBAN,EU VECTO Urban Bus,Urban,6304,39.7,0.267409068501274,0,1
VECTO-URBAN,EU VECTO Urban Bus,Urban,6305,39.7,0.151021840706259,0,1
VECTO-URBAN,EU VECTO Urban Bus,Urban,6306,39.7,-0.0491616833850458,0,1
VECTO-URBAN,EU VECTO Urban Bus,Urban,6307,35.02,-0.317212255659069,0,1
VECTO-URBAN,EU VECTO Urban Bus,Urban,6308,30.34,-0.660550572273951,0,1
VECTO-URBAN,EU VECTO Urban Bus,Urban,6309,25.66,-1.00666002229118,0,1
VECTO-URBAN,EU VECTO Urban Bus,Urban,6310,20.98,-1.25591928155045,0,1
VECTO-URBAN,EU VECTO Urban Bus,Urban,6311,24.58,-1.56684520747634,0,1
VECTO-URBAN,EU VECTO Urban Bus,Urban,6312,19.9,-1.8727711334023,0,1
VECTO-URBAN,EU VECTO Urban Bus,Urban,6313,15.22,-2.10304558899243,0,1
VECTO-URBAN,EU VECTO Urban Bus,Urban,6314,10.54,-2.2,0,1
VECTO-URBAN,EU VECTO Urban Bus,Urban,6315,5.86,-2.2,0,1
VECTO-URBAN,EU VECTO Urban Bus,Urban,6316,1.18,-2.2,0,1
VECTO-URBAN,EU VECTO Urban Bus,Urban,6317,0,-2.2,1,1.1
VECTO-URBAN,EU VECTO Urban Bus,Urban,6318,0,-2.2,1,1.1
VECTO-URBAN,EU VECTO Urban Bus,Urban,6319,0,-2.2,1,1.1
VECTO-URBAN,EU VECTO Urban Bus,Urban,6320,0,-2.2,1,1.1
VECTO-URBAN,EU VECTO Urban Bus,Urban,6321,0,-2.2,1,1.1
VECTO-URBAN,EU VECTO Urban Bus,Urban,6322,0,-2.2,1,1.1
VECTO-URBAN,EU VECTO Urban Bus,Urban,6323,0,-2.2,1,1.1
VECTO-URBAN,EU VECTO Urban Bus,Urban,6324,0,-2.2,1,1.1
VECTO-URBAN,EU VECTO Urban Bus,Urban,6325,0,-2.2,1,1.1
VECTO-URBAN,EU VECTO Urban Bus,Urban,6326,0,-2.2,1,1.1
VECTO-URBAN,EU VECTO Urban Bus,Urban,6327,0,-2.2,0,1
VECTO-URBAN,EU VECTO Urban Bus,Urban,6328,0,-2.8,1,1.1
VECTO-URBAN,EU VECTO Urban Bus,Urban,6329,0,-2.8,1,1.1
VECTO-URBAN,EU VECTO Urban Bus,Urban,6330,0,-2.8,0,1
VECTO-URBAN,EU VECTO Urban Bus,Urban,6331,3.6,-2.8,0,1
VECTO-URBAN,EU VECTO Urban Bus,Urban,6332,7.2,-2.85,0,1
VECTO-URBAN,EU VECTO Urban Bus,Urban,6333,10.8,-2.87,0,1
VECTO-URBAN,EU VECTO Urban Bus,Urban,6334,14.4,-2.8,0,1
VECTO-URBAN,EU VECTO Urban Bus,Urban,6335,14.5,-2.73310185185183,0,1
VECTO-URBAN,EU VECTO Urban Bus,Urban,6336,14.5,-2.59861111111107,0,1
VECTO-URBAN,EU VECTO Urban Bus,Urban,6337,14.5,-2.44652777777774,0,1
VECTO-URBAN,EU VECTO Urban Bus,Urban,6338,14.5,-2.29027777777774,0,1
VECTO-URBAN,EU VECTO Urban Bus,Urban,6339,14.5,-1.99375,0,1
VECTO-URBAN,EU VECTO Urban Bus,Urban,6340,14.5,-1.69236111111113,0,1
VECTO-URBAN,EU VECTO Urban Bus,Urban,6341,9.82,-1.44694444444431,0,1
VECTO-URBAN,EU VECTO Urban Bus,Urban,6342,5.14,-1.26958333333332,0,1
VECTO-URBAN,EU VECTO Urban Bus,Urban,6343,8.74,-1.14638888888876,0,1
VECTO-URBAN,EU VECTO Urban Bus,Urban,6344,4.06,-1.1,0,1
VECTO-URBAN,EU VECTO Urban Bus,Urban,6345,0,-1.1,1,1.1
VECTO-URBAN,EU VECTO Urban Bus,Urban,6346,0,-1.1,1,1.1
VECTO-URBAN,EU VECTO Urban Bus,Urban,6347,0,-1.1,1,1.1
VECTO-URBAN,EU VECTO Urban Bus,Urban,6348,0,-1.1,1,1.1
VECTO-URBAN,EU VECTO Urban Bus,Urban,6349,0,-1.1,1,1.1
VECTO-URBAN,EU VECTO Urban Bus,Urban,6350,0,-1.1,1,1.1
VECTO-URBAN,EU VECTO Urban Bus,Urban,6351,0,-1.1,1,1.1
VECTO-URBAN,EU VECTO Urban Bus,Urban,6352,0,-1.1,1,1.1
VECTO-URBAN,EU VECTO Urban Bus,Urban,6353,0,-1.1,1,1.1
VECTO-URBAN,EU VECTO Urban Bus,Urban,6354,0,-1.1,1,1.1
VECTO-URBAN,EU VECTO Urban Bus,Urban,6355,0,-1.1,1,1.1
VECTO-URBAN,EU VECTO Urban Bus,Urban,6356,0,-1.1,1,1.1
VECTO-URBAN,EU VECTO Urban Bus,Urban,6357,0,-1.1,1,1.1
VECTO-URBAN,EU VECTO Urban Bus,Urban,6358,0,-1.1,1,1.1
VECTO-URBAN,EU VECTO Urban Bus,Urban,6359,0,-1.1,1,1.1
VECTO-URBAN,EU VECTO Urban Bus,Urban,6360,0,-1.1,1,1.1
VECTO-URBAN,EU VECTO Urban Bus,Urban,6361,0,-1.1,1,1.1
VECTO-URBAN,EU VECTO Urban Bus,Urban,6362,0,-1.1,1,1.1
VECTO-URBAN,EU VECTO Urban Bus,Urban,6363,0,-1.1,1,1.1
VECTO-URBAN,EU VECTO Urban Bus,Urban,6364,0,-1.1,1,1.1
VECTO-URBAN,EU VECTO Urban Bus,Urban,6365,0,-1.1,1,1.1
VECTO-URBAN,EU VECTO Urban Bus,Urban,6366,0,-1.1,1,1.1
VECTO-URBAN,EU VECTO Urban Bus,Urban,6367,0,-1.1,1,1.1
VECTO-URBAN,EU VECTO Urban Bus,Urban,6368,0,-1.1,1,1.1
VECTO-URBAN,EU VECTO Urban Bus,Urban,6369,0,-1.1,1,1.1
VECTO-URBAN,EU VECTO Urban Bus,Urban,6370,0,-1.1,1,1.1
VECTO-URBAN,EU VECTO Urban Bus,Urban,6371,0,-1.1,1,1.1
VECTO-URBAN,EU VECTO Urban Bus,Urban,6372,0,-1.1,1,1.1
VECTO-URBAN,EU VECTO Urban Bus,Urban,6373,0,-1.1,1,1.1
VECTO-URBAN,EU VECTO Urban Bus,Urban,6374,0,-1.1,1,1.1
VECTO-URBAN,EU VECTO Urban Bus,Urban,6375,0,-1.1,1,1.1
VECTO-URBAN,EU VECTO Urban Bus,Urban,6376,0,-1.1,1,1.1
VECTO-URBAN,EU VECTO Urban Bus,Urban,6377,0,-1.1,1,1.1
VECTO-URBAN,EU VECTO Urban Bus,Urban,6378,0,-1.1,1,1.1
VECTO-URBAN,EU VECTO Urban Bus,Urban,6379,0,-1.1,1,1.1
VECTO-URBAN,EU VECTO Urban Bus,Urban,6380,0,-1.1,1,1.1
VECTO-URBAN,EU VECTO Urban Bus,Urban,6381,0,-1.1,1,1.1
VECTO-URBAN,EU VECTO Urban Bus,Urban,6382,0,-1.1,1,1.1
VECTO-URBAN,EU VECTO Urban Bus,Urban,6383,0,-1.1,1,1.1
VECTO-URBAN,EU VECTO Urban Bus,Urban,6384,0,-1.1,1,1.1
VECTO-URBAN,EU VECTO Urban Bus,Urban,6385,0,-1.1,1,1.1
VECTO-URBAN,EU VECTO Urban Bus,Urban,6386,0,-1.1,1,1.1
VECTO-URBAN,EU VECTO Urban Bus,Urban,6387,0,-1.1,1,1.1
VECTO-URBAN,EU VECTO Urban Bus,Urban,6388,0,-1.1,0,1
VECTO-URBAN,EU VECTO Urban Bus,Urban,6389,3.6,-1.1,0,1
VECTO-URBAN,EU VECTO Urban Bus,Urban,6390,7.2,-0.9,0,1
VECTO-URBAN,EU VECTO Urban Bus,Urban,6391,10.8,-0.65,0,1
VECTO-URBAN,EU VECTO Urban Bus,Urban,6392,14.4,-0.4,0,1
VECTO-URBAN,EU VECTO Urban Bus,Urban,6393,18,-0.025,0,1
VECTO-URBAN,EU VECTO Urban Bus,Urban,6394,21.6,0.45,0,1
VECTO-URBAN,EU VECTO Urban Bus,Urban,6395,25.2,0.825,0,1
VECTO-URBAN,EU VECTO Urban Bus,Urban,6396,25.8,1.17916666666661,0,1
VECTO-URBAN,EU VECTO Urban Bus,Urban,6397,25.8,1.41875,0,1
VECTO-URBAN,EU VECTO Urban Bus,Urban,6398,25.8,1.47696078431372,0,1
VECTO-URBAN,EU VECTO Urban Bus,Urban,6399,25.8,1.43480392156861,0,1
VECTO-URBAN,EU VECTO Urban Bus,Urban,6400,25.8,1.3821428571428,0,1
VECTO-URBAN,EU VECTO Urban Bus,Urban,6401,25.8,1.27166666666657,0,1
VECTO-URBAN,EU VECTO Urban Bus,Urban,6402,25.8,1.11041666666652,0,1
VECTO-URBAN,EU VECTO Urban Bus,Urban,6403,25.8,0.931249999999818,0,1
VECTO-URBAN,EU VECTO Urban Bus,Urban,6404,25.8,0.761666666666497,0,1
VECTO-URBAN,EU VECTO Urban Bus,Urban,6405,25.8,0.598333333333139,0,1
VECTO-URBAN,EU VECTO Urban Bus,Urban,6406,25.8,0.443749999999727,0,1
VECTO-URBAN,EU VECTO Urban Bus,Urban,6407,25.8,0.30972222222202,0,1
VECTO-URBAN,EU VECTO Urban Bus,Urban,6408,25.8,0.180208333333167,0,1
VECTO-URBAN,EU VECTO Urban Bus,Urban,6409,25.8,0.091666666666505,0,1
VECTO-URBAN,EU VECTO Urban Bus,Urban,6410,25.8,0.0120370370368619,0,1
VECTO-URBAN,EU VECTO Urban Bus,Urban,6411,25.8,-0.0553030303031846,0,1
VECTO-URBAN,EU VECTO Urban Bus,Urban,6412,25.8,-0.115000000000121,0,1
VECTO-URBAN,EU VECTO Urban Bus,Urban,6413,25.8,-0.162777777777907,0,1
VECTO-URBAN,EU VECTO Urban Bus,Urban,6414,25.7469999999998,-0.193696111111029,0,1
VECTO-URBAN,EU VECTO Urban Bus,Urban,6415,25.6610883333331,-0.165136062036952,0,1
VECTO-URBAN,EU VECTO Urban Bus,Urban,6416,25.5754081861109,-0.13667134174837,0,1
VECTO-URBAN,EU VECTO Urban Bus,Urban,6417,20.8954081861109,-0.11085422154158,0,1
VECTO-URBAN,EU VECTO Urban Bus,Urban,6418,23.2,-0.1,0,1
VECTO-URBAN,EU VECTO Urban Bus,Urban,6419,23.2,-0.00241247821462215,0,1
VECTO-URBAN,EU VECTO Urban Bus,Urban,6420,23.2,0.125993915031358,0,1
VECTO-URBAN,EU VECTO Urban Bus,Urban,6421,23.2,0.254882803920264,0,1
VECTO-URBAN,EU VECTO Urban Bus,Urban,6422,23.2,0.409429232022922,0,1
VECTO-URBAN,EU VECTO Urban Bus,Urban,6423,23.2,0.621100969496789,0,1
VECTO-URBAN,EU VECTO Urban Bus,Urban,6424,23.2,0.835915784311631,0,1
VECTO-URBAN,EU VECTO Urban Bus,Urban,6425,23.2,1.05073059912647,0,1
VECTO-URBAN,EU VECTO Urban Bus,Urban,6426,20.8693148366881,1.24106640363889,0,1
VECTO-URBAN,EU VECTO Urban Bus,Urban,6427,17.4,1.37394596904405,0,1
VECTO-URBAN,EU VECTO Urban Bus,Urban,6428,21,1.5,0,1
VECTO-URBAN,EU VECTO Urban Bus,Urban,6429,24.6,1.59759805604451,0,1
VECTO-URBAN,EU VECTO Urban Bus,Urban,6430,28.2,1.56939292783939,0,1
VECTO-URBAN,EU VECTO Urban Bus,Urban,6431,31.8,1.53734164578811,0,1
VECTO-URBAN,EU VECTO Urban Bus,Urban,6432,33.4,1.50251258595906,0,1
VECTO-URBAN,EU VECTO Urban Bus,Urban,6433,33.4,1.38959157619295,0,1
VECTO-URBAN,EU VECTO Urban Bus,Urban,6434,33.4,1.24425309705428,0,1
VECTO-URBAN,EU VECTO Urban Bus,Urban,6435,33.4,1.13819939016023,0,1
VECTO-URBAN,EU VECTO Urban Bus,Urban,6436,33.4,1.13032132645419,0,1
VECTO-URBAN,EU VECTO Urban Bus,Urban,6437,33.4,1.18186453633073,0,1
VECTO-URBAN,EU VECTO Urban Bus,Urban,6438,33.4,1.2601339431731,0,1
VECTO-URBAN,EU VECTO Urban Bus,Urban,6439,33.4,1.40485286825145,0,1
VECTO-URBAN,EU VECTO Urban Bus,Urban,6440,33.4,1.60948249788107,0,1
VECTO-URBAN,EU VECTO Urban Bus,Urban,6441,33.4,1.82116819126604,0,1
VECTO-URBAN,EU VECTO Urban Bus,Urban,6442,33.4,2.07811263571048,0,1
VECTO-URBAN,EU VECTO Urban Bus,Urban,6443,28.72,2.31880708015497,0,1
VECTO-URBAN,EU VECTO Urban Bus,Urban,6444,24.04,2.48160121967951,0,1
VECTO-URBAN,EU VECTO Urban Bus,Urban,6445,19.36,2.60215677523505,0,1
VECTO-URBAN,EU VECTO Urban Bus,Urban,6446,22.96,2.71232020674415,0,1
VECTO-URBAN,EU VECTO Urban Bus,Urban,6447,18.28,2.78391742896638,0,1
VECTO-URBAN,EU VECTO Urban Bus,Urban,6448,13.6,2.8,0,1
VECTO-URBAN,EU VECTO Urban Bus,Urban,6449,8.92,2.8,0,1
VECTO-URBAN,EU VECTO Urban Bus,Urban,6450,4.24,2.8,0,1
VECTO-URBAN,EU VECTO Urban Bus,Urban,6451,0,2.8,1,1.1
VECTO-URBAN,EU VECTO Urban Bus,Urban,6452,0,2.8,1,1.1
VECTO-URBAN,EU VECTO Urban Bus,Urban,6453,0,2.8,1,1.1
VECTO-URBAN,EU VECTO Urban Bus,Urban,6454,0,2.8,1,1.1
VECTO-URBAN,EU VECTO Urban Bus,Urban,6455,0,2.8,1,1.1
VECTO-URBAN,EU VECTO Urban Bus,Urban,6456,0,2.8,1,1.1
VECTO-URBAN,EU VECTO Urban Bus,Urban,6457,0,2.8,1,1.1
VECTO-URBAN,EU VECTO Urban Bus,Urban,6458,0,2.8,1,1.1
VECTO-URBAN,EU VECTO Urban Bus,Urban,6459,0,2.8,1,1.1
VECTO-URBAN,EU VECTO Urban Bus,Urban,6460,0,2.8,1,1.1
VECTO-URBAN,EU VECTO Urban Bus,Urban,6461,0,2.8,1,1.1
VECTO-URBAN,EU VECTO Urban Bus,Urban,6462,0,2.8,1,1.1
VECTO-URBAN,EU VECTO Urban Bus,Urban,6463,0,2.8,1,1.1
VECTO-URBAN,EU VECTO Urban Bus,Urban,6464,0,2.8,1,1.1
VECTO-URBAN,EU VECTO Urban Bus,Urban,6465,0,2.8,0,1
VECTO-URBAN,EU VECTO Urban Bus,Urban,6466,3.6,2.8,0,1
VECTO-URBAN,EU VECTO Urban Bus,Urban,6467,7.2,2.78571428571429,0,1
VECTO-URBAN,EU VECTO Urban Bus,Urban,6468,10.8,2.75,0,1
VECTO-URBAN,EU VECTO Urban Bus,Urban,6469,14.4,2.7,0,1
VECTO-URBAN,EU VECTO Urban Bus,Urban,6470,18,2.63571428571429,0,1
VECTO-URBAN,EU VECTO Urban Bus,Urban,6471,21.6,2.525,0,1
VECTO-URBAN,EU VECTO Urban Bus,Urban,6472,22.8,2.32777777777774,0,1
VECTO-URBAN,EU VECTO Urban Bus,Urban,6473,22.8,2.075,0,1
VECTO-URBAN,EU VECTO Urban Bus,Urban,6474,22.8,1.71666666666679,0,1
VECTO-URBAN,EU VECTO Urban Bus,Urban,6475,22.8,1.29166666666679,0,1
VECTO-URBAN,EU VECTO Urban Bus,Urban,6476,22.8,0.925000000000182,0,1
VECTO-URBAN,EU VECTO Urban Bus,Urban,6477,22.8,0.358333333333576,0,1
VECTO-URBAN,EU VECTO Urban Bus,Urban,6478,22.8,-0.205555555555353,0,1
VECTO-URBAN,EU VECTO Urban Bus,Urban,6479,22.8,-0.624999999999636,0,1
VECTO-URBAN,EU VECTO Urban Bus,Urban,6480,22.8,-1.18333333333248,0,1
VECTO-URBAN,EU VECTO Urban Bus,Urban,6481,26.4,-1.68333333333285,0,1
VECTO-URBAN,EU VECTO Urban Bus,Urban,6482,30,-2.24999999999964,0,1
VECTO-URBAN,EU VECTO Urban Bus,Urban,6483,33.6,-2.74444444444404,0,1
VECTO-URBAN,EU VECTO Urban Bus,Urban,6484,37.2,-3.17222222222178,0,1
VECTO-URBAN,EU VECTO Urban Bus,Urban,6485,40.8,-3.48333333333309,0,1
VECTO-URBAN,EU VECTO Urban Bus,Urban,6486,44.4,-3.58118279569898,0,1
VECTO-URBAN,EU VECTO Urban Bus,Urban,6487,45.1,-3.54108422939073,0,1
VECTO-URBAN,EU VECTO Urban Bus,Urban,6488,45.1,-3.50067204301081,0,1
VECTO-URBAN,EU VECTO Urban Bus,Urban,6489,45.1,-3.32800925925955,0,1
VECTO-URBAN,EU VECTO Urban Bus,Urban,6490,45.1,-3.10218253968279,0,1
VECTO-URBAN,EU VECTO Urban Bus,Urban,6491,45.1,-2.75250000000036,0,1
VECTO-URBAN,EU VECTO Urban Bus,Urban,6492,45.1,-2.40243055555602,0,1
VECTO-URBAN,EU VECTO Urban Bus,Urban,6493,45.1,-1.92847222222317,0,1
VECTO-URBAN,EU VECTO Urban Bus,Urban,6494,45.1,-1.3520833333343,0,1
VECTO-URBAN,EU VECTO Urban Bus,Urban,6495,45.1,-0.783796296296956,0,1
VECTO-URBAN,EU VECTO Urban Bus,Urban,6496,45.1,-0.232870370371044,0,1
VECTO-URBAN,EU VECTO Urban Bus,Urban,6497,45.1,0.427083333332303,0,1
VECTO-URBAN,EU VECTO Urban Bus,Urban,6498,45.1,0.951736111110586,0,1
VECTO-URBAN,EU VECTO Urban Bus,Urban,6499,45.1,1.43194444444402,0,1
VECTO-URBAN,EU VECTO Urban Bus,Urban,6500,45.1,1.80249999999956,0,1
VECTO-URBAN,EU VECTO Urban Bus,Urban,6501,45.1,2.04565972222194,0,1
VECTO-URBAN,EU VECTO Urban Bus,Urban,6502,45.1,2.21686507936476,0,1
VECTO-URBAN,EU VECTO Urban Bus,Urban,6503,45.1,2.35590277777759,0,1
VECTO-URBAN,EU VECTO Urban Bus,Urban,6504,45.1,2.45168650793634,0,1
VECTO-URBAN,EU VECTO Urban Bus,Urban,6505,45.1,2.53842592592577,0,1
VECTO-URBAN,EU VECTO Urban Bus,Urban,6506,45.1,2.62351190476173,0,1
VECTO-URBAN,EU VECTO Urban Bus,Urban,6507,45.1,2.71212962962947,0,1
VECTO-URBAN,EU VECTO Urban Bus,Urban,6508,45.1,2.79564814814798,0,1
VECTO-URBAN,EU VECTO Urban Bus,Urban,6509,45.1,2.77361111111117,0,1
VECTO-URBAN,EU VECTO Urban Bus,Urban,6510,45.1,2.74577160493833,0,1
VECTO-URBAN,EU VECTO Urban Bus,Urban,6511,45.1,2.71793209876549,0,1
VECTO-URBAN,EU VECTO Urban Bus,Urban,6512,45.1,2.66284722222244,0,1
VECTO-URBAN,EU VECTO Urban Bus,Urban,6513,45.1,2.55013888888916,0,1
VECTO-URBAN,EU VECTO Urban Bus,Urban,6514,45.1,2.39265873015912,0,1
VECTO-URBAN,EU VECTO Urban Bus,Urban,6515,45.1,2.18511904761945,0,1
VECTO-URBAN,EU VECTO Urban Bus,Urban,6516,45.1,1.9803819444448,0,1
VECTO-URBAN,EU VECTO Urban Bus,Urban,6517,45.1,1.78432539682581,0,1
VECTO-URBAN,EU VECTO Urban Bus,Urban,6518,45.1,1.57678571428613,0,1
VECTO-URBAN,EU VECTO Urban Bus,Urban,6519,45.1,1.35694444444503,0,1
VECTO-URBAN,EU VECTO Urban Bus,Urban,6520,45.1,1.10638888888949,0,1
VECTO-URBAN,EU VECTO Urban Bus,Urban,6521,45.1,0.85583333333394,0,1
VECTO-URBAN,EU VECTO Urban Bus,Urban,6522,45.1,0.605277777778392,0,1
VECTO-URBAN,EU VECTO Urban Bus,Urban,6523,45.1,0.314722222222845,0,1
VECTO-URBAN,EU VECTO Urban Bus,Urban,6524,45.1,0.0241666666672973,0,1
VECTO-URBAN,EU VECTO Urban Bus,Urban,6525,45.1,-0.32638888888825,0,1
VECTO-URBAN,EU VECTO Urban Bus,Urban,6526,45.1,-0.642361111109494,0,1
VECTO-URBAN,EU VECTO Urban Bus,Urban,6527,45.1,-0.967499999999345,0,1
VECTO-URBAN,EU VECTO Urban Bus,Urban,6528,45.1,-1.25805555555489,0,1
VECTO-URBAN,EU VECTO Urban Bus,Urban,6529,45.1,-1.46788194444402,0,1
VECTO-URBAN,EU VECTO Urban Bus,Urban,6530,45.1,-1.63697916666624,0,1
VECTO-URBAN,EU VECTO Urban Bus,Urban,6531,45.1,-1.74403594771222,0,1
VECTO-URBAN,EU VECTO Urban Bus,Urban,6532,45.1,-1.77681623931651,0,1
VECTO-URBAN,EU VECTO Urban Bus,Urban,6533,45.1,-1.68662280701773,0,1
VECTO-URBAN,EU VECTO Urban Bus,Urban,6534,45.1,-1.62068713450311,0,1
VECTO-URBAN,EU VECTO Urban Bus,Urban,6535,45.1,-1.5338675213678,0,1
VECTO-URBAN,EU VECTO Urban Bus,Urban,6536,45.1,-1.38875000000036,0,1
VECTO-URBAN,EU VECTO Urban Bus,Urban,6537,45.1,-1.24781746031799,0,1
VECTO-URBAN,EU VECTO Urban Bus,Urban,6538,45.1,-1.05638888888963,0,1
VECTO-URBAN,EU VECTO Urban Bus,Urban,6539,45.1,-0.861309523810061,0,1
VECTO-URBAN,EU VECTO Urban Bus,Urban,6540,45.1,-0.653769841270384,0,1
VECTO-URBAN,EU VECTO Urban Bus,Urban,6541,45.1,-0.40472222222299,0,1
VECTO-URBAN,EU VECTO Urban Bus,Urban,6542,45.1,-0.181547619048173,0,1
VECTO-URBAN,EU VECTO Urban Bus,Urban,6543,45.1,0.0402777777772176,0,1
VECTO-URBAN,EU VECTO Urban Bus,Urban,6544,45.1,0.23353174603118,0,1
VECTO-URBAN,EU VECTO Urban Bus,Urban,6545,45.1,0.3787499999996,0,1
VECTO-URBAN,EU VECTO Urban Bus,Urban,6546,45.1,0.367491319444571,0,1
VECTO-URBAN,EU VECTO Urban Bus,Urban,6547,45.1,0.328342013889016,0,1
VECTO-URBAN,EU VECTO Urban Bus,Urban,6548,45.1,0.280787037037266,0,1
VECTO-URBAN,EU VECTO Urban Bus,Urban,6549,45.1,0.21118827160517,0,1
VECTO-URBAN,EU VECTO Urban Bus,Urban,6550,40.42,0.240532407407075,0,1
VECTO-URBAN,EU VECTO Urban Bus,Urban,6551,35.74,0.326474358974044,0,1
VECTO-URBAN,EU VECTO Urban Bus,Urban,6552,31.06,0.397841880341562,0,1
VECTO-URBAN,EU VECTO Urban Bus,Urban,6553,26.38,0.485524691357568,0,1
VECTO-URBAN,EU VECTO Urban Bus,Urban,6554,25.2,0.55328282828245,0,1
VECTO-URBAN,EU VECTO Urban Bus,Urban,6555,25.2,0.588368055555816,0,1
VECTO-URBAN,EU VECTO Urban Bus,Urban,6556,25.2,0.544618055555816,0,1
VECTO-URBAN,EU VECTO Urban Bus,Urban,6557,25.2,0.500868055555816,0,1
VECTO-URBAN,EU VECTO Urban Bus,Urban,6558,20.52,0.4,0,1
VECTO-URBAN,EU VECTO Urban Bus,Urban,6559,19.4414814813982,0.280967078190679,0,1
VECTO-URBAN,EU VECTO Urban Bus,Urban,6560,22.9,0.111930727025538,0,1
VECTO-URBAN,EU VECTO Urban Bus,Urban,6561,22.9,-0.100159465017168,0,1
VECTO-URBAN,EU VECTO Urban Bus,Urban,6562,22.9,-0.378810013715095,0,1
VECTO-URBAN,EU VECTO Urban Bus,Urban,6563,22.9,-0.672541152256235,0,1
VECTO-URBAN,EU VECTO Urban Bus,Urban,6564,22.9,-0.954326131683592,0,1
VECTO-URBAN,EU VECTO Urban Bus,Urban,6565,22.9,-1.21492112482604,0,1
VECTO-URBAN,EU VECTO Urban Bus,Urban,6566,22.9,-1.42021862139727,0,1
VECTO-URBAN,EU VECTO Urban Bus,Urban,6567,22.9,-1.54528365667143,0,1
VECTO-URBAN,EU VECTO Urban Bus,Urban,6568,19.1,-1.6,0,1
VECTO-URBAN,EU VECTO Urban Bus,Urban,6569,19.1,-1.53456275720564,0,1
VECTO-URBAN,EU VECTO Urban Bus,Urban,6570,19.1,-1.42309499314263,0,1
VECTO-URBAN,EU VECTO Urban Bus,Urban,6571,19.1,-1.30200360082508,0,1
VECTO-URBAN,EU VECTO Urban Bus,Urban,6572,19.1,-1.09248628258162,0,1
VECTO-URBAN,EU VECTO Urban Bus,Urban,6573,19.1,-0.873451646094691,0,1
VECTO-URBAN,EU VECTO Urban Bus,Urban,6574,19.1,-0.608173868316953,0,1
VECTO-URBAN,EU VECTO Urban Bus,Urban,6575,14.42,-0.416930727026071,0,1
VECTO-URBAN,EU VECTO Urban Bus,Urban,6576,9.74,-0.257618312761406,0,1
VECTO-URBAN,EU VECTO Urban Bus,Urban,6577,13.34,-0.0982270233223971,0,1
VECTO-URBAN,EU VECTO Urban Bus,Urban,6578,8.66000000000001,0,0,1
VECTO-URBAN,EU VECTO Urban Bus,Urban,6579,3.98,0,0,1
VECTO-URBAN,EU VECTO Urban Bus,Urban,6580,0,0,1,1.1
VECTO-URBAN,EU VECTO Urban Bus,Urban,6581,0,0,1,1.1
VECTO-URBAN,EU VECTO Urban Bus,Urban,6582,0,0,1,1.1
VECTO-URBAN,EU VECTO Urban Bus,Urban,6583,0,0,1,1.1
VECTO-URBAN,EU VECTO Urban Bus,Urban,6584,0,0,1,1.1
VECTO-URBAN,EU VECTO Urban Bus,Urban,6585,0,0,1,1.1
VECTO-URBAN,EU VECTO Urban Bus,Urban,6586,0,0,1,1.1
VECTO-URBAN,EU VECTO Urban Bus,Urban,6587,0,0,1,1.1
VECTO-URBAN,EU VECTO Urban Bus,Urban,6588,0,0,1,1.1
VECTO-URBAN,EU VECTO Urban Bus,Urban,6589,0,0,1,1.1
VECTO-URBAN,EU VECTO Urban Bus,Urban,6590,0,0,1,1.1
VECTO-URBAN,EU VECTO Urban Bus,Urban,6591,0,0,1,1.1
VECTO-URBAN,EU VECTO Urban Bus,Urban,6592,0,0,1,1.1
VECTO-URBAN,EU VECTO Urban Bus,Urban,6593,0,0,1,1.1
VECTO-URBAN,EU VECTO Urban Bus,Urban,6594,0,0,1,1.1
VECTO-URBAN,EU VECTO Urban Bus,Urban,6595,0,0,1,1.1
VECTO-URBAN,EU VECTO Urban Bus,Urban,6596,0,0,1,1.1
VECTO-URBAN,EU VECTO Urban Bus,Urban,6597,0,0,1,1.1
VECTO-URBAN,EU VECTO Urban Bus,Urban,6598,0,0,1,1.1
VECTO-URBAN,EU VECTO Urban Bus,Urban,6599,0,0,1,1.1
VECTO-URBAN,EU VECTO Urban Bus,Urban,6600,0,0,1,1.1
VECTO-URBAN,EU VECTO Urban Bus,Urban,6601,0,0,1,1.1
VECTO-URBAN,EU VECTO Urban Bus,Urban,6602,0,0,1,1.1
VECTO-URBAN,EU VECTO Urban Bus,Urban,6603,0,0,1,1.1
VECTO-URBAN,EU VECTO Urban Bus,Urban,6604,0,0,1,1.1
VECTO-URBAN,EU VECTO Urban Bus,Urban,6605,0,0,1,1.1
VECTO-URBAN,EU VECTO Urban Bus,Urban,6606,0,0,1,1.1
VECTO-URBAN,EU VECTO Urban Bus,Urban,6607,0,0,1,1.1
VECTO-URBAN,EU VECTO Urban Bus,Urban,6608,0,0,1,1.1
VECTO-URBAN,EU VECTO Urban Bus,Urban,6609,0,0,1,1.1
VECTO-URBAN,EU VECTO Urban Bus,Urban,6610,0,0,1,1.1
VECTO-URBAN,EU VECTO Urban Bus,Urban,6611,0,0,1,1.1
VECTO-URBAN,EU VECTO Urban Bus,Urban,6612,0,0,1,1.1
VECTO-URBAN,EU VECTO Urban Bus,Urban,6613,0,0,1,1.1
VECTO-URBAN,EU VECTO Urban Bus,Urban,6614,0,0,1,1.1
VECTO-URBAN,EU VECTO Urban Bus,Urban,6615,0,0,1,1.1
VECTO-URBAN,EU VECTO Urban Bus,Urban,6616,0,0,1,1.1
VECTO-URBAN,EU VECTO Urban Bus,Urban,6617,0,0,1,1.1
VECTO-URBAN,EU VECTO Urban Bus,Urban,6618,0,0,1,1.1
VECTO-URBAN,EU VECTO Urban Bus,Urban,6619,0,0,1,1.1
VECTO-URBAN,EU VECTO Urban Bus,Urban,6620,0,0,1,1.1
VECTO-URBAN,EU VECTO Urban Bus,Urban,6621,0,0,1,1.1
VECTO-URBAN,EU VECTO Urban Bus,Urban,6622,0,0,1,1.1
VECTO-URBAN,EU VECTO Urban Bus,Urban,6623,0,0,1,1.1
VECTO-URBAN,EU VECTO Urban Bus,Urban,6624,0,0,1,1.1
VECTO-URBAN,EU VECTO Urban Bus,Urban,6625,0,0,1,1.1
VECTO-URBAN,EU VECTO Urban Bus,Urban,6626,0,0,1,1.1
VECTO-URBAN,EU VECTO Urban Bus,Urban,6627,0,0,1,1.1
VECTO-URBAN,EU VECTO Urban Bus,Urban,6628,0,0,1,1.1
VECTO-URBAN,EU VECTO Urban Bus,Urban,6629,0,0,1,1.1
VECTO-URBAN,EU VECTO Urban Bus,Urban,6630,0,0,1,1.1
VECTO-URBAN,EU VECTO Urban Bus,Urban,6631,0,0,1,1.1
VECTO-URBAN,EU VECTO Urban Bus,Urban,6632,0,0,1,1.1
VECTO-URBAN,EU VECTO Urban Bus,Urban,6633,0,0,1,1.1
VECTO-URBAN,EU VECTO Urban Bus,Urban,6634,0,0,1,1.1
VECTO-URBAN,EU VECTO Urban Bus,Urban,6635,0,0,1,1.1
VECTO-URBAN,EU VECTO Urban Bus,Urban,6636,0,0,1,1.1
VECTO-URBAN,EU VECTO Urban Bus,Urban,6637,0,0,1,1.1
VECTO-URBAN,EU VECTO Urban Bus,Urban,6638,0,0,1,1.1
VECTO-URBAN,EU VECTO Urban Bus,Urban,6639,0,0,1,1.1
VECTO-URBAN,EU VECTO Urban Bus,Urban,6640,0,0,1,1.1
VECTO-URBAN,EU VECTO Urban Bus,Urban,6641,0,0,1,1.1
VECTO-URBAN,EU VECTO Urban Bus,Urban,6642,0,0,1,1.1
VECTO-URBAN,EU VECTO Urban Bus,Urban,6643,0,0,1,1.1
VECTO-URBAN,EU VECTO Urban Bus,Urban,6644,0,0,1,1.1
VECTO-URBAN,EU VECTO Urban Bus,Urban,6645,0,0,1,1.1
VECTO-URBAN,EU VECTO Urban Bus,Urban,6646,0,0,1,1.1
VECTO-URBAN,EU VECTO Urban Bus,Urban,6647,0,0,1,1.1
VECTO-URBAN,EU VECTO Urban Bus,Urban,6648,0,0,1,1.1
VECTO-URBAN,EU VECTO Urban Bus,Urban,6649,0,0,1,1.1
VECTO-URBAN,EU VECTO Urban Bus,Urban,6650,0,0,1,1.1
VECTO-URBAN,EU VECTO Urban Bus,Urban,6651,0,0,0,1
VECTO-URBAN,EU VECTO Urban Bus,Urban,6652,3.6,0,0,1
VECTO-URBAN,EU VECTO Urban Bus,Urban,6653,7.2,0.0666666666666667,0,1
VECTO-URBAN,EU VECTO Urban Bus,Urban,6654,10.8,0.2125,0,1
VECTO-URBAN,EU VECTO Urban Bus,Urban,6655,14.4,0.3,0,1
VECTO-URBAN,EU VECTO Urban Bus,Urban,6656,18,0.39,0,1
VECTO-URBAN,EU VECTO Urban Bus,Urban,6657,20,0.35656565656566,0,1
VECTO-URBAN,EU VECTO Urban Bus,Urban,6658,20,0.306060606060617,0,1
VECTO-URBAN,EU VECTO Urban Bus,Urban,6659,20,0.202222222222263,0,1
VECTO-URBAN,EU VECTO Urban Bus,Urban,6660,20,0.0851851851852795,0,1
VECTO-URBAN,EU VECTO Urban Bus,Urban,6661,20,-0.0999999999998787,0,1
VECTO-URBAN,EU VECTO Urban Bus,Urban,6662,15.32,-0.263518518518443,0,1
VECTO-URBAN,EU VECTO Urban Bus,Urban,6663,10.64,-0.41703703703691,0,1
VECTO-URBAN,EU VECTO Urban Bus,Urban,6664,14.24,-0.564444444444234,0,1
VECTO-URBAN,EU VECTO Urban Bus,Urban,6665,9.56,-0.7,0,1
VECTO-URBAN,EU VECTO Urban Bus,Urban,6666,4.88,-0.7,0,1
VECTO-URBAN,EU VECTO Urban Bus,Urban,6667,0.200000000000001,-0.7,1,1.1
VECTO-URBAN,EU VECTO Urban Bus,Urban,6668,0,-0.7,1,1.1
VECTO-URBAN,EU VECTO Urban Bus,Urban,6669,0,-0.7,0,1
VECTO-URBAN,EU VECTO Urban Bus,Urban,6670,3.6,-0.7,0,1
VECTO-URBAN,EU VECTO Urban Bus,Urban,6671,7.2,-0.7,0,1
VECTO-URBAN,EU VECTO Urban Bus,Urban,6672,10.8,-0.825,0,1
VECTO-URBAN,EU VECTO Urban Bus,Urban,6673,14.4,-0.95,0,1
VECTO-URBAN,EU VECTO Urban Bus,Urban,6674,18,-1.08333333333333,0,1
VECTO-URBAN,EU VECTO Urban Bus,Urban,6675,21.6,-1.23333333333333,0,1
VECTO-URBAN,EU VECTO Urban Bus,Urban,6676,25.2,-1.32777777777778,0,1
VECTO-URBAN,EU VECTO Urban Bus,Urban,6677,28.8,-1.39166666666667,0,1
VECTO-URBAN,EU VECTO Urban Bus,Urban,6678,32.4,-1.32083333333333,0,1
VECTO-URBAN,EU VECTO Urban Bus,Urban,6679,33.9,-1.23291666666668,0,1
VECTO-URBAN,EU VECTO Urban Bus,Urban,6680,33.9,-1.1125,0,1
VECTO-URBAN,EU VECTO Urban Bus,Urban,6681,33.9,-0.969166666666643,0,1
VECTO-URBAN,EU VECTO Urban Bus,Urban,6682,33.9,-0.760833333333285,0,1
VECTO-URBAN,EU VECTO Urban Bus,Urban,6683,33.9,-0.520833333333212,0,1
VECTO-URBAN,EU VECTO Urban Bus,Urban,6684,33.9,-0.230208333333212,0,1
VECTO-URBAN,EU VECTO Urban Bus,Urban,6685,33.9,0.16041666666697,0,1
VECTO-URBAN,EU VECTO Urban Bus,Urban,6686,33.9,0.662500000000728,0,1
VECTO-URBAN,EU VECTO Urban Bus,Urban,6687,33.9,1.20208333333376,0,1
VECTO-URBAN,EU VECTO Urban Bus,Urban,6688,33.9,1.82291666666715,0,1
VECTO-URBAN,EU VECTO Urban Bus,Urban,6689,29.22,2.36125000000047,0,1
VECTO-URBAN,EU VECTO Urban Bus,Urban,6690,24.54,2.85638888888922,0,1
VECTO-URBAN,EU VECTO Urban Bus,Urban,6691,19.86,3.19291666666722,0,1
VECTO-URBAN,EU VECTO Urban Bus,Urban,6692,15.18,3.39083333333365,0,1
VECTO-URBAN,EU VECTO Urban Bus,Urban,6693,10.5,3.5,0,1
VECTO-URBAN,EU VECTO Urban Bus,Urban,6694,5.82,3.5,0,1
VECTO-URBAN,EU VECTO Urban Bus,Urban,6695,1.14,3.5,0,1
VECTO-URBAN,EU VECTO Urban Bus,Urban,6696,4.74,3.5,0,1
VECTO-URBAN,EU VECTO Urban Bus,Urban,6697,0.0599999999999974,3.5,1,1.1
VECTO-URBAN,EU VECTO Urban Bus,Urban,6698,0,3.5,1,1.1
VECTO-URBAN,EU VECTO Urban Bus,Urban,6699,0,3.5,1,1.1
VECTO-URBAN,EU VECTO Urban Bus,Urban,6700,0,3.5,1,1.1
VECTO-URBAN,EU VECTO Urban Bus,Urban,6701,0,3.5,1,1.1
VECTO-URBAN,EU VECTO Urban Bus,Urban,6702,0,3.5,1,1.1
VECTO-URBAN,EU VECTO Urban Bus,Urban,6703,0,3.5,1,1.1
VECTO-URBAN,EU VECTO Urban Bus,Urban,6704,0,3.5,1,1.1
VECTO-URBAN,EU VECTO Urban Bus,Urban,6705,0,3.5,1,1.1
VECTO-URBAN,EU VECTO Urban Bus,Urban,6706,0,3.5,1,1.1
VECTO-URBAN,EU VECTO Urban Bus,Urban,6707,0,3.5,1,1.1
VECTO-URBAN,EU VECTO Urban Bus,Urban,6708,0,3.5,1,1.1
VECTO-URBAN,EU VECTO Urban Bus,Urban,6709,0,3.5,1,1.1
VECTO-URBAN,EU VECTO Urban Bus,Urban,6710,0,3.5,1,1.1
VECTO-URBAN,EU VECTO Urban Bus,Urban,6711,0,3.5,1,1.1
VECTO-URBAN,EU VECTO Urban Bus,Urban,6712,0,3.5,1,1.1
VECTO-URBAN,EU VECTO Urban Bus,Urban,6713,0,3.5,1,1.1
VECTO-URBAN,EU VECTO Urban Bus,Urban,6714,0,3.5,1,1.1
VECTO-URBAN,EU VECTO Urban Bus,Urban,6715,0,3.5,1,1.1
VECTO-URBAN,EU VECTO Urban Bus,Urban,6716,0,3.5,1,1.1
VECTO-URBAN,EU VECTO Urban Bus,Urban,6717,0,3.5,1,1.1
VECTO-URBAN,EU VECTO Urban Bus,Urban,6718,0,3.5,1,1.1
VECTO-URBAN,EU VECTO Urban Bus,Urban,6719,0,3.5,1,1.1
VECTO-URBAN,EU VECTO Urban Bus,Urban,6720,0,3.5,1,1.1
VECTO-URBAN,EU VECTO Urban Bus,Urban,6721,0,3.5,1,1.1
VECTO-URBAN,EU VECTO Urban Bus,Urban,6722,0,3.5,1,1.1
VECTO-URBAN,EU VECTO Urban Bus,Urban,6723,0,3.5,1,1.1
VECTO-URBAN,EU VECTO Urban Bus,Urban,6724,0,3.5,1,1.1
VECTO-URBAN,EU VECTO Urban Bus,Urban,6725,0,3.5,1,1.1
VECTO-URBAN,EU VECTO Urban Bus,Urban,6726,0,3.5,1,1.1
VECTO-URBAN,EU VECTO Urban Bus,Urban,6727,0,3.5,0,1
VECTO-URBAN,EU VECTO Urban Bus,Urban,6728,3.6,3.5,0,1
VECTO-URBAN,EU VECTO Urban Bus,Urban,6729,7.2,3.48888888888889,0,1
VECTO-URBAN,EU VECTO Urban Bus,Urban,6730,10.8,3.46111111111111,0,1
VECTO-URBAN,EU VECTO Urban Bus,Urban,6731,14.4,3.42222222222222,0,1
VECTO-URBAN,EU VECTO Urban Bus,Urban,6732,18,3.3375,0,1
VECTO-URBAN,EU VECTO Urban Bus,Urban,6733,21.6,3.16666666666667,0,1
VECTO-URBAN,EU VECTO Urban Bus,Urban,6734,25.2,2.825,0,1
VECTO-URBAN,EU VECTO Urban Bus,Urban,6735,28.8,2.35,0,1
VECTO-URBAN,EU VECTO Urban Bus,Urban,6736,29.6,1.78888888888905,0,1
VECTO-URBAN,EU VECTO Urban Bus,Urban,6737,29.6,1.13333333333339,0,1
VECTO-URBAN,EU VECTO Urban Bus,Urban,6738,29.6,0.622222222222263,0,1
VECTO-URBAN,EU VECTO Urban Bus,Urban,6739,29.6,0.111111111111131,0,1
VECTO-URBAN,EU VECTO Urban Bus,Urban,6740,29.6,-0.3,0,1
VECTO-URBAN,EU VECTO Urban Bus,Urban,6741,29.6,-0.611111111111131,0,1
VECTO-URBAN,EU VECTO Urban Bus,Urban,6742,29.6,-0.886111111111131,0,1
VECTO-URBAN,EU VECTO Urban Bus,Urban,6743,29.6,-1.22222222222226,0,1
VECTO-URBAN,EU VECTO Urban Bus,Urban,6744,29.6,-1.47222222222226,0,1
VECTO-URBAN,EU VECTO Urban Bus,Urban,6745,29.6,-1.7370370370371,0,1
VECTO-URBAN,EU VECTO Urban Bus,Urban,6746,27.9555555555256,-1.95262345679012,0,1
VECTO-URBAN,EU VECTO Urban Bus,Urban,6747,26.1,-2.09031635802457,0,1
VECTO-URBAN,EU VECTO Urban Bus,Urban,6748,26.1,-2.05424897119345,0,1
VECTO-URBAN,EU VECTO Urban Bus,Urban,6749,26.1,-2.00591563786011,0,1
VECTO-URBAN,EU VECTO Urban Bus,Urban,6750,26.1,-1.82124485596723,0,1
VECTO-URBAN,EU VECTO Urban Bus,Urban,6751,26.1,-1.51936728395085,0,1
VECTO-URBAN,EU VECTO Urban Bus,Urban,6752,26.1,-1.1137345679017,0,1
VECTO-URBAN,EU VECTO Urban Bus,Urban,6753,26.1,-0.494367283950851,0,1
VECTO-URBAN,EU VECTO Urban Bus,Urban,6754,26.1,0.0725308641965967,0,1
VECTO-URBAN,EU VECTO Urban Bus,Urban,6755,21.42,0.696265432098153,0,1
VECTO-URBAN,EU VECTO Urban Bus,Urban,6756,16.74,1.05253086419616,0,1
VECTO-URBAN,EU VECTO Urban Bus,Urban,6757,12.06,1.36313271604904,0,1
VECTO-URBAN,EU VECTO Urban Bus,Urban,6758,7.38,1.59626543209815,0,1
VECTO-URBAN,EU VECTO Urban Bus,Urban,6759,10.98,1.75042181069936,0,1
VECTO-URBAN,EU VECTO Urban Bus,Urban,6760,6.3,1.8,0,1
VECTO-URBAN,EU VECTO Urban Bus,Urban,6761,1.62,1.8,0,1
VECTO-URBAN,EU VECTO Urban Bus,Urban,6762,0,1.8,1,1.1
VECTO-URBAN,EU VECTO Urban Bus,Urban,6763,0,1.8,1,1.1
VECTO-URBAN,EU VECTO Urban Bus,Urban,6764,0,1.8,1,1.1
VECTO-URBAN,EU VECTO Urban Bus,Urban,6765,0,1.8,1,1.1
VECTO-URBAN,EU VECTO Urban Bus,Urban,6766,0,1.8,1,1.1
VECTO-URBAN,EU VECTO Urban Bus,Urban,6767,0,1.8,1,1.1
VECTO-URBAN,EU VECTO Urban Bus,Urban,6768,0,1.8,1,1.1
VECTO-URBAN,EU VECTO Urban Bus,Urban,6769,0,1.8,1,1.1
VECTO-URBAN,EU VECTO Urban Bus,Urban,6770,0,1.8,1,1.1
VECTO-URBAN,EU VECTO Urban Bus,Urban,6771,0,1.8,1,1.1
VECTO-URBAN,EU VECTO Urban Bus,Urban,6772,0,1.8,1,1.1
VECTO-URBAN,EU VECTO Urban Bus,Urban,6773,0,1.8,1,1.1
VECTO-URBAN,EU VECTO Urban Bus,Urban,6774,0,1.8,1,1.1
VECTO-URBAN,EU VECTO Urban Bus,Urban,6775,0,1.8,1,1.1
VECTO-URBAN,EU VECTO Urban Bus,Urban,6776,0,1.8,1,1.1
VECTO-URBAN,EU VECTO Urban Bus,Urban,6777,0,1.8,1,1.1
VECTO-URBAN,EU VECTO Urban Bus,Urban,6778,0,1.8,1,1.1
VECTO-URBAN,EU VECTO Urban Bus,Urban,6779,0,1.8,1,1.1
VECTO-URBAN,EU VECTO Urban Bus,Urban,6780,0,1.8,1,1.1
VECTO-URBAN,EU VECTO Urban Bus,Urban,6781,0,1.8,0,1
VECTO-URBAN,EU VECTO Urban Bus,Urban,6782,3.6,1.8,0,1
VECTO-URBAN,EU VECTO Urban Bus,Urban,6783,7.2,1.825,0,1
VECTO-URBAN,EU VECTO Urban Bus,Urban,6784,10.8,1.8875,0,1
VECTO-URBAN,EU VECTO Urban Bus,Urban,6785,14.4,1.87272727272727,0,1
VECTO-URBAN,EU VECTO Urban Bus,Urban,6786,18,1.83181818181818,0,1
VECTO-URBAN,EU VECTO Urban Bus,Urban,6787,21.6,1.73333333333333,0,1
VECTO-URBAN,EU VECTO Urban Bus,Urban,6788,25.2,1.45,0,1
VECTO-URBAN,EU VECTO Urban Bus,Urban,6789,27,0.9625,0,1
VECTO-URBAN,EU VECTO Urban Bus,Urban,6790,27,0.275,0,1
VECTO-URBAN,EU VECTO Urban Bus,Urban,6791,27,-0.3875,0,1
VECTO-URBAN,EU VECTO Urban Bus,Urban,6792,27,-1.15,0,1
VECTO-URBAN,EU VECTO Urban Bus,Urban,6793,27,-1.7375,0,1
VECTO-URBAN,EU VECTO Urban Bus,Urban,6794,27,-2.3625,0,1
VECTO-URBAN,EU VECTO Urban Bus,Urban,6795,27,-2.775,0,1
VECTO-URBAN,EU VECTO Urban Bus,Urban,6796,27,-3.075,0,1
VECTO-URBAN,EU VECTO Urban Bus,Urban,6797,27,-3.255,0,1
VECTO-URBAN,EU VECTO Urban Bus,Urban,6798,27,-3.365625,0,1
VECTO-URBAN,EU VECTO Urban Bus,Urban,6799,27,-3.36041666666667,0,1
VECTO-URBAN,EU VECTO Urban Bus,Urban,6800,27,-3.29791666666667,0,1
VECTO-URBAN,EU VECTO Urban Bus,Urban,6801,27,-3.23541666666667,0,1
VECTO-URBAN,EU VECTO Urban Bus,Urban,6802,27,-3.159375,0,1
VECTO-URBAN,EU VECTO Urban Bus,Urban,6803,27,-3.05416666666667,0,1
VECTO-URBAN,EU VECTO Urban Bus,Urban,6804,27,-2.915,0,1
VECTO-URBAN,EU VECTO Urban Bus,Urban,6805,27,-2.765,0,1
VECTO-URBAN,EU VECTO Urban Bus,Urban,6806,22.32,-2.61000000000004,0,1
VECTO-URBAN,EU VECTO Urban Bus,Urban,6807,25.92,-2.39250000000002,0,1
VECTO-URBAN,EU VECTO Urban Bus,Urban,6808,21.24,-2.20500000000005,0,1
VECTO-URBAN,EU VECTO Urban Bus,Urban,6809,16.56,-2.03000000000005,0,1
VECTO-URBAN,EU VECTO Urban Bus,Urban,6810,11.88,-2,0,1
VECTO-URBAN,EU VECTO Urban Bus,Urban,6811,7.2,-2,0,1
VECTO-URBAN,EU VECTO Urban Bus,Urban,6812,2.52,-2,0,1
VECTO-URBAN,EU VECTO Urban Bus,Urban,6813,0,-2,1,1.1
VECTO-URBAN,EU VECTO Urban Bus,Urban,6814,0,-2,1,1.1
VECTO-URBAN,EU VECTO Urban Bus,Urban,6815,0,-2,1,1.1
VECTO-URBAN,EU VECTO Urban Bus,Urban,6816,0,-2,1,1.1
VECTO-URBAN,EU VECTO Urban Bus,Urban,6817,0,-2,1,1.1
VECTO-URBAN,EU VECTO Urban Bus,Urban,6818,0,-2,1,1.1
VECTO-URBAN,EU VECTO Urban Bus,Urban,6819,0,-2,1,1.1
VECTO-URBAN,EU VECTO Urban Bus,Urban,6820,0,-2,1,1.1
VECTO-URBAN,EU VECTO Urban Bus,Urban,6821,0,-2,1,1.1
VECTO-URBAN,EU VECTO Urban Bus,Urban,6822,0,-2,1,1.1
VECTO-URBAN,EU VECTO Urban Bus,Urban,6823,0,-2,0,1
VECTO-URBAN,EU VECTO Urban Bus,Urban,6824,3.6,-2,0,1
VECTO-URBAN,EU VECTO Urban Bus,Urban,6825,7.2,-1.95,0,1
VECTO-URBAN,EU VECTO Urban Bus,Urban,6826,10.8,-1.825,0,1
VECTO-URBAN,EU VECTO Urban Bus,Urban,6827,14.4,-1.7,0,1
VECTO-URBAN,EU VECTO Urban Bus,Urban,6828,18,-1.58333333333333,0,1
VECTO-URBAN,EU VECTO Urban Bus,Urban,6829,21.6,-1.425,0,1
VECTO-URBAN,EU VECTO Urban Bus,Urban,6830,25.2,-1.27,0,1
VECTO-URBAN,EU VECTO Urban Bus,Urban,6831,28.8,-1.12,0,1
VECTO-URBAN,EU VECTO Urban Bus,Urban,6832,32.4,-1.00625,0,1
VECTO-URBAN,EU VECTO Urban Bus,Urban,6833,32.4,-0.905555555555556,0,1
VECTO-URBAN,EU VECTO Urban Bus,Urban,6834,32.4,-0.843333333333333,0,1
VECTO-URBAN,EU VECTO Urban Bus,Urban,6835,32.4,-0.782142857142857,0,1
VECTO-URBAN,EU VECTO Urban Bus,Urban,6836,32.4,-0.717857142857143,0,1
VECTO-URBAN,EU VECTO Urban Bus,Urban,6837,32.4,-0.645833333333333,0,1
VECTO-URBAN,EU VECTO Urban Bus,Urban,6838,32.4,-0.561111111111111,0,1
VECTO-URBAN,EU VECTO Urban Bus,Urban,6839,32.4,-0.45,0,1
VECTO-URBAN,EU VECTO Urban Bus,Urban,6840,32.4,-0.33125,0,1
VECTO-URBAN,EU VECTO Urban Bus,Urban,6841,32.4,-0.175,0,1
VECTO-URBAN,EU VECTO Urban Bus,Urban,6842,32.4,-0.0357142857142857,0,1
VECTO-URBAN,EU VECTO Urban Bus,Urban,6843,32.4,0.125,0,1
VECTO-URBAN,EU VECTO Urban Bus,Urban,6844,32.4,0.264285714285714,0,1
VECTO-URBAN,EU VECTO Urban Bus,Urban,6845,32.4,0.38125,0,1
VECTO-URBAN,EU VECTO Urban Bus,Urban,6846,32.4,0.453571428571429,0,1
VECTO-URBAN,EU VECTO Urban Bus,Urban,6847,31.5409090909091,0.489178719008255,0,1
VECTO-URBAN,EU VECTO Urban Bus,Urban,6848,29.3611053719003,0.450730477554449,0,1
VECTO-URBAN,EU VECTO Urban Bus,Urban,6849,27.2849003333948,0.414969110316253,0,1
VECTO-URBAN,EU VECTO Urban Bus,Urban,6850,27,0.411476662759929,0,1
VECTO-URBAN,EU VECTO Urban Bus,Urban,6851,27,0.431746933030199,0,1
VECTO-URBAN,EU VECTO Urban Bus,Urban,6852,27,0.452017203300469,0,1
VECTO-URBAN,EU VECTO Urban Bus,Urban,6853,27,0.47228747357074,0,1
VECTO-URBAN,EU VECTO Urban Bus,Urban,6854,27,0.49255774384101,0,1
VECTO-URBAN,EU VECTO Urban Bus,Urban,6855,27,0.55932956526467,0,1
VECTO-URBAN,EU VECTO Urban Bus,Urban,6856,27,0.670772753686227,0,1
VECTO-URBAN,EU VECTO Urban Bus,Urban,6857,27,0.814927304423472,0,1
VECTO-URBAN,EU VECTO Urban Bus,Urban,6858,27,0.98115913052934,0,1
VECTO-URBAN,EU VECTO Urban Bus,Urban,6859,27,1.19365913052934,0,1
VECTO-URBAN,EU VECTO Urban Bus,Urban,6860,27,1.40615913052934,0,1
VECTO-URBAN,EU VECTO Urban Bus,Urban,6861,27,1.61865913052934,0,1
VECTO-URBAN,EU VECTO Urban Bus,Urban,6862,27,1.78492730442347,0,1
VECTO-URBAN,EU VECTO Urban Bus,Urban,6863,27,1.95492730442347,0,1
VECTO-URBAN,EU VECTO Urban Bus,Urban,6864,27,2.07494807458819,0,1
VECTO-URBAN,EU VECTO Urban Bus,Urban,6865,27,2.15746365221174,0,1
VECTO-URBAN,EU VECTO Urban Bus,Urban,6866,27,2.18751397991856,0,1
VECTO-URBAN,EU VECTO Urban Bus,Urban,6867,27,2.15866782607241,0,1
VECTO-URBAN,EU VECTO Urban Bus,Urban,6868,27,2.12982167222626,0,1
VECTO-URBAN,EU VECTO Urban Bus,Urban,6869,27,2.1009755183801,0,1
VECTO-URBAN,EU VECTO Urban Bus,Urban,6870,27,2.05169089852551,0,1
VECTO-URBAN,EU VECTO Urban Bus,Urban,6871,27,2.00169089852551,0,1
VECTO-URBAN,EU VECTO Urban Bus,Urban,6872,27,1.95169089852551,0,1
VECTO-URBAN,EU VECTO Urban Bus,Urban,6873,27,1.90169089852551,0,1
VECTO-URBAN,EU VECTO Urban Bus,Urban,6874,27,1.85471021736766,0,1
VECTO-URBAN,EU VECTO Urban Bus,Urban,6875,27,1.80783521736767,0,1
VECTO-URBAN,EU VECTO Urban Bus,Urban,6876,27,1.74794695649022,0,1
VECTO-URBAN,EU VECTO Urban Bus,Urban,6877,27,1.67817043473533,0,1
VECTO-URBAN,EU VECTO Urban Bus,Urban,6878,27,1.58219478255466,0,1
VECTO-URBAN,EU VECTO Urban Bus,Urban,6879,27.0492730442347,1.45616978251146,0,1
VECTO-URBAN,EU VECTO Urban Bus,Urban,6880,28,1.29002647333,0,1
VECTO-URBAN,EU VECTO Urban Bus,Urban,6881,28,1.07646562310838,0,1
VECTO-URBAN,EU VECTO Urban Bus,Urban,6882,28,0.868183445921265,0,1
VECTO-URBAN,EU VECTO Urban Bus,Urban,6883,28,0.575590853328564,0,1
VECTO-URBAN,EU VECTO Urban Bus,Urban,6884,28,0.224497391103796,0,1
VECTO-URBAN,EU VECTO Urban Bus,Urban,6885,28,-0.0762609985235031,0,1
VECTO-URBAN,EU VECTO Urban Bus,Urban,6886,28,-0.43552025778287,0,1
VECTO-URBAN,EU VECTO Urban Bus,Urban,6887,28,-0.72811285037557,0,1
VECTO-URBAN,EU VECTO Urban Bus,Urban,6888,28,-0.987372109634938,0,1
VECTO-URBAN,EU VECTO Urban Bus,Urban,6889,28,-1.24797882133658,0,1
VECTO-URBAN,EU VECTO Urban Bus,Urban,6890,25.7221241728545,-1.39720694403892,0,1
VECTO-URBAN,EU VECTO Urban Bus,Urban,6891,26.4129951112913,-1.37369875558735,0,1
VECTO-URBAN,EU VECTO Urban Bus,Urban,6892,27.083457036242,-1.34618000448266,0,1
VECTO-URBAN,EU VECTO Urban Bus,Urban,6893,27.7714258138593,-1.31796247215238,0,1
VECTO-URBAN,EU VECTO Urban Bus,Urban,6894,28,-1.25862623025865,0,1
VECTO-URBAN,EU VECTO Urban Bus,Urban,6895,28,-1.10815145850811,0,1
VECTO-URBAN,EU VECTO Urban Bus,Urban,6896,28,-0.97580467604239,0,1
VECTO-URBAN,EU VECTO Urban Bus,Urban,6897,28,-0.846175046412706,0,1
VECTO-URBAN,EU VECTO Urban Bus,Urban,6898,28,-0.716545416783022,0,1
VECTO-URBAN,EU VECTO Urban Bus,Urban,6899,28,-0.624610524768893,0,1
VECTO-URBAN,EU VECTO Urban Bus,Urban,6900,28,-0.549428813194721,0,1
VECTO-URBAN,EU VECTO Urban Bus,Urban,6901,28,-0.483281369097416,0,1
VECTO-URBAN,EU VECTO Urban Bus,Urban,6902,28,-0.427725813541838,0,1
VECTO-URBAN,EU VECTO Urban Bus,Urban,6903,28,-0.370029508600587,0,1
VECTO-URBAN,EU VECTO Urban Bus,Urban,6904,28,-0.310200448771502,0,1
VECTO-URBAN,EU VECTO Urban Bus,Urban,6905,28,-0.219353507031428,0,1
VECTO-URBAN,EU VECTO Urban Bus,Urban,6906,28,-0.111007182639046,0,1
VECTO-URBAN,EU VECTO Urban Bus,Urban,6907,28,-0.022141388966136,0,1
VECTO-URBAN,EU VECTO Urban Bus,Urban,6908,28,0.0413218055059198,0,1
VECTO-URBAN,EU VECTO Urban Bus,Urban,6909,28,0.0968773610614984,0,1
VECTO-URBAN,EU VECTO Urban Bus,Urban,6910,28,-0.0111717360532566,0,1
VECTO-URBAN,EU VECTO Urban Bus,Urban,6911,28,-0.0759865508680984,0,1
VECTO-URBAN,EU VECTO Urban Bus,Urban,6912,28,-0.197923277639056,0,1
VECTO-URBAN,EU VECTO Urban Bus,Urban,6913,28,-0.366848541493346,0,1
VECTO-URBAN,EU VECTO Urban Bus,Urban,6914,28,-0.561292985937871,0,1
VECTO-URBAN,EU VECTO Urban Bus,Urban,6915,23.32,-0.73948743038236,0,1
VECTO-URBAN,EU VECTO Urban Bus,Urban,6916,18.64,-0.842590937413388,0,1
VECTO-URBAN,EU VECTO Urban Bus,Urban,6917,13.96,-0.899188159635651,0,1
VECTO-URBAN,EU VECTO Urban Bus,Urban,6918,9.28,-0.9,0,1
VECTO-URBAN,EU VECTO Urban Bus,Urban,6919,4.6,-0.9,0,1
VECTO-URBAN,EU VECTO Urban Bus,Urban,6920,0,-0.9,0,1
VECTO-URBAN,EU VECTO Urban Bus,Urban,6921,0,-0.9,1,1.1
VECTO-URBAN,EU VECTO Urban Bus,Urban,6922,0,-0.9,1,1.1
VECTO-URBAN,EU VECTO Urban Bus,Urban,6923,0,-0.9,1,1.1
VECTO-URBAN,EU VECTO Urban Bus,Urban,6924,0,-0.9,1,1.1
VECTO-URBAN,EU VECTO Urban Bus,Urban,6925,0,-0.9,1,1.1
VECTO-URBAN,EU VECTO Urban Bus,Urban,6926,0,-0.9,1,1.1
VECTO-URBAN,EU VECTO Urban Bus,Urban,6927,0,-0.9,1,1.1
VECTO-URBAN,EU VECTO Urban Bus,Urban,6928,0,-0.9,1,1.1
VECTO-URBAN,EU VECTO Urban Bus,Urban,6929,0,-0.9,1,1.1
VECTO-URBAN,EU VECTO Urban Bus,Urban,6930,0,-0.9,1,1.1
VECTO-URBAN,EU VECTO Urban Bus,Urban,6931,0,-0.9,1,1.1
VECTO-URBAN,EU VECTO Urban Bus,Urban,6932,0,-0.9,1,1.1
VECTO-URBAN,EU VECTO Urban Bus,Urban,6933,0,-0.9,1,1.1
VECTO-URBAN,EU VECTO Urban Bus,Urban,6934,0,-0.9,1,1.1
VECTO-URBAN,EU VECTO Urban Bus,Urban,6935,0,-0.9,1,1.1
VECTO-URBAN,EU VECTO Urban Bus,Urban,6936,0,-0.9,1,1.1
VECTO-URBAN,EU VECTO Urban Bus,Urban,6937,0,-0.9,1,1.1
VECTO-URBAN,EU VECTO Urban Bus,Urban,6938,0,-0.9,1,1.1
VECTO-URBAN,EU VECTO Urban Bus,Urban,6939,0,-0.9,1,1.1
VECTO-URBAN,EU VECTO Urban Bus,Urban,6940,0,-0.9,1,1.1
VECTO-URBAN,EU VECTO Urban Bus,Urban,6941,0,-0.9,1,1.1
VECTO-URBAN,EU VECTO Urban Bus,Urban,6942,0,-0.9,1,1.1
VECTO-URBAN,EU VECTO Urban Bus,Urban,6943,0,-0.9,0,1
VECTO-URBAN,EU VECTO Urban Bus,Urban,6944,3.6,-0.9,0,1
VECTO-URBAN,EU VECTO Urban Bus,Urban,6945,7.2,-0.875,0,1
VECTO-URBAN,EU VECTO Urban Bus,Urban,6946,10.8,-0.8125,0,1
VECTO-URBAN,EU VECTO Urban Bus,Urban,6947,14.4,-0.725,0,1
VECTO-URBAN,EU VECTO Urban Bus,Urban,6948,17.2,-0.615277777777737,0,1
VECTO-URBAN,EU VECTO Urban Bus,Urban,6949,17.2,-0.461111111110949,0,1
VECTO-URBAN,EU VECTO Urban Bus,Urban,6950,17.2,-0.301851851851582,0,1
VECTO-URBAN,EU VECTO Urban Bus,Urban,6951,17.2,-0.0425925925922153,0,1
VECTO-URBAN,EU VECTO Urban Bus,Urban,6952,12.52,0.161666666667103,0,1
VECTO-URBAN,EU VECTO Urban Bus,Urban,6953,16.12,0.39138888888956,0,1
VECTO-URBAN,EU VECTO Urban Bus,Urban,6954,19.72,0.68055555555693,0,1
VECTO-URBAN,EU VECTO Urban Bus,Urban,6955,23.32,1.02611111111158,0,1
VECTO-URBAN,EU VECTO Urban Bus,Urban,6956,26.2,1.43305555555635,0,1
VECTO-URBAN,EU VECTO Urban Bus,Urban,6957,26.2,1.8469444444454,0,1
VECTO-URBAN,EU VECTO Urban Bus,Urban,6958,26.2,2.27388888888963,0,1
VECTO-URBAN,EU VECTO Urban Bus,Urban,6959,26.2,2.71648148148233,0,1
VECTO-URBAN,EU VECTO Urban Bus,Urban,6960,26.2,3.05907407407503,0,1
VECTO-URBAN,EU VECTO Urban Bus,Urban,6961,26.2,3.43500000000107,0,1
VECTO-URBAN,EU VECTO Urban Bus,Urban,6962,26.2,3.67759259259377,0,1
VECTO-URBAN,EU VECTO Urban Bus,Urban,6963,26.2,3.77828703703672,0,1
VECTO-URBAN,EU VECTO Urban Bus,Urban,6964,26.2,3.71763888888854,0,1
VECTO-URBAN,EU VECTO Urban Bus,Urban,6965,26.2,3.52796296296146,0,1
VECTO-URBAN,EU VECTO Urban Bus,Urban,6966,26.2,3.12805555555315,0,1
VECTO-URBAN,EU VECTO Urban Bus,Urban,6967,26.2,2.4141666666641,0,1
VECTO-URBAN,EU VECTO Urban Bus,Urban,6968,26.2,1.40166666665027,0,1
VECTO-URBAN,EU VECTO Urban Bus,Urban,6969,26.2,0.472777777771989,0,1
VECTO-URBAN,EU VECTO Urban Bus,Urban,6970,21.52,-0.490000000005966,0,1
VECTO-URBAN,EU VECTO Urban Bus,Urban,6971,25.12,-1.33777777778378,0,1
VECTO-URBAN,EU VECTO Urban Bus,Urban,6972,20.44,-2.07055555556144,0,1
VECTO-URBAN,EU VECTO Urban Bus,Urban,6973,15.76,-2.47333333333954,0,1
VECTO-URBAN,EU VECTO Urban Bus,Urban,6974,11.08,-2.6,0,1
VECTO-URBAN,EU VECTO Urban Bus,Urban,6975,6.4,-2.6,0,1
VECTO-URBAN,EU VECTO Urban Bus,Urban,6976,1.72,-2.6,0,1
VECTO-URBAN,EU VECTO Urban Bus,Urban,6977,0,-2.6,1,1.1
VECTO-URBAN,EU VECTO Urban Bus,Urban,6978,0,-2.6,1,1.1
VECTO-URBAN,EU VECTO Urban Bus,Urban,6979,0,-2.6,1,1.1
VECTO-URBAN,EU VECTO Urban Bus,Urban,6980,0,-2.6,1,1.1
VECTO-URBAN,EU VECTO Urban Bus,Urban,6981,0,-2.6,1,1.1
VECTO-URBAN,EU VECTO Urban Bus,Urban,6982,0,-2.6,1,1.1
VECTO-URBAN,EU VECTO Urban Bus,Urban,6983,0,-2.6,1,1.1
VECTO-URBAN,EU VECTO Urban Bus,Urban,6984,0,-2.6,1,1.1
VECTO-URBAN,EU VECTO Urban Bus,Urban,6985,0,-2.6,1,1.1
VECTO-URBAN,EU VECTO Urban Bus,Urban,6986,0,-2.6,1,1.1
VECTO-URBAN,EU VECTO Urban Bus,Urban,6987,0,-2.6,1,1.1
VECTO-URBAN,EU VECTO Urban Bus,Urban,6988,0,-2.6,1,1.1
VECTO-URBAN,EU VECTO Urban Bus,Urban,6989,0,-2.6,1,1.1
VECTO-URBAN,EU VECTO Urban Bus,Urban,6990,0,-2.6,1,1.1
VECTO-URBAN,EU VECTO Urban Bus,Urban,6991,0,-2.6,1,1.1
VECTO-URBAN,EU VECTO Urban Bus,Urban,6992,0,-2.6,1,1.1
VECTO-URBAN,EU VECTO Urban Bus,Urban,6993,0,-2.6,1,1.1
VECTO-URBAN,EU VECTO Urban Bus,Urban,6994,0,-2.6,1,1.1
VECTO-URBAN,EU VECTO Urban Bus,Urban,6995,0,-2.6,1,1.1
VECTO-URBAN,EU VECTO Urban Bus,Urban,6996,0,-2.6,1,1.1
VECTO-URBAN,EU VECTO Urban Bus,Urban,6997,0,-2.6,1,1.1
VECTO-URBAN,EU VECTO Urban Bus,Urban,6998,0,-2.6,1,1.1
VECTO-URBAN,EU VECTO Urban Bus,Urban,6999,0,-2.6,1,1.1
VECTO-URBAN,EU VECTO Urban Bus,Urban,7000,0,-2.6,1,1.1
VECTO-URBAN,EU VECTO Urban Bus,Urban,7001,0,-2.6,1,1.1
VECTO-URBAN,EU VECTO Urban Bus,Urban,7002,0,-2.6,1,1.1
VECTO-URBAN,EU VECTO Urban Bus,Urban,7003,0,-2.6,1,1.1
VECTO-URBAN,EU VECTO Urban Bus,Urban,7004,0,-2.6,1,1.1
VECTO-URBAN,EU VECTO Urban Bus,Urban,7005,0,-2.6,0,1
VECTO-URBAN,EU VECTO Urban Bus,Urban,7006,3.6,-2.6,0,1
VECTO-URBAN,EU VECTO Urban Bus,Urban,7007,7.2,-2.7,0,1
VECTO-URBAN,EU VECTO Urban Bus,Urban,7008,10.8,-2.79285714285714,0,1
VECTO-URBAN,EU VECTO Urban Bus,Urban,7009,14.4,-2.74285714285714,0,1
VECTO-URBAN,EU VECTO Urban Bus,Urban,7010,18,-2.6625,0,1
VECTO-URBAN,EU VECTO Urban Bus,Urban,7011,21.6,-2.35,0,1
VECTO-URBAN,EU VECTO Urban Bus,Urban,7012,25.2,-1.75,0,1
VECTO-URBAN,EU VECTO Urban Bus,Urban,7013,28.8,-0.8,0,1
VECTO-URBAN,EU VECTO Urban Bus,Urban,7014,30.3,0.483333333334304,0,1
VECTO-URBAN,EU VECTO Urban Bus,Urban,7015,30.3,1.825,0,1
VECTO-URBAN,EU VECTO Urban Bus,Urban,7016,30.3,3.00833333333285,0,1
VECTO-URBAN,EU VECTO Urban Bus,Urban,7017,30.3,4.04583333333285,0,1
VECTO-URBAN,EU VECTO Urban Bus,Urban,7018,30.3,4.78749999999927,0,1
VECTO-URBAN,EU VECTO Urban Bus,Urban,7019,30.3,5.2097222222219,0,1
VECTO-URBAN,EU VECTO Urban Bus,Urban,7020,30.3,5.26194444444453,0,1
VECTO-URBAN,EU VECTO Urban Bus,Urban,7021,30.3,5.20583333333343,0,1
VECTO-URBAN,EU VECTO Urban Bus,Urban,7022,30.3,4.96145833333376,0,1
VECTO-URBAN,EU VECTO Urban Bus,Urban,7023,30.3,4.60138888888954,0,1
VECTO-URBAN,EU VECTO Urban Bus,Urban,7024,30.3,4.06250000000218,0,1
VECTO-URBAN,EU VECTO Urban Bus,Urban,7025,30.3,3.44166666667152,0,1
VECTO-URBAN,EU VECTO Urban Bus,Urban,7026,30.3,2.83958333333467,0,1
VECTO-URBAN,EU VECTO Urban Bus,Urban,7027,30.3,2.21875000000146,0,1
VECTO-URBAN,EU VECTO Urban Bus,Urban,7028,30.3,1.49583333333649,0,1
VECTO-URBAN,EU VECTO Urban Bus,Urban,7029,30.3,0.827083333335031,0,1
VECTO-URBAN,EU VECTO Urban Bus,Urban,7030,30.3,0.112500000003638,0,1
VECTO-URBAN,EU VECTO Urban Bus,Urban,7031,30.3,-0.629166666662786,0,1
VECTO-URBAN,EU VECTO Urban Bus,Urban,7032,30.3,-1.37083333332921,0,1
VECTO-URBAN,EU VECTO Urban Bus,Urban,7033,30.3,-2.01249999999563,0,1
VECTO-URBAN,EU VECTO Urban Bus,Urban,7034,33.9,-2.70416666666206,0,1
VECTO-URBAN,EU VECTO Urban Bus,Urban,7035,36.8,-3.44305555555329,0,1
VECTO-URBAN,EU VECTO Urban Bus,Urban,7036,36.8,-3.93611111110949,0,1
VECTO-URBAN,EU VECTO Urban Bus,Urban,7037,36.8,-4.24611111111008,0,1
VECTO-URBAN,EU VECTO Urban Bus,Urban,7038,36.8,-4.23156565656616,0,1
VECTO-URBAN,EU VECTO Urban Bus,Urban,7039,36.8,-4.0708333333343,0,1
VECTO-URBAN,EU VECTO Urban Bus,Urban,7040,36.8,-3.75138888889196,0,1
VECTO-URBAN,EU VECTO Urban Bus,Urban,7041,36.8,-3.24027777778101,0,1
VECTO-URBAN,EU VECTO Urban Bus,Urban,7042,36.8,-2.55833333334012,0,1
VECTO-URBAN,EU VECTO Urban Bus,Urban,7043,36.8,-1.81805555555911,0,1
VECTO-URBAN,EU VECTO Urban Bus,Urban,7044,36.8,-1.01388888889633,0,1
VECTO-URBAN,EU VECTO Urban Bus,Urban,7045,36.8,-0.291666666674428,0,1
VECTO-URBAN,EU VECTO Urban Bus,Urban,7046,36.8,0.415277777773736,0,1
VECTO-URBAN,EU VECTO Urban Bus,Urban,7047,36.8,1.01759259258979,0,1
VECTO-URBAN,EU VECTO Urban Bus,Urban,7048,36.8,1.39374999999782,0,1
VECTO-URBAN,EU VECTO Urban Bus,Urban,7049,36.8,1.64965277777665,0,1
VECTO-URBAN,EU VECTO Urban Bus,Urban,7050,36.8,1.64837962963041,0,1
VECTO-URBAN,EU VECTO Urban Bus,Urban,7051,36.8,1.53690476190615,0,1
VECTO-URBAN,EU VECTO Urban Bus,Urban,7052,33.6,1.37013888889123,0,1
VECTO-URBAN,EU VECTO Urban Bus,Urban,7053,33.6,1.16180555555784,0,1
VECTO-URBAN,EU VECTO Urban Bus,Urban,7054,33.6,0.904629629632594,0,1
VECTO-URBAN,EU VECTO Urban Bus,Urban,7055,33.6,0.736111111112841,0,1
VECTO-URBAN,EU VECTO Urban Bus,Urban,7056,33.6,0.616358024692292,0,1
VECTO-URBAN,EU VECTO Urban Bus,Urban,7057,33.6,0.678611111110295,0,1
VECTO-URBAN,EU VECTO Urban Bus,Urban,7058,28.92,0.810888888887275,0,1
VECTO-URBAN,EU VECTO Urban Bus,Urban,7059,24.24,0.973194444442379,0,1
VECTO-URBAN,EU VECTO Urban Bus,Urban,7060,19.56,1.15055555555155,0,1
VECTO-URBAN,EU VECTO Urban Bus,Urban,7061,23.16,1.39722222221826,0,1
VECTO-URBAN,EU VECTO Urban Bus,Urban,7062,18.48,1.59092592592327,0,1
VECTO-URBAN,EU VECTO Urban Bus,Urban,7063,13.8,1.77370370370093,0,1
VECTO-URBAN,EU VECTO Urban Bus,Urban,7064,9.12,1.8,0,1
VECTO-URBAN,EU VECTO Urban Bus,Urban,7065,4.44,1.8,0,1
VECTO-URBAN,EU VECTO Urban Bus,Urban,7066,0,1.8,1,1.1
VECTO-URBAN,EU VECTO Urban Bus,Urban,7067,0,1.8,1,1.1
VECTO-URBAN,EU VECTO Urban Bus,Urban,7068,0,1.8,1,1.1
VECTO-URBAN,EU VECTO Urban Bus,Urban,7069,0,1.8,1,1.1
VECTO-URBAN,EU VECTO Urban Bus,Urban,7070,0,1.8,1,1.1
VECTO-URBAN,EU VECTO Urban Bus,Urban,7071,0,1.8,1,1.1
VECTO-URBAN,EU VECTO Urban Bus,Urban,7072,0,1.8,1,1.1
VECTO-URBAN,EU VECTO Urban Bus,Urban,7073,0,1.8,1,1.1
VECTO-URBAN,EU VECTO Urban Bus,Urban,7074,0,1.8,1,1.1
VECTO-URBAN,EU VECTO Urban Bus,Urban,7075,0,1.8,1,1.1
VECTO-URBAN,EU VECTO Urban Bus,Urban,7076,0,1.8,1,1.1
VECTO-URBAN,EU VECTO Urban Bus,Urban,7077,0,1.8,1,1.1
VECTO-URBAN,EU VECTO Urban Bus,Urban,7078,0,1.8,1,1.1
VECTO-URBAN,EU VECTO Urban Bus,Urban,7079,0,1.8,1,1.1
VECTO-URBAN,EU VECTO Urban Bus,Urban,7080,0,1.8,1,1.1
VECTO-URBAN,EU VECTO Urban Bus,Urban,7081,0,1.8,1,1.1
VECTO-URBAN,EU VECTO Urban Bus,Urban,7082,0,1.8,1,1.1
VECTO-URBAN,EU VECTO Urban Bus,Urban,7083,0,1.8,0,1
VECTO-URBAN,EU VECTO Urban Bus,Urban,7084,3.6,1.8,0,1
VECTO-URBAN,EU VECTO Urban Bus,Urban,7085,7.2,1.85,0,1
VECTO-URBAN,EU VECTO Urban Bus,Urban,7086,10.8,1.95,0,1
VECTO-URBAN,EU VECTO Urban Bus,Urban,7087,14.4,2.05,0,1
VECTO-URBAN,EU VECTO Urban Bus,Urban,7088,18,2.14166666666667,0,1
VECTO-URBAN,EU VECTO Urban Bus,Urban,7089,18.9,2.17678571428571,0,1
VECTO-URBAN,EU VECTO Urban Bus,Urban,7090,18.9,2.10178571428571,0,1
VECTO-URBAN,EU VECTO Urban Bus,Urban,7091,18.9,2.01458333333333,0,1
VECTO-URBAN,EU VECTO Urban Bus,Urban,7092,14.22,1.87583333333338,0,1
VECTO-URBAN,EU VECTO Urban Bus,Urban,7093,9.54,1.74874999999993,0,1
VECTO-URBAN,EU VECTO Urban Bus,Urban,7094,4.86,1.64874999999993,0,1
VECTO-URBAN,EU VECTO Urban Bus,Urban,7095,8.46,1.5125,0,1
VECTO-URBAN,EU VECTO Urban Bus,Urban,7096,3.78,1.5,0,1
VECTO-URBAN,EU VECTO Urban Bus,Urban,7097,0,1.5,1,1.1
VECTO-URBAN,EU VECTO Urban Bus,Urban,7098,0,1.5,1,1.1
VECTO-URBAN,EU VECTO Urban Bus,Urban,7099,0,1.5,0,1
VECTO-URBAN,EU VECTO Urban Bus,Urban,7100,3.6,1.5,0,1
VECTO-URBAN,EU VECTO Urban Bus,Urban,7101,7.2,1.4,0,1
VECTO-URBAN,EU VECTO Urban Bus,Urban,7102,10.8,1.15,0,1
VECTO-URBAN,EU VECTO Urban Bus,Urban,7103,14.4,0.9,0,1
VECTO-URBAN,EU VECTO Urban Bus,Urban,7104,18,0.55,0,1
VECTO-URBAN,EU VECTO Urban Bus,Urban,7105,21.6,0.1,0,1
VECTO-URBAN,EU VECTO Urban Bus,Urban,7106,25.2,-0.55,0,1
VECTO-URBAN,EU VECTO Urban Bus,Urban,7107,28.8,-1.1,0,1
VECTO-URBAN,EU VECTO Urban Bus,Urban,7108,32.4,-1.75,0,1
VECTO-URBAN,EU VECTO Urban Bus,Urban,7109,36,-2.2,0,1
VECTO-URBAN,EU VECTO Urban Bus,Urban,7110,38,-2.38373015873014,0,1
VECTO-URBAN,EU VECTO Urban Bus,Urban,7111,38,-2.30833333333332,0,1
VECTO-URBAN,EU VECTO Urban Bus,Urban,7112,38,-2.11527777777774,0,1
VECTO-URBAN,EU VECTO Urban Bus,Urban,7113,38,-1.85138888888887,0,1
VECTO-URBAN,EU VECTO Urban Bus,Urban,7114,38,-1.4875,0,1
VECTO-URBAN,EU VECTO Urban Bus,Urban,7115,41.6,-1.16888888888891,0,1
VECTO-URBAN,EU VECTO Urban Bus,Urban,7116,45.2,-0.884722222222263,0,1
VECTO-URBAN,EU VECTO Urban Bus,Urban,7117,48.8,-0.661904761904797,0,1
VECTO-URBAN,EU VECTO Urban Bus,Urban,7118,52.4,-0.491975308642011,0,1
VECTO-URBAN,EU VECTO Urban Bus,Urban,7119,56,-0.343518518518552,0,1
VECTO-URBAN,EU VECTO Urban Bus,Urban,7120,59.2,-0.195138888888914,0,1
VECTO-URBAN,EU VECTO Urban Bus,Urban,7121,59.2,-0.0935672514620053,0,1
VECTO-URBAN,EU VECTO Urban Bus,Urban,7122,59.2,-0.00701754385966189,0,1
VECTO-URBAN,EU VECTO Urban Bus,Urban,7123,59.2,-0.0559670781892944,0,1
VECTO-URBAN,EU VECTO Urban Bus,Urban,7124,59.2,-0.119806763285021,0,1
VECTO-URBAN,EU VECTO Urban Bus,Urban,7125,59.2,-0.191304347826087,0,1
VECTO-URBAN,EU VECTO Urban Bus,Urban,7126,59.2,-0.302962962962968,0,1
VECTO-URBAN,EU VECTO Urban Bus,Urban,7127,59.2,-0.413492063492075,0,1
VECTO-URBAN,EU VECTO Urban Bus,Urban,7128,59.2,-0.494144144144141,0,1
VECTO-URBAN,EU VECTO Urban Bus,Urban,7129,59.2,-0.471921921921918,0,1
VECTO-URBAN,EU VECTO Urban Bus,Urban,7130,59.2,-0.449699699699694,0,1
VECTO-URBAN,EU VECTO Urban Bus,Urban,7131,59.2,-0.427477477477471,0,1
VECTO-URBAN,EU VECTO Urban Bus,Urban,7132,59.2,-0.405255255255248,0,1
VECTO-URBAN,EU VECTO Urban Bus,Urban,7133,59.2,-0.353497942386807,0,1
VECTO-URBAN,EU VECTO Urban Bus,Urban,7134,59.2,-0.293548387096751,0,1
VECTO-URBAN,EU VECTO Urban Bus,Urban,7135,59.2,-0.240501792114669,0,1
VECTO-URBAN,EU VECTO Urban Bus,Urban,7136,59.2,-0.186590038314146,0,1
VECTO-URBAN,EU VECTO Urban Bus,Urban,7137,59.2,-0.129885057471231,0,1
VECTO-URBAN,EU VECTO Urban Bus,Urban,7138,59.2,-0.0688888888888469,0,1
VECTO-URBAN,EU VECTO Urban Bus,Urban,7139,59.2,-0.00311111111106583,0,1
VECTO-URBAN,EU VECTO Urban Bus,Urban,7140,59.2,-0.0227053140096794,0,1
VECTO-URBAN,EU VECTO Urban Bus,Urban,7141,59.2,-0.0465378421900349,0,1
VECTO-URBAN,EU VECTO Urban Bus,Urban,7142,59.2,-0.0703703703703903,0,1
VECTO-URBAN,EU VECTO Urban Bus,Urban,7143,59.2,-0.0942028985507457,0,1
VECTO-URBAN,EU VECTO Urban Bus,Urban,7144,59.2,-0.195726495726614,0,1
VECTO-URBAN,EU VECTO Urban Bus,Urban,7145,59.2,-0.384126984127215,0,1
VECTO-URBAN,EU VECTO Urban Bus,Urban,7146,59.2,-0.590476190476433,0,1
VECTO-URBAN,EU VECTO Urban Bus,Urban,7147,59.2,-0.882539682539937,0,1
VECTO-URBAN,EU VECTO Urban Bus,Urban,7148,59.2,-1.18703703703735,0,1
VECTO-URBAN,EU VECTO Urban Bus,Urban,7149,59.2,-1.5277777777781,0,1
VECTO-URBAN,EU VECTO Urban Bus,Urban,7150,59.2,-1.83015873015902,0,1
VECTO-URBAN,EU VECTO Urban Bus,Urban,7151,59.2,-2.06507936507967,0,1
VECTO-URBAN,EU VECTO Urban Bus,Urban,7152,59.2,-2.28000000000022,0,1
VECTO-URBAN,EU VECTO Urban Bus,Urban,7153,59.2,-2.38496732026157,0,1
VECTO-URBAN,EU VECTO Urban Bus,Urban,7154,59.2,-2.33055555555544,0,1
VECTO-URBAN,EU VECTO Urban Bus,Urban,7155,59.2,-2.23921568627437,0,1
VECTO-URBAN,EU VECTO Urban Bus,Urban,7156,59.2,-2.06222222222197,0,1
VECTO-URBAN,EU VECTO Urban Bus,Urban,7157,59.2,-1.84629629629587,0,1
VECTO-URBAN,EU VECTO Urban Bus,Urban,7158,59.2,-1.54761904761867,0,1
VECTO-URBAN,EU VECTO Urban Bus,Urban,7159,59.2,-1.24814814814769,0,1
VECTO-URBAN,EU VECTO Urban Bus,Urban,7160,59.2,-0.949206349205945,0,1
VECTO-URBAN,EU VECTO Urban Bus,Urban,7161,59.2,-0.699999999999584,0,1
VECTO-URBAN,EU VECTO Urban Bus,Urban,7162,59.2,-0.465555555555256,0,1
VECTO-URBAN,EU VECTO Urban Bus,Urban,7163,59.2,-0.271111111110804,0,1
VECTO-URBAN,EU VECTO Urban Bus,Urban,7164,59.2,-0.0666666666663514,0,1
VECTO-URBAN,EU VECTO Urban Bus,Urban,7165,59.2,0.153968253968716,0,1
VECTO-URBAN,EU VECTO Urban Bus,Urban,7166,59.2,0.460317460317934,0,1
VECTO-URBAN,EU VECTO Urban Bus,Urban,7167,59.2,0.855555555556687,0,1
VECTO-URBAN,EU VECTO Urban Bus,Urban,7168,59.2,1.35185185185243,0,1
VECTO-URBAN,EU VECTO Urban Bus,Urban,7169,59.2,1.85185185185304,0,1
VECTO-URBAN,EU VECTO Urban Bus,Urban,7170,59.2,2.35000000000182,0,1
VECTO-URBAN,EU VECTO Urban Bus,Urban,7171,59.2,2.70888888888963,0,1
VECTO-URBAN,EU VECTO Urban Bus,Urban,7172,59.2,2.93535353535388,0,1
VECTO-URBAN,EU VECTO Urban Bus,Urban,7173,59.2,2.96410256410242,0,1
VECTO-URBAN,EU VECTO Urban Bus,Urban,7174,59.2,2.90085470085455,0,1
VECTO-URBAN,EU VECTO Urban Bus,Urban,7175,54.52,2.87285555555548,0,1
VECTO-URBAN,EU VECTO Urban Bus,Urban,7176,49.84,2.8438666666666,0,1
VECTO-URBAN,EU VECTO Urban Bus,Urban,7177,45.16,2.81747777777771,0,1
VECTO-URBAN,EU VECTO Urban Bus,Urban,7178,40.48,2.78246913580228,0,1
VECTO-URBAN,EU VECTO Urban Bus,Urban,7179,37.9,2.72199074074055,0,1
VECTO-URBAN,EU VECTO Urban Bus,Urban,7180,37.9,2.60615079365026,0,1
VECTO-URBAN,EU VECTO Urban Bus,Urban,7181,37.9,2.39756944444343,0,1
VECTO-URBAN,EU VECTO Urban Bus,Urban,7182,37.9,2.13437499999891,0,1
VECTO-URBAN,EU VECTO Urban Bus,Urban,7183,37.9,1.79236111110877,0,1
VECTO-URBAN,EU VECTO Urban Bus,Urban,7184,37.9,1.36597222221972,0,1
VECTO-URBAN,EU VECTO Urban Bus,Urban,7185,37.9,0.839583333330665,0,1
VECTO-URBAN,EU VECTO Urban Bus,Urban,7186,37.9,0.463194444441615,0,1
VECTO-URBAN,EU VECTO Urban Bus,Urban,7187,37.9,-0.0631944444474357,0,1
VECTO-URBAN,EU VECTO Urban Bus,Urban,7188,37.9,-0.489583333336486,0,1
VECTO-URBAN,EU VECTO Urban Bus,Urban,7189,37.9,-0.907986111112768,0,1
VECTO-URBAN,EU VECTO Urban Bus,Urban,7190,37.9,-1.22118055555729,0,1
VECTO-URBAN,EU VECTO Urban Bus,Urban,7191,37.9,-1.45625000000121,0,1
VECTO-URBAN,EU VECTO Urban Bus,Urban,7192,37.9,-1.56585648148211,0,1
VECTO-URBAN,EU VECTO Urban Bus,Urban,7193,37.9,-1.52854938271517,0,1
VECTO-URBAN,EU VECTO Urban Bus,Urban,7194,37.9,-1.43878205128142,0,1
VECTO-URBAN,EU VECTO Urban Bus,Urban,7195,33.22,-1.4,0,1
VECTO-URBAN,EU VECTO Urban Bus,Urban,7196,29.8,-1.22351851851708,0,1
VECTO-URBAN,EU VECTO Urban Bus,Urban,7197,29.8,-1.10190476190349,0,1
VECTO-URBAN,EU VECTO Urban Bus,Urban,7198,29.8,-0.969365079363758,0,1
VECTO-URBAN,EU VECTO Urban Bus,Urban,7199,29.8,-0.851111111109744,0,1
VECTO-URBAN,EU VECTO Urban Bus,Urban,7200,29.8,-0.705999999998021,0,1
VECTO-URBAN,EU VECTO Urban Bus,Urban,7201,29.8,-0.560444444442401,0,1
VECTO-URBAN,EU VECTO Urban Bus,Urban,7202,29.8,-0.324814814811301,0,1
VECTO-URBAN,EU VECTO Urban Bus,Urban,7203,29.8,-0.0233333333279006,0,1
VECTO-URBAN,EU VECTO Urban Bus,Urban,7204,29.8,0.44055555556115,0,1
VECTO-URBAN,EU VECTO Urban Bus,Urban,7205,25.12,1.07194444445013,0,1
VECTO-URBAN,EU VECTO Urban Bus,Urban,7206,20.44,1.63833333333896,0,1
VECTO-URBAN,EU VECTO Urban Bus,Urban,7207,17.3,2.10083333334478,0,1
VECTO-URBAN,EU VECTO Urban Bus,Urban,7208,17.3,2.58138888890026,0,1
VECTO-URBAN,EU VECTO Urban Bus,Urban,7209,17.3,3.16194444445573,0,1
VECTO-URBAN,EU VECTO Urban Bus,Urban,7210,12.62,3.57750000001106,0,1
VECTO-URBAN,EU VECTO Urban Bus,Urban,7211,7.94,3.92611111113365,0,1
VECTO-URBAN,EU VECTO Urban Bus,Urban,7212,11.54,4.16722222224489,0,1
VECTO-URBAN,EU VECTO Urban Bus,Urban,7213,6.86,4.4,0,1
VECTO-URBAN,EU VECTO Urban Bus,Urban,7214,2.18,4.4,0,1
VECTO-URBAN,EU VECTO Urban Bus,Urban,7215,0,4.4,1,1.1
VECTO-URBAN,EU VECTO Urban Bus,Urban,7216,0,4.4,1,1.1
VECTO-URBAN,EU VECTO Urban Bus,Urban,7217,0,4.4,1,1.1
VECTO-URBAN,EU VECTO Urban Bus,Urban,7218,0,4.4,1,1.1
VECTO-URBAN,EU VECTO Urban Bus,Urban,7219,0,4.4,1,1.1
VECTO-URBAN,EU VECTO Urban Bus,Urban,7220,0,4.4,1,1.1
VECTO-URBAN,EU VECTO Urban Bus,Urban,7221,0,4.4,1,1.1
VECTO-URBAN,EU VECTO Urban Bus,Urban,7222,0,4.4,1,1.1
VECTO-URBAN,EU VECTO Urban Bus,Urban,7223,0,4.4,1,1.1
VECTO-URBAN,EU VECTO Urban Bus,Urban,7224,0,4.4,1,1.1
VECTO-URBAN,EU VECTO Urban Bus,Urban,7225,0,4.4,1,1.1
VECTO-URBAN,EU VECTO Urban Bus,Urban,7226,0,4.4,1,1.1
VECTO-URBAN,EU VECTO Urban Bus,Urban,7227,0,4.4,1,1.1
VECTO-URBAN,EU VECTO Urban Bus,Urban,7228,0,4.4,1,1.1
VECTO-URBAN,EU VECTO Urban Bus,Urban,7229,0,4.4,1,1.1
VECTO-URBAN,EU VECTO Urban Bus,Urban,7230,0,4.4,1,1.1
VECTO-URBAN,EU VECTO Urban Bus,Urban,7231,0,4.4,1,1.1
VECTO-URBAN,EU VECTO Urban Bus,Urban,7232,0,4.4,1,1.1
VECTO-URBAN,EU VECTO Urban Bus,Urban,7233,0,4.4,1,1.1
VECTO-URBAN,EU VECTO Urban Bus,Urban,7234,0,4.4,1,1.1
VECTO-URBAN,EU VECTO Urban Bus,Urban,7235,0,4.4,1,1.1
VECTO-URBAN,EU VECTO Urban Bus,Urban,7236,0,4.4,1,1.1
VECTO-URBAN,EU VECTO Urban Bus,Urban,7237,0,4.4,1,1.1
VECTO-URBAN,EU VECTO Urban Bus,Urban,7238,0,4.4,1,1.1
VECTO-URBAN,EU VECTO Urban Bus,Urban,7239,0,4.4,1,1.1
VECTO-URBAN,EU VECTO Urban Bus,Urban,7240,0,4.4,1,1.1
VECTO-URBAN,EU VECTO Urban Bus,Urban,7241,0,4.4,1,1.1
VECTO-URBAN,EU VECTO Urban Bus,Urban,7242,0,4.4,1,1.1
VECTO-URBAN,EU VECTO Urban Bus,Urban,7243,0,4.4,1,1.1
VECTO-URBAN,EU VECTO Urban Bus,Urban,7244,0,4.4,1,1.1
VECTO-URBAN,EU VECTO Urban Bus,Urban,7245,0,4.4,1,1.1
VECTO-URBAN,EU VECTO Urban Bus,Urban,7246,0,4.4,1,1.1
VECTO-URBAN,EU VECTO Urban Bus,Urban,7247,0,4.4,1,1.1
VECTO-URBAN,EU VECTO Urban Bus,Urban,7248,0,4.4,1,1.1
VECTO-URBAN,EU VECTO Urban Bus,Urban,7249,0,4.4,1,1.1
VECTO-URBAN,EU VECTO Urban Bus,Urban,7250,0,4.4,1,1.1
VECTO-URBAN,EU VECTO Urban Bus,Urban,7251,0,4.4,0,1
VECTO-URBAN,EU VECTO Urban Bus,Urban,7252,3.6,4.4,0,1
VECTO-URBAN,EU VECTO Urban Bus,Urban,7253,7.2,4.6,0,1
VECTO-URBAN,EU VECTO Urban Bus,Urban,7254,10.8,4.75,0,1
VECTO-URBAN,EU VECTO Urban Bus,Urban,7255,14.4,5.15,0,1
VECTO-URBAN,EU VECTO Urban Bus,Urban,7256,18,5.375,0,1
VECTO-URBAN,EU VECTO Urban Bus,Urban,7257,21.6,5.66666666666667,0,1
VECTO-URBAN,EU VECTO Urban Bus,Urban,7258,25.2,5.785,0,1
VECTO-URBAN,EU VECTO Urban Bus,Urban,7259,28.8,5.71,0,1
VECTO-URBAN,EU VECTO Urban Bus,Urban,7260,31.6,5.38055555555548,0,1
VECTO-URBAN,EU VECTO Urban Bus,Urban,7261,31.6,4.84166666666642,0,1
VECTO-URBAN,EU VECTO Urban Bus,Urban,7262,31.6,4.00555555555475,0,1
VECTO-URBAN,EU VECTO Urban Bus,Urban,7263,31.6,3.21388888888832,0,1
VECTO-URBAN,EU VECTO Urban Bus,Urban,7264,31.6,2.14999999999854,0,1
VECTO-URBAN,EU VECTO Urban Bus,Urban,7265,31.6,1.17222222222044,0,1
VECTO-URBAN,EU VECTO Urban Bus,Urban,7266,31.6,0.347222222221171,0,1
VECTO-URBAN,EU VECTO Urban Bus,Urban,7267,31.6,-0.491666666667879,0,1
VECTO-URBAN,EU VECTO Urban Bus,Urban,7268,31.6,-1.26111111111386,0,1
VECTO-URBAN,EU VECTO Urban Bus,Urban,7269,31.6,-1.86944444444598,0,1
VECTO-URBAN,EU VECTO Urban Bus,Urban,7270,31.6,-2.40833333333503,0,1
VECTO-URBAN,EU VECTO Urban Bus,Urban,7271,31.6,-2.79722222222408,0,1
VECTO-URBAN,EU VECTO Urban Bus,Urban,7272,31.6,-3.05444444444525,0,1
VECTO-URBAN,EU VECTO Urban Bus,Urban,7273,31.6,-3.19444444444396,0,1
VECTO-URBAN,EU VECTO Urban Bus,Urban,7274,31.6,-3.09691358024639,0,1
VECTO-URBAN,EU VECTO Urban Bus,Urban,7275,31.6,-2.99861111110986,0,1
VECTO-URBAN,EU VECTO Urban Bus,Urban,7276,26.92,-2.82722222222049,0,1
VECTO-URBAN,EU VECTO Urban Bus,Urban,7277,24.7,-2.66618055555427,0,1
VECTO-URBAN,EU VECTO Urban Bus,Urban,7278,24.7,-2.46965277777654,0,1
VECTO-URBAN,EU VECTO Urban Bus,Urban,7279,24.7,-2.2731249999988,0,1
VECTO-URBAN,EU VECTO Urban Bus,Urban,7280,24.7,-2.10159722222106,0,1
VECTO-URBAN,EU VECTO Urban Bus,Urban,7281,24.7,-1.90506944444332,0,1
VECTO-URBAN,EU VECTO Urban Bus,Urban,7282,24.7,-1.70854166666559,0,1
VECTO-URBAN,EU VECTO Urban Bus,Urban,7283,24.7,-1.4740277777757,0,1
VECTO-URBAN,EU VECTO Urban Bus,Urban,7284,20.02,-1.2089814814802,0,1
VECTO-URBAN,EU VECTO Urban Bus,Urban,7285,15.34,-0.967916666664678,0,1
VECTO-URBAN,EU VECTO Urban Bus,Urban,7286,10.66,-0.787361111109203,0,1
VECTO-URBAN,EU VECTO Urban Bus,Urban,7287,5.98,-0.67180555555351,0,1
VECTO-URBAN,EU VECTO Urban Bus,Urban,7288,1.3,-0.621249999997963,0,1
VECTO-URBAN,EU VECTO Urban Bus,Urban,7289,4.9,-0.6,0,1
VECTO-URBAN,EU VECTO Urban Bus,Urban,7290,0.22,-0.6,1,1.1
VECTO-URBAN,EU VECTO Urban Bus,Urban,7291,0,-0.6,1,1.1
VECTO-URBAN,EU VECTO Urban Bus,Urban,7292,0,-0.6,1,1.1
VECTO-URBAN,EU VECTO Urban Bus,Urban,7293,0,-0.6,1,1.1
VECTO-URBAN,EU VECTO Urban Bus,Urban,7294,0,-0.6,1,1.1
VECTO-URBAN,EU VECTO Urban Bus,Urban,7295,0,-0.6,1,1.1
VECTO-URBAN,EU VECTO Urban Bus,Urban,7296,0,-0.6,1,1.1
VECTO-URBAN,EU VECTO Urban Bus,Urban,7297,0,-0.6,1,1.1
VECTO-URBAN,EU VECTO Urban Bus,Urban,7298,0,-0.6,1,1.1
VECTO-URBAN,EU VECTO Urban Bus,Urban,7299,0,-0.6,1,1.1
VECTO-URBAN,EU VECTO Urban Bus,Urban,7300,0,-0.6,1,1.1
VECTO-URBAN,EU VECTO Urban Bus,Urban,7301,0,-0.6,1,1.1
VECTO-URBAN,EU VECTO Urban Bus,Urban,7302,0,-0.6,1,1.1
VECTO-URBAN,EU VECTO Urban Bus,Urban,7303,0,-0.6,1,1.1
VECTO-URBAN,EU VECTO Urban Bus,Urban,7304,0,-0.6,0,1
VECTO-URBAN,EU VECTO Urban Bus,Urban,7305,3.6,-0.6,0,1
VECTO-URBAN,EU VECTO Urban Bus,Urban,7306,7.2,-0.5,0,1
VECTO-URBAN,EU VECTO Urban Bus,Urban,7307,10.8,-0.325,0,1
VECTO-URBAN,EU VECTO Urban Bus,Urban,7308,14.4,-0.1,0,1
VECTO-URBAN,EU VECTO Urban Bus,Urban,7309,18,0.15,0,1
VECTO-URBAN,EU VECTO Urban Bus,Urban,7310,21.6,0.5,0,1
VECTO-URBAN,EU VECTO Urban Bus,Urban,7311,25.2,0.95,0,1
VECTO-URBAN,EU VECTO Urban Bus,Urban,7312,26.7,1.38541666666679,0,1
VECTO-URBAN,EU VECTO Urban Bus,Urban,7313,26.7,1.8125,0,1
VECTO-URBAN,EU VECTO Urban Bus,Urban,7314,26.7,2.21805555555547,0,1
VECTO-URBAN,EU VECTO Urban Bus,Urban,7315,26.7,2.53194444444428,0,1
VECTO-URBAN,EU VECTO Urban Bus,Urban,7316,26.7,2.80749999999985,0,1
VECTO-URBAN,EU VECTO Urban Bus,Urban,7317,27.7017857142804,2.97327008928551,0,1
VECTO-URBAN,EU VECTO Urban Bus,Urban,7318,31.3017857142804,3.10139715608457,0,1
VECTO-URBAN,EU VECTO Urban Bus,Urban,7319,31.8,3.19877645502638,0,1
VECTO-URBAN,EU VECTO Urban Bus,Urban,7320,31.8,3.17704417293234,0,1
VECTO-URBAN,EU VECTO Urban Bus,Urban,7321,31.8,3.15379855889725,0,1
VECTO-URBAN,EU VECTO Urban Bus,Urban,7322,31.8,3.13055294486215,0,1
VECTO-URBAN,EU VECTO Urban Bus,Urban,7323,31.8,3.10730733082706,0,1
VECTO-URBAN,EU VECTO Urban Bus,Urban,7324,31.8,3.03270502645497,0,1
VECTO-URBAN,EU VECTO Urban Bus,Urban,7325,31.8,2.87775297619028,0,1
VECTO-URBAN,EU VECTO Urban Bus,Urban,7326,31.8,2.63191964285688,0,1
VECTO-URBAN,EU VECTO Urban Bus,Urban,7327,31.8,2.24434523809396,0,1
VECTO-URBAN,EU VECTO Urban Bus,Urban,7328,31.8,1.73050595238019,0,1
VECTO-URBAN,EU VECTO Urban Bus,Urban,7329,31.8,1.1388392857134,0,1
VECTO-URBAN,EU VECTO Urban Bus,Urban,7330,31.8,0.447172619046614,0,1
VECTO-URBAN,EU VECTO Urban Bus,Urban,7331,31.8,-0.288988095240347,0,1
VECTO-URBAN,EU VECTO Urban Bus,Urban,7332,31.8,-1.07232142857392,0,1
VECTO-URBAN,EU VECTO Urban Bus,Urban,7333,27.12,-1.64532738095368,0,1
VECTO-URBAN,EU VECTO Urban Bus,Urban,7334,22.44,-2.03949404762025,0,1
VECTO-URBAN,EU VECTO Urban Bus,Urban,7335,17.76,-2.27910714285802,0,1
VECTO-URBAN,EU VECTO Urban Bus,Urban,7336,21.0188265304923,-2.44397906037448,0,1
VECTO-URBAN,EU VECTO Urban Bus,Urban,7337,16.3388265304923,-2.45788963799839,0,1
VECTO-URBAN,EU VECTO Urban Bus,Urban,7338,11.6588265304923,-2.40233873906784,0,1
VECTO-URBAN,EU VECTO Urban Bus,Urban,7339,6.97882653049231,-2.4,0,1
VECTO-URBAN,EU VECTO Urban Bus,Urban,7340,2.29882653049231,-2.4,0,1
VECTO-URBAN,EU VECTO Urban Bus,Urban,7341,0,-2.4,1,1.1
VECTO-URBAN,EU VECTO Urban Bus,Urban,7342,0,-2.4,1,1.1
VECTO-URBAN,EU VECTO Urban Bus,Urban,7343,0,-2.4,1,1.1
VECTO-URBAN,EU VECTO Urban Bus,Urban,7344,0,-2.4,1,1.1
VECTO-URBAN,EU VECTO Urban Bus,Urban,7345,0,-2.4,1,1.1
VECTO-URBAN,EU VECTO Urban Bus,Urban,7346,0,-2.4,1,1.1
VECTO-URBAN,EU VECTO Urban Bus,Urban,7347,0,-2.4,1,1.1
VECTO-URBAN,EU VECTO Urban Bus,Urban,7348,0,-2.4,1,1.1
VECTO-URBAN,EU VECTO Urban Bus,Urban,7349,0,-2.4,1,1.1
VECTO-URBAN,EU VECTO Urban Bus,Urban,7350,0,-2.4,1,1.1
VECTO-URBAN,EU VECTO Urban Bus,Urban,7351,0,-2.4,1,1.1
VECTO-URBAN,EU VECTO Urban Bus,Urban,7352,0,-2.4,1,1.1
VECTO-URBAN,EU VECTO Urban Bus,Urban,7353,0,-2.4,1,1.1
VECTO-URBAN,EU VECTO Urban Bus,Urban,7354,0,-2.4,1,1.1
VECTO-URBAN,EU VECTO Urban Bus,Urban,7355,0,-2.4,1,1.1
VECTO-URBAN,EU VECTO Urban Bus,Urban,7356,0,-2.4,1,1.1
VECTO-URBAN,EU VECTO Urban Bus,Urban,7357,0,-2.4,1,1.1
VECTO-URBAN,EU VECTO Urban Bus,Urban,7358,0,-2.4,1,1.1
VECTO-URBAN,EU VECTO Urban Bus,Urban,7359,0,-2.4,1,1.1
VECTO-URBAN,EU VECTO Urban Bus,Urban,7360,0,-2.4,1,1.1
VECTO-URBAN,EU VECTO Urban Bus,Urban,7361,0,-2.4,1,1.1
VECTO-URBAN,EU VECTO Urban Bus,Urban,7362,0,-2.4,1,1.1
VECTO-URBAN,EU VECTO Urban Bus,Urban,7363,0,-2.4,1,1.1
VECTO-URBAN,EU VECTO Urban Bus,Urban,7364,0,-2.4,0,1
VECTO-URBAN,EU VECTO Urban Bus,Urban,7365,3.6,-2.4,0,1
VECTO-URBAN,EU VECTO Urban Bus,Urban,7366,7.2,-2.38,0,1
VECTO-URBAN,EU VECTO Urban Bus,Urban,7367,10.8,-2.33,0,1
VECTO-URBAN,EU VECTO Urban Bus,Urban,7368,14.4,-2.23333333333333,0,1
VECTO-URBAN,EU VECTO Urban Bus,Urban,7369,18,-2.025,0,1
VECTO-URBAN,EU VECTO Urban Bus,Urban,7370,21.6,-1.7,0,1
VECTO-URBAN,EU VECTO Urban Bus,Urban,7371,23.9,-1.16805555555547,0,1
VECTO-URBAN,EU VECTO Urban Bus,Urban,7372,23.9,-0.702083333333212,0,1
VECTO-URBAN,EU VECTO Urban Bus,Urban,7373,23.9,0.0194444444452529,0,1
VECTO-URBAN,EU VECTO Urban Bus,Urban,7374,23.9,0.561805555555839,0,1
VECTO-URBAN,EU VECTO Urban Bus,Urban,7375,19.22,1.11125000000029,0,1
VECTO-URBAN,EU VECTO Urban Bus,Urban,7376,14.54,1.3956944444446,0,1
VECTO-URBAN,EU VECTO Urban Bus,Urban,7377,9.86,1.63027777777825,0,1
VECTO-URBAN,EU VECTO Urban Bus,Urban,7378,13.46,1.85416666666715,0,1
VECTO-URBAN,EU VECTO Urban Bus,Urban,7379,8.78,2,0,1
VECTO-URBAN,EU VECTO Urban Bus,Urban,7380,4.1,2,0,1
VECTO-URBAN,EU VECTO Urban Bus,Urban,7381,0,2,1,1.1
VECTO-URBAN,EU VECTO Urban Bus,Urban,7382,0,2,1,1.1
VECTO-URBAN,EU VECTO Urban Bus,Urban,7383,0,2,1,1.1
VECTO-URBAN,EU VECTO Urban Bus,Urban,7384,0,2,1,1.1
VECTO-URBAN,EU VECTO Urban Bus,Urban,7385,0,2,1,1.1
VECTO-URBAN,EU VECTO Urban Bus,Urban,7386,0,2,1,1.1
VECTO-URBAN,EU VECTO Urban Bus,Urban,7387,0,2,1,1.1
VECTO-URBAN,EU VECTO Urban Bus,Urban,7388,0,2,1,1.1
VECTO-URBAN,EU VECTO Urban Bus,Urban,7389,0,2,1,1.1
VECTO-URBAN,EU VECTO Urban Bus,Urban,7390,0,2,1,1.1
VECTO-URBAN,EU VECTO Urban Bus,Urban,7391,0,2,1,1.1
VECTO-URBAN,EU VECTO Urban Bus,Urban,7392,0,2,1,1.1
VECTO-URBAN,EU VECTO Urban Bus,Urban,7393,0,2,1,1.1
VECTO-URBAN,EU VECTO Urban Bus,Urban,7394,0,2,1,1.1
VECTO-URBAN,EU VECTO Urban Bus,Urban,7395,0,2,1,1.1
VECTO-URBAN,EU VECTO Urban Bus,Urban,7396,0,2,1,1.1
VECTO-URBAN,EU VECTO Urban Bus,Urban,7397,0,2,0,1
VECTO-URBAN,EU VECTO Urban Bus,Urban,7398,3.6,2,0,1
VECTO-URBAN,EU VECTO Urban Bus,Urban,7399,7.2,2.1,0,1
VECTO-URBAN,EU VECTO Urban Bus,Urban,7400,10.8,2.18333333333333,0,1
VECTO-URBAN,EU VECTO Urban Bus,Urban,7401,14.4,2.2375,0,1
VECTO-URBAN,EU VECTO Urban Bus,Urban,7402,18,2.29375,0,1
VECTO-URBAN,EU VECTO Urban Bus,Urban,7403,21.3,2.17202380952377,0,1
VECTO-URBAN,EU VECTO Urban Bus,Urban,7404,21.3,2.078125,0,1
VECTO-URBAN,EU VECTO Urban Bus,Urban,7405,21.3,1.90694444444453,0,1
VECTO-URBAN,EU VECTO Urban Bus,Urban,7406,21.3,1.70729166666679,0,1
VECTO-URBAN,EU VECTO Urban Bus,Urban,7407,24.9,1.44375000000036,0,1
VECTO-URBAN,EU VECTO Urban Bus,Urban,7408,28.5,1.18194444444477,0,1
VECTO-URBAN,EU VECTO Urban Bus,Urban,7409,32.1,0.90104166666697,0,1
VECTO-URBAN,EU VECTO Urban Bus,Urban,7410,35.3,0.685339506172992,0,1
VECTO-URBAN,EU VECTO Urban Bus,Urban,7411,35.3,0.611805555555475,0,1
VECTO-URBAN,EU VECTO Urban Bus,Urban,7412,35.3,0.666280864197445,0,1
VECTO-URBAN,EU VECTO Urban Bus,Urban,7413,35.3,0.733964646464499,0,1
VECTO-URBAN,EU VECTO Urban Bus,Urban,7414,35.3,0.828240740740552,0,1
VECTO-URBAN,EU VECTO Urban Bus,Urban,7415,35.3,0.930429292929131,0,1
VECTO-URBAN,EU VECTO Urban Bus,Urban,7416,35.3,0.994618055555602,0,1
VECTO-URBAN,EU VECTO Urban Bus,Urban,7417,35.3,0.970104166666715,0,1
VECTO-URBAN,EU VECTO Urban Bus,Urban,7418,35.3,0.945590277777828,0,1
VECTO-URBAN,EU VECTO Urban Bus,Urban,7419,35.3,0.921076388888941,0,1
VECTO-URBAN,EU VECTO Urban Bus,Urban,7420,35.3,0.884722222222465,0,1
VECTO-URBAN,EU VECTO Urban Bus,Urban,7421,35.3,0.763657407407785,0,1
VECTO-URBAN,EU VECTO Urban Bus,Urban,7422,35.3,0.575347222222808,0,1
VECTO-URBAN,EU VECTO Urban Bus,Urban,7423,35.3,0.353472222222626,0,1
VECTO-URBAN,EU VECTO Urban Bus,Urban,7424,35.3,0.110069444445071,0,1
VECTO-URBAN,EU VECTO Urban Bus,Urban,7425,35.3,-0.146759259258397,0,1
VECTO-URBAN,EU VECTO Urban Bus,Urban,7426,35.3,-0.355208333332666,0,1
VECTO-URBAN,EU VECTO Urban Bus,Urban,7427,35.3,-0.550231481481023,0,1
VECTO-URBAN,EU VECTO Urban Bus,Urban,7428,36.8355902777568,-0.725409010898511,0,1
VECTO-URBAN,EU VECTO Urban Bus,Urban,7429,40.4355902777568,-0.826471273790958,0,1
VECTO-URBAN,EU VECTO Urban Bus,Urban,7430,41.4,-0.889616019375656,0,1
VECTO-URBAN,EU VECTO Urban Bus,Urban,7431,41.4,-0.803691165123819,0,1
VECTO-URBAN,EU VECTO Urban Bus,Urban,7432,41.4,-0.744345582561909,0,1
VECTO-URBAN,EU VECTO Urban Bus,Urban,7433,41.4,-0.67976243471063,0,1
VECTO-URBAN,EU VECTO Urban Bus,Urban,7434,41.4,-0.589719241021653,0,1
VECTO-URBAN,EU VECTO Urban Bus,Urban,7435,41.4,-0.487454742402938,0,1
VECTO-URBAN,EU VECTO Urban Bus,Urban,7436,41.4,-0.398993203941399,0,1
VECTO-URBAN,EU VECTO Urban Bus,Urban,7437,41.4,-0.310531665479861,0,1
VECTO-URBAN,EU VECTO Urban Bus,Urban,7438,41.4,-0.259476466049528,0,1
VECTO-URBAN,EU VECTO Urban Bus,Urban,7439,41.4,-0.213476466049528,0,1
VECTO-URBAN,EU VECTO Urban Bus,Urban,7440,41.4,-0.223914363198877,0,1
VECTO-URBAN,EU VECTO Urban Bus,Urban,7441,41.4,-0.257737892610642,0,1
VECTO-URBAN,EU VECTO Urban Bus,Urban,7442,41.4,-0.291561422022406,0,1
VECTO-URBAN,EU VECTO Urban Bus,Urban,7443,41.4,-0.32465966710748,0,1
VECTO-URBAN,EU VECTO Urban Bus,Urban,7444,41.4,-0.357516809964623,0,1
VECTO-URBAN,EU VECTO Urban Bus,Urban,7445,41.4,-0.390373952821766,0,1
VECTO-URBAN,EU VECTO Urban Bus,Urban,7446,41.4,-0.450818021797613,0,1
VECTO-URBAN,EU VECTO Urban Bus,Urban,7447,41.4,-0.527929872981678,0,1
VECTO-URBAN,EU VECTO Urban Bus,Urban,7448,36.72,-0.621155478394524,0,1
VECTO-URBAN,EU VECTO Urban Bus,Urban,7449,32.04,-0.744787594306884,0,1
VECTO-URBAN,EU VECTO Urban Bus,Urban,7450,27.36,-0.836454260973551,0,1
VECTO-URBAN,EU VECTO Urban Bus,Urban,7451,22.68,-0.912308834876167,0,1
VECTO-URBAN,EU VECTO Urban Bus,Urban,7452,26.28,-0.980308834876196,0,1
VECTO-URBAN,EU VECTO Urban Bus,Urban,7453,21.6,-1,0,1
VECTO-URBAN,EU VECTO Urban Bus,Urban,7454,16.92,-1,0,1
VECTO-URBAN,EU VECTO Urban Bus,Urban,7455,12.24,-1,0,1
VECTO-URBAN,EU VECTO Urban Bus,Urban,7456,7.56,-1,0,1
VECTO-URBAN,EU VECTO Urban Bus,Urban,7457,2.88,-1,0,1
VECTO-URBAN,EU VECTO Urban Bus,Urban,7458,0,-1,1,1.1
VECTO-URBAN,EU VECTO Urban Bus,Urban,7459,0,-1,1,1.1
VECTO-URBAN,EU VECTO Urban Bus,Urban,7460,0,-1,1,1.1
VECTO-URBAN,EU VECTO Urban Bus,Urban,7461,0,-1,1,1.1
VECTO-URBAN,EU VECTO Urban Bus,Urban,7462,0,-1,1,1.1
VECTO-URBAN,EU VECTO Urban Bus,Urban,7463,0,-1,1,1.1
VECTO-URBAN,EU VECTO Urban Bus,Urban,7464,0,-1,1,1.1
VECTO-URBAN,EU VECTO Urban Bus,Urban,7465,0,-1,1,1.1
VECTO-URBAN,EU VECTO Urban Bus,Urban,7466,0,-1,1,1.1
VECTO-URBAN,EU VECTO Urban Bus,Urban,7467,0,-1,0,1
VECTO-URBAN,EU VECTO Urban Bus,Urban,7468,3.6,-1,0,1
VECTO-URBAN,EU VECTO Urban Bus,Urban,7469,7.2,-0.991666666666667,0,1
VECTO-URBAN,EU VECTO Urban Bus,Urban,7470,10.8,-0.970833333333333,0,1
VECTO-URBAN,EU VECTO Urban Bus,Urban,7471,14.4,-0.941666666666667,0,1
VECTO-URBAN,EU VECTO Urban Bus,Urban,7472,18,-0.904166666666667,0,1
VECTO-URBAN,EU VECTO Urban Bus,Urban,7473,21.6,-0.816666666666667,0,1
VECTO-URBAN,EU VECTO Urban Bus,Urban,7474,25.2,-0.708333333333333,0,1
VECTO-URBAN,EU VECTO Urban Bus,Urban,7475,28.8,-0.5,0,1
VECTO-URBAN,EU VECTO Urban Bus,Urban,7476,32.4,-0.25,0,1
VECTO-URBAN,EU VECTO Urban Bus,Urban,7477,36,0.05,0,1
VECTO-URBAN,EU VECTO Urban Bus,Urban,7478,39.6,0.3875,0,1
VECTO-URBAN,EU VECTO Urban Bus,Urban,7479,43.2,0.72,0,1
VECTO-URBAN,EU VECTO Urban Bus,Urban,7480,46.8,0.964285714285714,0,1
VECTO-URBAN,EU VECTO Urban Bus,Urban,7481,47.3,1.09008487654321,0,1
VECTO-URBAN,EU VECTO Urban Bus,Urban,7482,47.3,1.05358796296296,0,1
VECTO-URBAN,EU VECTO Urban Bus,Urban,7483,47.3,1.0170910493827,0,1
VECTO-URBAN,EU VECTO Urban Bus,Urban,7484,47.3,0.94178240740736,0,1
VECTO-URBAN,EU VECTO Urban Bus,Urban,7485,47.3,0.798749999999927,0,1
VECTO-URBAN,EU VECTO Urban Bus,Urban,7486,47.3,0.659201388888778,0,1
VECTO-URBAN,EU VECTO Urban Bus,Urban,7487,47.3,0.515972222222117,0,1
VECTO-URBAN,EU VECTO Urban Bus,Urban,7488,47.3,0.39583333333324,0,1
VECTO-URBAN,EU VECTO Urban Bus,Urban,7489,47.3,0.295746527777692,0,1
VECTO-URBAN,EU VECTO Urban Bus,Urban,7490,47.3,0.213628472222126,0,1
VECTO-URBAN,EU VECTO Urban Bus,Urban,7491,47.3,0.150189393939317,0,1
VECTO-URBAN,EU VECTO Urban Bus,Urban,7492,47.3,0.0927681992336524,0,1
VECTO-URBAN,EU VECTO Urban Bus,Urban,7493,47.3,0.0474616858236851,0,1
VECTO-URBAN,EU VECTO Urban Bus,Urban,7494,47.3,0.00215517241371783,0,1
VECTO-URBAN,EU VECTO Urban Bus,Urban,7495,47.3,0.0368055555556245,0,1
VECTO-URBAN,EU VECTO Urban Bus,Urban,7496,47.3,0.0754493464053025,0,1
VECTO-URBAN,EU VECTO Urban Bus,Urban,7497,47.3,0.123958333333467,0,1
VECTO-URBAN,EU VECTO Urban Bus,Urban,7498,47.3,0.189652777777919,0,1
VECTO-URBAN,EU VECTO Urban Bus,Urban,7499,47.3,0.313368055555929,0,1
VECTO-URBAN,EU VECTO Urban Bus,Urban,7500,47.3,0.488690476190927,0,1
VECTO-URBAN,EU VECTO Urban Bus,Urban,7501,47.3,0.662103174603648,0,1
VECTO-URBAN,EU VECTO Urban Bus,Urban,7502,47.3,0.878373015873513,0,1
VECTO-URBAN,EU VECTO Urban Bus,Urban,7503,47.3,1.05178571428623,0,1
VECTO-URBAN,EU VECTO Urban Bus,Urban,7504,47.3,1.18136574074106,0,1
VECTO-URBAN,EU VECTO Urban Bus,Urban,7505,47.3,1.17980967078182,0,1
VECTO-URBAN,EU VECTO Urban Bus,Urban,7506,47.3,1.15547839506165,0,1
VECTO-URBAN,EU VECTO Urban Bus,Urban,7507,47.3,1.13114711934148,0,1
VECTO-URBAN,EU VECTO Urban Bus,Urban,7508,47.3,1.10681584362132,0,1
VECTO-URBAN,EU VECTO Urban Bus,Urban,7509,47.3,1.14978070175463,0,1
VECTO-URBAN,EU VECTO Urban Bus,Urban,7510,47.3,1.21798611111135,0,1
VECTO-URBAN,EU VECTO Urban Bus,Urban,7511,47.3,1.2836805555558,0,1
VECTO-URBAN,EU VECTO Urban Bus,Urban,7512,47.3,1.35808823529442,0,1
VECTO-URBAN,EU VECTO Urban Bus,Urban,7513,47.3,1.36462418300623,0,1
VECTO-URBAN,EU VECTO Urban Bus,Urban,7514,47.3,1.27847222222168,0,1
VECTO-URBAN,EU VECTO Urban Bus,Urban,7515,47.3,1.12440476190396,0,1
VECTO-URBAN,EU VECTO Urban Bus,Urban,7516,47.3,0.785648148146235,0,1
VECTO-URBAN,EU VECTO Urban Bus,Urban,7517,47.3,0.247685185183218,0,1
VECTO-URBAN,EU VECTO Urban Bus,Urban,7518,47.3,-0.447222222226264,0,1
VECTO-URBAN,EU VECTO Urban Bus,Urban,7519,47.3,-1.16157407407615,0,1
VECTO-URBAN,EU VECTO Urban Bus,Urban,7520,47.3,-1.89953703703917,0,1
VECTO-URBAN,EU VECTO Urban Bus,Urban,7521,47.3,-2.55625000000327,0,1
VECTO-URBAN,EU VECTO Urban Bus,Urban,7522,47.3,-2.9754629629652,0,1
VECTO-URBAN,EU VECTO Urban Bus,Urban,7523,47.3,-3.18298611111077,0,1
VECTO-URBAN,EU VECTO Urban Bus,Urban,7524,47.3,-3.11729166666632,0,1
VECTO-URBAN,EU VECTO Urban Bus,Urban,7525,47.3,-2.87731481481242,0,1
VECTO-URBAN,EU VECTO Urban Bus,Urban,7526,47.3,-2.4090277777741,0,1
VECTO-URBAN,EU VECTO Urban Bus,Urban,7527,47.3,-1.70416666665915,0,1
VECTO-URBAN,EU VECTO Urban Bus,Urban,7528,47.3,-0.863425925923366,0,1
VECTO-URBAN,EU VECTO Urban Bus,Urban,7529,47.3,0.0118055555594765,0,1
VECTO-URBAN,EU VECTO Urban Bus,Urban,7530,47.3,0.891666666672002,0,1
VECTO-URBAN,EU VECTO Urban Bus,Urban,7531,47.3,1.67569444444853,0,1
VECTO-URBAN,EU VECTO Urban Bus,Urban,7532,42.62,2.40013888889298,0,1
VECTO-URBAN,EU VECTO Urban Bus,Urban,7533,37.94,2.97979166666864,0,1
VECTO-URBAN,EU VECTO Urban Bus,Urban,7534,33.26,3.46935185185454,0,1
VECTO-URBAN,EU VECTO Urban Bus,Urban,7535,36.86,3.84548611111313,0,1
VECTO-URBAN,EU VECTO Urban Bus,Urban,7536,32.18,4.05680555555688,0,1
VECTO-URBAN,EU VECTO Urban Bus,Urban,7537,27.5,4.02878472222119,0,1
VECTO-URBAN,EU VECTO Urban Bus,Urban,7538,22.82,3.93305555555437,0,1
VECTO-URBAN,EU VECTO Urban Bus,Urban,7539,18.14,3.7,0,1
VECTO-URBAN,EU VECTO Urban Bus,Urban,7540,13.46,3.7,0,1
VECTO-URBAN,EU VECTO Urban Bus,Urban,7541,8.77999999999999,3.7,0,1
VECTO-URBAN,EU VECTO Urban Bus,Urban,7542,4.09999999999999,3.7,0,1
VECTO-URBAN,EU VECTO Urban Bus,Urban,7543,0,3.7,1,1.1
VECTO-URBAN,EU VECTO Urban Bus,Urban,7544,0,3.7,1,1.1
VECTO-URBAN,EU VECTO Urban Bus,Urban,7545,0,3.7,1,1.1
VECTO-URBAN,EU VECTO Urban Bus,Urban,7546,0,3.7,1,1.1
VECTO-URBAN,EU VECTO Urban Bus,Urban,7547,0,3.7,1,1.1
VECTO-URBAN,EU VECTO Urban Bus,Urban,7548,0,3.7,1,1.1
VECTO-URBAN,EU VECTO Urban Bus,Urban,7549,0,3.7,1,1.1
VECTO-URBAN,EU VECTO Urban Bus,Urban,7550,0,3.7,1,1.1
VECTO-URBAN,EU VECTO Urban Bus,Urban,7551,0,3.7,1,1.1
VECTO-URBAN,EU VECTO Urban Bus,Urban,7552,0,3.7,1,1.1
VECTO-URBAN,EU VECTO Urban Bus,Urban,7553,0,3.7,0,1
VECTO-URBAN,EU VECTO Urban Bus,Urban,7554,3.6,3.7,0,1
VECTO-URBAN,EU VECTO Urban Bus,Urban,7555,7.2,3.6,0,1
VECTO-URBAN,EU VECTO Urban Bus,Urban,7556,10.8,3.475,0,1
VECTO-URBAN,EU VECTO Urban Bus,Urban,7557,14.4,3.25,0,1
VECTO-URBAN,EU VECTO Urban Bus,Urban,7558,18,3.025,0,1
VECTO-URBAN,EU VECTO Urban Bus,Urban,7559,21.6,2.6,0,1
VECTO-URBAN,EU VECTO Urban Bus,Urban,7560,25.2,2.15,0,1
VECTO-URBAN,EU VECTO Urban Bus,Urban,7561,28.8,1.6,0,1
VECTO-URBAN,EU VECTO Urban Bus,Urban,7562,32.4,1.025,0,1
VECTO-URBAN,EU VECTO Urban Bus,Urban,7563,35.4,0.504166666666788,0,1
VECTO-URBAN,EU VECTO Urban Bus,Urban,7564,35.4,0.170833333333333,0,1
VECTO-URBAN,EU VECTO Urban Bus,Urban,7565,35.4,0.13988095238097,0,1
VECTO-URBAN,EU VECTO Urban Bus,Urban,7566,35.4,0.220238095238165,0,1
VECTO-URBAN,EU VECTO Urban Bus,Urban,7567,35.4,0.406250000000182,0,1
VECTO-URBAN,EU VECTO Urban Bus,Urban,7568,35.4,0.641666666666861,0,1
VECTO-URBAN,EU VECTO Urban Bus,Urban,7569,35.4,0.848611111111313,0,1
VECTO-URBAN,EU VECTO Urban Bus,Urban,7570,35.4,0.866249999999927,0,1
VECTO-URBAN,EU VECTO Urban Bus,Urban,7571,35.4,0.817083333333249,0,1
VECTO-URBAN,EU VECTO Urban Bus,Urban,7572,35.4,0.629166666665697,0,1
VECTO-URBAN,EU VECTO Urban Bus,Urban,7573,35.4,0.268749999999454,0,1
VECTO-URBAN,EU VECTO Urban Bus,Urban,7574,35.4,-0.254166666667879,0,1
VECTO-URBAN,EU VECTO Urban Bus,Urban,7575,35.4,-0.791666666669334,0,1
VECTO-URBAN,EU VECTO Urban Bus,Urban,7576,35.4,-1.33750000000146,0,1
VECTO-URBAN,EU VECTO Urban Bus,Urban,7577,35.4,-1.92916666666824,0,1
VECTO-URBAN,EU VECTO Urban Bus,Urban,7578,35.4,-2.33541666666752,0,1
VECTO-URBAN,EU VECTO Urban Bus,Urban,7579,35.4,-2.58125000000091,0,1
VECTO-URBAN,EU VECTO Urban Bus,Urban,7580,35.4,-2.54656862745075,0,1
VECTO-URBAN,EU VECTO Urban Bus,Urban,7581,35.4,-2.46805555555487,0,1
VECTO-URBAN,EU VECTO Urban Bus,Urban,7582,35.4,-2.30416666666594,0,1
VECTO-URBAN,EU VECTO Urban Bus,Urban,7583,35.4,-2.09027777777701,0,1
VECTO-URBAN,EU VECTO Urban Bus,Urban,7584,35.4,-2.02598039215715,0,1
VECTO-URBAN,EU VECTO Urban Bus,Urban,7585,35.4,-2.08382352941206,0,1
VECTO-URBAN,EU VECTO Urban Bus,Urban,7586,35.4,-2.27708333333467,0,1
VECTO-URBAN,EU VECTO Urban Bus,Urban,7587,35.4,-2.69583333333612,0,1
VECTO-URBAN,EU VECTO Urban Bus,Urban,7588,35.4,-3.28750000000291,0,1
VECTO-URBAN,EU VECTO Urban Bus,Urban,7589,35.4,-4.0291666666697,0,1
VECTO-URBAN,EU VECTO Urban Bus,Urban,7590,35.4,-4.64166666667297,0,1
VECTO-URBAN,EU VECTO Urban Bus,Urban,7591,30.72,-5.15333333333547,0,1
VECTO-URBAN,EU VECTO Urban Bus,Urban,7592,26.04,-5.38708333333489,0,1
VECTO-URBAN,EU VECTO Urban Bus,Urban,7593,25.7,-5.31663194444363,0,1
VECTO-URBAN,EU VECTO Urban Bus,Urban,7594,25.7,-5.10958333333001,0,1
VECTO-URBAN,EU VECTO Urban Bus,Urban,7595,25.7,-4.80263888888549,0,1
VECTO-URBAN,EU VECTO Urban Bus,Urban,7596,25.7,-4.19138888888192,0,1
VECTO-URBAN,EU VECTO Urban Bus,Urban,7597,25.7,-3.47749999999287,0,1
VECTO-URBAN,EU VECTO Urban Bus,Urban,7598,25.7,-2.62722222220764,0,1
VECTO-URBAN,EU VECTO Urban Bus,Urban,7599,25.7,-1.62486111110738,0,1
VECTO-URBAN,EU VECTO Urban Bus,Urban,7600,25.7,-0.535833333325718,0,1
VECTO-URBAN,EU VECTO Urban Bus,Urban,7601,25.7,0.478055555563333,0,1
VECTO-URBAN,EU VECTO Urban Bus,Urban,7602,25.7,1.49194444445238,0,1
VECTO-URBAN,EU VECTO Urban Bus,Urban,7603,25.7,2.41166666668287,0,1
VECTO-URBAN,EU VECTO Urban Bus,Urban,7604,25.7,3.35986111111524,0,1
VECTO-URBAN,EU VECTO Urban Bus,Urban,7605,25.7,4.03361111111954,0,1
VECTO-URBAN,EU VECTO Urban Bus,Urban,7606,21.02,4.58250000000844,0,1
VECTO-URBAN,EU VECTO Urban Bus,Urban,7607,21.4361363634392,4.82405618687068,0,1
VECTO-URBAN,EU VECTO Urban Bus,Urban,7608,16.7561363634392,4.9,0,1
VECTO-URBAN,EU VECTO Urban Bus,Urban,7609,12.0761363634392,4.9,0,1
VECTO-URBAN,EU VECTO Urban Bus,Urban,7610,7.39613636343917,4.9,0,1
VECTO-URBAN,EU VECTO Urban Bus,Urban,7611,2.71613636343917,4.9,0,1
VECTO-URBAN,EU VECTO Urban Bus,Urban,7612,0,4.9,1,1.1
VECTO-URBAN,EU VECTO Urban Bus,Urban,7613,0,4.9,1,1.1
VECTO-URBAN,EU VECTO Urban Bus,Urban,7614,0,4.9,1,1.1
VECTO-URBAN,EU VECTO Urban Bus,Urban,7615,0,4.9,1,1.1
VECTO-URBAN,EU VECTO Urban Bus,Urban,7616,0,4.9,1,1.1
VECTO-URBAN,EU VECTO Urban Bus,Urban,7617,0,4.9,1,1.1
VECTO-URBAN,EU VECTO Urban Bus,Urban,7618,0,4.9,1,1.1
VECTO-URBAN,EU VECTO Urban Bus,Urban,7619,0,4.9,1,1.1
VECTO-URBAN,EU VECTO Urban Bus,Urban,7620,0,4.9,1,1.1
VECTO-URBAN,EU VECTO Urban Bus,Urban,7621,0,4.9,1,1.1
VECTO-URBAN,EU VECTO Urban Bus,Urban,7622,0,4.9,1,1.1
VECTO-URBAN,EU VECTO Urban Bus,Urban,7623,0,4.9,1,1.1
VECTO-URBAN,EU VECTO Urban Bus,Urban,7624,0,4.9,1,1.1
VECTO-URBAN,EU VECTO Urban Bus,Urban,7625,0,4.9,0,1
VECTO-URBAN,EU VECTO Urban Bus,Urban,7626,3.6,4.9,0,1
VECTO-URBAN,EU VECTO Urban Bus,Urban,7627,7.2,4.8,0,1
VECTO-URBAN,EU VECTO Urban Bus,Urban,7628,10.8,4.71666666666667,0,1
VECTO-URBAN,EU VECTO Urban Bus,Urban,7629,14.4,4.55,0,1
VECTO-URBAN,EU VECTO Urban Bus,Urban,7630,18,4.375,0,1
VECTO-URBAN,EU VECTO Urban Bus,Urban,7631,21.6,4.03333333333333,0,1
VECTO-URBAN,EU VECTO Urban Bus,Urban,7632,25.2,3.58333333333333,0,1
VECTO-URBAN,EU VECTO Urban Bus,Urban,7633,28.8,3.15,0,1
VECTO-URBAN,EU VECTO Urban Bus,Urban,7634,32.4,2.71666666666667,0,1
VECTO-URBAN,EU VECTO Urban Bus,Urban,7635,32.9,2.36076388888887,0,1
VECTO-URBAN,EU VECTO Urban Bus,Urban,7636,32.9,2.2161458333333,0,1
VECTO-URBAN,EU VECTO Urban Bus,Urban,7637,32.9,2.32052469135807,0,1
VECTO-URBAN,EU VECTO Urban Bus,Urban,7638,32.9,2.43972222222234,0,1
VECTO-URBAN,EU VECTO Urban Bus,Urban,7639,32.9,2.64250000000015,0,1
VECTO-URBAN,EU VECTO Urban Bus,Urban,7640,32.9,2.86527777777796,0,1
VECTO-URBAN,EU VECTO Urban Bus,Urban,7641,32.9,3.06805555555577,0,1
VECTO-URBAN,EU VECTO Urban Bus,Urban,7642,32.9,3.23177083333348,0,1
VECTO-URBAN,EU VECTO Urban Bus,Urban,7643,32.9,3.283997584541,0,1
VECTO-URBAN,EU VECTO Urban Bus,Urban,7644,32.9,3.24426328502409,0,1
VECTO-URBAN,EU VECTO Urban Bus,Urban,7645,32.9,3.20452898550717,0,1
VECTO-URBAN,EU VECTO Urban Bus,Urban,7646,32.9,3.08171296296265,0,1
VECTO-URBAN,EU VECTO Urban Bus,Urban,7647,32.9,2.83819444444343,0,1
VECTO-URBAN,EU VECTO Urban Bus,Urban,7648,32.9,2.56249999999782,0,1
VECTO-URBAN,EU VECTO Urban Bus,Urban,7649,32.9,2.17430555555438,0,1
VECTO-URBAN,EU VECTO Urban Bus,Urban,7650,32.9,1.73368055555493,0,1
VECTO-URBAN,EU VECTO Urban Bus,Urban,7651,32.9,1.26041666666533,0,1
VECTO-URBAN,EU VECTO Urban Bus,Urban,7652,32.9,0.753472222220807,0,1
VECTO-URBAN,EU VECTO Urban Bus,Urban,7653,32.9,0.246527777776282,0,1
VECTO-URBAN,EU VECTO Urban Bus,Urban,7654,32.9,-0.310416666668243,0,1
VECTO-URBAN,EU VECTO Urban Bus,Urban,7655,32.9,-0.811574074075179,0,1
VECTO-URBAN,EU VECTO Urban Bus,Urban,7656,32.9,-1.21620370370486,0,1
VECTO-URBAN,EU VECTO Urban Bus,Urban,7657,32.9,-1.52083333333455,0,1
VECTO-URBAN,EU VECTO Urban Bus,Urban,7658,32.9,-1.7921296296309,0,1
VECTO-URBAN,EU VECTO Urban Bus,Urban,7659,32.9,-1.97003968254025,0,1
VECTO-URBAN,EU VECTO Urban Bus,Urban,7660,32.9,-2.0586805555559,0,1
VECTO-URBAN,EU VECTO Urban Bus,Urban,7661,32.9,-2.05354938271557,0,1
VECTO-URBAN,EU VECTO Urban Bus,Urban,7662,32.9,-1.96400462962926,0,1
VECTO-URBAN,EU VECTO Urban Bus,Urban,7663,32.9,-1.87916666666601,0,1
VECTO-URBAN,EU VECTO Urban Bus,Urban,7664,32.9,-1.74861111111043,0,1
VECTO-URBAN,EU VECTO Urban Bus,Urban,7665,32.9,-1.57546296296132,0,1
VECTO-URBAN,EU VECTO Urban Bus,Urban,7666,32.9,-1.36874999999915,0,1
VECTO-URBAN,EU VECTO Urban Bus,Urban,7667,32.9,-1.15972222222117,0,1
VECTO-URBAN,EU VECTO Urban Bus,Urban,7668,32.9,-0.956944444443361,0,1
VECTO-URBAN,EU VECTO Urban Bus,Urban,7669,32.9,-0.734166666665551,0,1
VECTO-URBAN,EU VECTO Urban Bus,Urban,7670,32.9,-0.565277777776958,0,1
VECTO-URBAN,EU VECTO Urban Bus,Urban,7671,32.9,-0.518277777778014,0,1
VECTO-URBAN,EU VECTO Urban Bus,Urban,7672,32.9,-0.554833333333576,0,1
VECTO-URBAN,EU VECTO Urban Bus,Urban,7673,32.9,-0.591388888889138,0,1
VECTO-URBAN,EU VECTO Urban Bus,Urban,7674,32.9,-0.799652777779374,0,1
VECTO-URBAN,EU VECTO Urban Bus,Urban,7675,32.9,-1.17812500000164,0,1
VECTO-URBAN,EU VECTO Urban Bus,Urban,7676,32.9,-1.7527777777912,0,1
VECTO-URBAN,EU VECTO Urban Bus,Urban,7677,28.22,-2.48763888889225,0,1
VECTO-URBAN,EU VECTO Urban Bus,Urban,7678,23.54,-3.18833333334624,0,1
VECTO-URBAN,EU VECTO Urban Bus,Urban,7679,18.86,-3.68305555556217,0,1
VECTO-URBAN,EU VECTO Urban Bus,Urban,7680,14.18,-4.08064814815031,0,1
VECTO-URBAN,EU VECTO Urban Bus,Urban,7681,9.5,-4.28541666667006,0,1
VECTO-URBAN,EU VECTO Urban Bus,Urban,7682,4.82,-4.43486111111451,0,1
VECTO-URBAN,EU VECTO Urban Bus,Urban,7683,0.139999999999998,-4.46930555555882,0,1
VECTO-URBAN,EU VECTO Urban Bus,Urban,7684,0,-4.5,1,1.1
VECTO-URBAN,EU VECTO Urban Bus,Urban,7685,0,-4.5,1,1.1
VECTO-URBAN,EU VECTO Urban Bus,Urban,7686,0,-4.5,1,1.1
VECTO-URBAN,EU VECTO Urban Bus,Urban,7687,0,-4.5,1,1.1
VECTO-URBAN,EU VECTO Urban Bus,Urban,7688,0,-4.5,1,1.1
VECTO-URBAN,EU VECTO Urban Bus,Urban,7689,0,-4.5,1,1.1
VECTO-URBAN,EU VECTO Urban Bus,Urban,7690,0,-4.5,1,1.1
VECTO-URBAN,EU VECTO Urban Bus,Urban,7691,0,-4.5,1,1.1
VECTO-URBAN,EU VECTO Urban Bus,Urban,7692,0,-4.5,1,1.1
VECTO-URBAN,EU VECTO Urban Bus,Urban,7693,0,-4.5,1,1.1
VECTO-URBAN,EU VECTO Urban Bus,Urban,7694,0,-4.5,1,1.1
VECTO-URBAN,EU VECTO Urban Bus,Urban,7695,0,-4.5,1,1.1
VECTO-URBAN,EU VECTO Urban Bus,Urban,7696,0,-4.5,1,1.1
VECTO-URBAN,EU VECTO Urban Bus,Urban,7697,0,-4.5,1,1.1
VECTO-URBAN,EU VECTO Urban Bus,Urban,7698,0,-4.5,1,1.1
VECTO-URBAN,EU VECTO Urban Bus,Urban,7699,0,-4.5,1,1.1
VECTO-URBAN,EU VECTO Urban Bus,Urban,7700,0,-4.5,1,1.1
VECTO-URBAN,EU VECTO Urban Bus,Urban,7701,0,-4.5,1,1.1
VECTO-URBAN,EU VECTO Urban Bus,Urban,7702,0,-4.5,1,1.1
VECTO-URBAN,EU VECTO Urban Bus,Urban,7703,0,-4.5,0,1
VECTO-URBAN,EU VECTO Urban Bus,Urban,7704,3.6,-4.5,0,1
VECTO-URBAN,EU VECTO Urban Bus,Urban,7705,7.2,-4.7,0,1
VECTO-URBAN,EU VECTO Urban Bus,Urban,7706,10.8,-4.825,0,1
VECTO-URBAN,EU VECTO Urban Bus,Urban,7707,14.4,-5,0,1
VECTO-URBAN,EU VECTO Urban Bus,Urban,7708,18,-5.15,0,1
VECTO-URBAN,EU VECTO Urban Bus,Urban,7709,21.6,-5.15714285714286,0,1
VECTO-URBAN,EU VECTO Urban Bus,Urban,7710,25.2,-5.0375,0,1
VECTO-URBAN,EU VECTO Urban Bus,Urban,7711,28.8,-4.7,0,1
VECTO-URBAN,EU VECTO Urban Bus,Urban,7712,32.4,-4,0,1
VECTO-URBAN,EU VECTO Urban Bus,Urban,7713,35.4,-3.00416666666679,0,1
VECTO-URBAN,EU VECTO Urban Bus,Urban,7714,35.4,-1.7375,0,1
VECTO-URBAN,EU VECTO Urban Bus,Urban,7715,35.4,-0.524999999999272,0,1
VECTO-URBAN,EU VECTO Urban Bus,Urban,7716,35.4,0.641666666667152,0,1
VECTO-URBAN,EU VECTO Urban Bus,Urban,7717,35.4,1.62500000000073,0,1
VECTO-URBAN,EU VECTO Urban Bus,Urban,7718,35.4,2.35416666666715,0,1
VECTO-URBAN,EU VECTO Urban Bus,Urban,7719,35.4,2.89583333333394,0,1
VECTO-URBAN,EU VECTO Urban Bus,Urban,7720,35.4,3.24375000000036,0,1
VECTO-URBAN,EU VECTO Urban Bus,Urban,7721,35.4,3.40149572649577,0,1
VECTO-URBAN,EU VECTO Urban Bus,Urban,7722,35.4,3.42670940170945,0,1
VECTO-URBAN,EU VECTO Urban Bus,Urban,7723,35.4,3.45192307692313,0,1
VECTO-URBAN,EU VECTO Urban Bus,Urban,7724,35.4,3.47713675213681,0,1
VECTO-URBAN,EU VECTO Urban Bus,Urban,7725,35.4,3.51145833333367,0,1
VECTO-URBAN,EU VECTO Urban Bus,Urban,7726,35.4,3.65500000000058,0,1
VECTO-URBAN,EU VECTO Urban Bus,Urban,7727,35.4,3.8316666666673,0,1
VECTO-URBAN,EU VECTO Urban Bus,Urban,7728,30.72,4,0,1
VECTO-URBAN,EU VECTO Urban Bus,Urban,7729,28.4550000000829,4.18309027777856,0,1
VECTO-URBAN,EU VECTO Urban Bus,Urban,7730,32.0550000000829,4.29756510416623,0,1
VECTO-URBAN,EU VECTO Urban Bus,Urban,7731,35.6550000000829,4.23878906249943,0,1
VECTO-URBAN,EU VECTO Urban Bus,Urban,7732,36.7,4.13594907407241,0,1
VECTO-URBAN,EU VECTO Urban Bus,Urban,7733,36.7,3.94906249999749,0,1
VECTO-URBAN,EU VECTO Urban Bus,Urban,7734,36.7,3.53840277777272,0,1
VECTO-URBAN,EU VECTO Urban Bus,Urban,7735,36.7,3.17868055555045,0,1
VECTO-URBAN,EU VECTO Urban Bus,Urban,7736,36.7,2.66895833332819,0,1
VECTO-URBAN,EU VECTO Urban Bus,Urban,7737,36.7,2.20615740740395,0,1
VECTO-URBAN,EU VECTO Urban Bus,Urban,7738,36.7,1.79951388888367,0,1
VECTO-URBAN,EU VECTO Urban Bus,Urban,7739,36.7,1.3948958333307,0,1
VECTO-URBAN,EU VECTO Urban Bus,Urban,7740,36.7,1.09003472221957,0,1
VECTO-URBAN,EU VECTO Urban Bus,Urban,7741,36.7,0.890115740738959,0,1
VECTO-URBAN,EU VECTO Urban Bus,Urban,7742,36.7,0.816508620690026,0,1
VECTO-URBAN,EU VECTO Urban Bus,Urban,7743,36.7,0.85166187739501,0,1
VECTO-URBAN,EU VECTO Urban Bus,Urban,7744,36.7,0.886815134099994,0,1
VECTO-URBAN,EU VECTO Urban Bus,Urban,7745,36.7,0.991011904763478,0,1
VECTO-URBAN,EU VECTO Urban Bus,Urban,7746,36.7,1.15942129629814,0,1
VECTO-URBAN,EU VECTO Urban Bus,Urban,7747,36.7,1.37932870370557,0,1
VECTO-URBAN,EU VECTO Urban Bus,Urban,7748,36.7,1.62385416666948,0,1
VECTO-URBAN,EU VECTO Urban Bus,Urban,7749,36.7,1.86914351852041,0,1
VECTO-URBAN,EU VECTO Urban Bus,Urban,7750,36.7,2.07238425926116,0,1
VECTO-URBAN,EU VECTO Urban Bus,Urban,7751,36.7,2.23930555555683,0,1
VECTO-URBAN,EU VECTO Urban Bus,Urban,7752,36.7,2.27509502923916,0,1
VECTO-URBAN,EU VECTO Urban Bus,Urban,7753,36.7,2.22144005847892,0,1
VECTO-URBAN,EU VECTO Urban Bus,Urban,7754,36.7,2.11255952380785,0,1
VECTO-URBAN,EU VECTO Urban Bus,Urban,7755,36.7,1.8842361111052,0,1
VECTO-URBAN,EU VECTO Urban Bus,Urban,7756,36.7,1.52451388888294,0,1
VECTO-URBAN,EU VECTO Urban Bus,Urban,7757,32.02,1.04729166666075,0,1
VECTO-URBAN,EU VECTO Urban Bus,Urban,7758,27.34,0.642534722219352,0,1
VECTO-URBAN,EU VECTO Urban Bus,Urban,7759,22.66,0.237847222216442,0,1
VECTO-URBAN,EU VECTO Urban Bus,Urban,7760,26.26,-0.151875000005748,0,1
VECTO-URBAN,EU VECTO Urban Bus,Urban,7761,21.58,-0.522731481485243,0,1
VECTO-URBAN,EU VECTO Urban Bus,Urban,7762,16.9,-0.7513194444502,0,1
VECTO-URBAN,EU VECTO Urban Bus,Urban,7763,12.22,-0.8,0,1
VECTO-URBAN,EU VECTO Urban Bus,Urban,7764,7.54,-0.8,0,1
VECTO-URBAN,EU VECTO Urban Bus,Urban,7765,2.86,-0.8,0,1
VECTO-URBAN,EU VECTO Urban Bus,Urban,7766,0,-0.8,1,1.1
VECTO-URBAN,EU VECTO Urban Bus,Urban,7767,0,-0.8,1,1.1
VECTO-URBAN,EU VECTO Urban Bus,Urban,7768,0,-0.8,1,1.1
VECTO-URBAN,EU VECTO Urban Bus,Urban,7769,0,-0.8,1,1.1
VECTO-URBAN,EU VECTO Urban Bus,Urban,7770,0,-0.8,1,1.1
VECTO-URBAN,EU VECTO Urban Bus,Urban,7771,0,-0.8,1,1.1
VECTO-URBAN,EU VECTO Urban Bus,Urban,7772,0,-0.8,1,1.1
VECTO-URBAN,EU VECTO Urban Bus,Urban,7773,0,-0.8,1,1.1
VECTO-URBAN,EU VECTO Urban Bus,Urban,7774,0,-0.8,1,1.1
VECTO-URBAN,EU VECTO Urban Bus,Urban,7775,0,-0.8,1,1.1
VECTO-URBAN,EU VECTO Urban Bus,Urban,7776,0,-0.8,1,1.1
VECTO-URBAN,EU VECTO Urban Bus,Urban,7777,0,-0.8,1,1.1
VECTO-URBAN,EU VECTO Urban Bus,Urban,7778,0,-0.8,1,1.1
VECTO-URBAN,EU VECTO Urban Bus,Urban,7779,0,-0.8,1,1.1
VECTO-URBAN,EU VECTO Urban Bus,Urban,7780,0,-0.8,1,1.1
VECTO-URBAN,EU VECTO Urban Bus,Urban,7781,0,-0.8,1,1.1
VECTO-URBAN,EU VECTO Urban Bus,Urban,7782,0,-0.8,1,1.1
VECTO-URBAN,EU VECTO Urban Bus,Urban,7783,0,-0.8,1,1.1
VECTO-URBAN,EU VECTO Urban Bus,Urban,7784,0,-0.8,1,1.1
VECTO-URBAN,EU VECTO Urban Bus,Urban,7785,0,-0.8,1,1.1
VECTO-URBAN,EU VECTO Urban Bus,Urban,7786,0,-0.8,1,1.1
VECTO-URBAN,EU VECTO Urban Bus,Urban,7787,0,-0.8,1,1.1
VECTO-URBAN,EU VECTO Urban Bus,Urban,7788,0,-0.8,1,1.1
VECTO-URBAN,EU VECTO Urban Bus,Urban,7789,0,-0.8,0,1
VECTO-URBAN,EU VECTO Urban Bus,Urban,7790,3.6,-0.8,0,1
VECTO-URBAN,EU VECTO Urban Bus,Urban,7791,7.2,-1,0,1
VECTO-URBAN,EU VECTO Urban Bus,Urban,7792,10.8,-1.0625,0,1
VECTO-URBAN,EU VECTO Urban Bus,Urban,7793,14.4,-1.15,0,1
VECTO-URBAN,EU VECTO Urban Bus,Urban,7794,18,-1.18809523809524,0,1
VECTO-URBAN,EU VECTO Urban Bus,Urban,7795,21.6,-1.16190476190476,0,1
VECTO-URBAN,EU VECTO Urban Bus,Urban,7796,25.2,-1.13095238095238,0,1
VECTO-URBAN,EU VECTO Urban Bus,Urban,7797,28.2,-1.08166666666672,0,1
VECTO-URBAN,EU VECTO Urban Bus,Urban,7798,28.2,-0.925,0,1
VECTO-URBAN,EU VECTO Urban Bus,Urban,7799,28.2,-0.756944444444404,0,1
VECTO-URBAN,EU VECTO Urban Bus,Urban,7800,28.2,-0.626388888888808,0,1
VECTO-URBAN,EU VECTO Urban Bus,Urban,7801,28.2,-0.537499999999927,0,1
VECTO-URBAN,EU VECTO Urban Bus,Urban,7802,28.2,-0.529166666666736,0,1
VECTO-URBAN,EU VECTO Urban Bus,Urban,7803,28.2,-0.585119047619134,0,1
VECTO-URBAN,EU VECTO Urban Bus,Urban,7804,28.2,-0.57870370370365,0,1
VECTO-URBAN,EU VECTO Urban Bus,Urban,7805,28.2,-0.549691358024629,0,1
VECTO-URBAN,EU VECTO Urban Bus,Urban,7806,28.2,-0.520679012345607,0,1
VECTO-URBAN,EU VECTO Urban Bus,Urban,7807,28.2,-0.454999999999563,0,1
VECTO-URBAN,EU VECTO Urban Bus,Urban,7808,28.2,-0.17291666666606,0,1
VECTO-URBAN,EU VECTO Urban Bus,Urban,7809,28.2,0.245833333334667,0,1
VECTO-URBAN,EU VECTO Urban Bus,Urban,7810,28.2,0.937500000001455,0,1
VECTO-URBAN,EU VECTO Urban Bus,Urban,7811,28.2,1.85833333333649,0,1
VECTO-URBAN,EU VECTO Urban Bus,Urban,7812,23.52,2.77666666666992,0,1
VECTO-URBAN,EU VECTO Urban Bus,Urban,7813,27.12,4.0800000000032,0,1
VECTO-URBAN,EU VECTO Urban Bus,Urban,7814,22.44,5.03666666667268,0,1
VECTO-URBAN,EU VECTO Urban Bus,Urban,7815,17.76,6.05333333333983,0,1
VECTO-URBAN,EU VECTO Urban Bus,Urban,7816,13.08,6.6,0,1
VECTO-URBAN,EU VECTO Urban Bus,Urban,7817,8.4,6.6,0,1
VECTO-URBAN,EU VECTO Urban Bus,Urban,7818,3.72,6.6,0,1
VECTO-URBAN,EU VECTO Urban Bus,Urban,7819,0,6.6,1,1.1
VECTO-URBAN,EU VECTO Urban Bus,Urban,7820,0,6.6,1,1.1
VECTO-URBAN,EU VECTO Urban Bus,Urban,7821,0,6.6,1,1.1
VECTO-URBAN,EU VECTO Urban Bus,Urban,7822,0,6.6,1,1.1
VECTO-URBAN,EU VECTO Urban Bus,Urban,7823,0,6.6,1,1.1
VECTO-URBAN,EU VECTO Urban Bus,Urban,7824,0,6.6,1,1.1
VECTO-URBAN,EU VECTO Urban Bus,Urban,7825,0,6.6,1,1.1
VECTO-URBAN,EU VECTO Urban Bus,Urban,7826,0,6.6,1,1.1
VECTO-URBAN,EU VECTO Urban Bus,Urban,7827,0,6.6,1,1.1
VECTO-URBAN,EU VECTO Urban Bus,Urban,7828,0,6.6,1,1.1
VECTO-URBAN,EU VECTO Urban Bus,Urban,7829,0,6.6,1,1.1
VECTO-URBAN,EU VECTO Urban Bus,Urban,7830,0,6.6,1,1.1
VECTO-URBAN,EU VECTO Urban Bus,Urban,7831,0,6.6,1,1.1
VECTO-URBAN,EU VECTO Urban Bus,Urban,7832,0,6.6,1,1.1
VECTO-URBAN,EU VECTO Urban Bus,Urban,7833,0,6.6,1,1.1
VECTO-URBAN,EU VECTO Urban Bus,Urban,7834,0,6.6,1,1.1
VECTO-URBAN,EU VECTO Urban Bus,Urban,7835,0,6.6,1,1.1
VECTO-URBAN,EU VECTO Urban Bus,Urban,7836,0,6.6,1,1.1
VECTO-URBAN,EU VECTO Urban Bus,Urban,7837,0,6.6,1,1.1
VECTO-URBAN,EU VECTO Urban Bus,Urban,7838,0,6.6,1,1.1
VECTO-URBAN,EU VECTO Urban Bus,Urban,7839,0,6.6,1,1.1
VECTO-URBAN,EU VECTO Urban Bus,Urban,7840,0,6.6,1,1.1
VECTO-URBAN,EU VECTO Urban Bus,Urban,7841,0,6.6,1,1.1
VECTO-URBAN,EU VECTO Urban Bus,Urban,7842,0,6.6,1,1.1
VECTO-URBAN,EU VECTO Urban Bus,Urban,7843,0,6.6,1,1.1
VECTO-URBAN,EU VECTO Urban Bus,Urban,7844,0,6.6,1,1.1
VECTO-URBAN,EU VECTO Urban Bus,Urban,7845,0,6.6,1,1.1
VECTO-URBAN,EU VECTO Urban Bus,Urban,7846,0,6.6,1,1.1
VECTO-URBAN,EU VECTO Urban Bus,Urban,7847,0,6.6,1,1.1
VECTO-URBAN,EU VECTO Urban Bus,Urban,7848,0,6.6,1,1.1
VECTO-URBAN,EU VECTO Urban Bus,Urban,7849,0,6.6,1,1.1
VECTO-URBAN,EU VECTO Urban Bus,Urban,7850,0,6.6,1,1.1
VECTO-URBAN,EU VECTO Urban Bus,Urban,7851,0,6.6,1,1.1
VECTO-URBAN,EU VECTO Urban Bus,Urban,7852,0,6.6,1,1.1
VECTO-URBAN,EU VECTO Urban Bus,Urban,7853,0,6.6,1,1.1
VECTO-URBAN,EU VECTO Urban Bus,Urban,7854,0,6.6,1,1.1
VECTO-URBAN,EU VECTO Urban Bus,Urban,7855,0,6.6,1,1.1
VECTO-URBAN,EU VECTO Urban Bus,Urban,7856,0,6.6,1,1.1
VECTO-URBAN,EU VECTO Urban Bus,Urban,7857,0,6.6,0,1
VECTO-URBAN,EU VECTO Urban Bus,Urban,7858,3.6,6.6,0,1
VECTO-URBAN,EU VECTO Urban Bus,Urban,7859,7.2,7.3,0,1
VECTO-URBAN,EU VECTO Urban Bus,Urban,7860,10.8,7.6,0,1
VECTO-URBAN,EU VECTO Urban Bus,Urban,7861,14.4,8,0,1
VECTO-URBAN,EU VECTO Urban Bus,Urban,7862,18,8.375,0,1
VECTO-URBAN,EU VECTO Urban Bus,Urban,7863,21.6,8.75,0,1
VECTO-URBAN,EU VECTO Urban Bus,Urban,7864,25.2,8.86428571428571,0,1
VECTO-URBAN,EU VECTO Urban Bus,Urban,7865,27.1,8.70787037037032,0,1
VECTO-URBAN,EU VECTO Urban Bus,Urban,7866,27.1,8.18541666666642,0,1
VECTO-URBAN,EU VECTO Urban Bus,Urban,7867,27.1,7.35416666666424,0,1
VECTO-URBAN,EU VECTO Urban Bus,Urban,7868,27.1,6.36527777777665,0,1
VECTO-URBAN,EU VECTO Urban Bus,Urban,7869,27.1,5.22499999999709,0,1
VECTO-URBAN,EU VECTO Urban Bus,Urban,7870,27.1,3.67986111111022,0,1
VECTO-URBAN,EU VECTO Urban Bus,Urban,7871,27.1,2.22777777776937,0,1
VECTO-URBAN,EU VECTO Urban Bus,Urban,7872,22.42,1.05958333333219,0,1
VECTO-URBAN,EU VECTO Urban Bus,Urban,7873,17.74,0.222777777773445,0,1
VECTO-URBAN,EU VECTO Urban Bus,Urban,7874,13.06,-0.466388888891379,0,1
VECTO-URBAN,EU VECTO Urban Bus,Urban,7875,16.66,-1.07916666666933,0,1
VECTO-URBAN,EU VECTO Urban Bus,Urban,7876,11.98,-1.57694444444714,0,1
VECTO-URBAN,EU VECTO Urban Bus,Urban,7877,7.3,-1.7,0,1
VECTO-URBAN,EU VECTO Urban Bus,Urban,7878,2.62,-1.7,0,1
VECTO-URBAN,EU VECTO Urban Bus,Urban,7879,0,-1.7,1,1.1
VECTO-URBAN,EU VECTO Urban Bus,Urban,7880,0,-1.7,1,1.1
VECTO-URBAN,EU VECTO Urban Bus,Urban,7881,0,-1.7,1,1.1
VECTO-URBAN,EU VECTO Urban Bus,Urban,7882,0,-1.7,1,1.1
VECTO-URBAN,EU VECTO Urban Bus,Urban,7883,0,-1.7,1,1.1
VECTO-URBAN,EU VECTO Urban Bus,Urban,7884,0,-1.7,1,1.1
VECTO-URBAN,EU VECTO Urban Bus,Urban,7885,0,-1.7,1,1.1
VECTO-URBAN,EU VECTO Urban Bus,Urban,7886,0,-1.7,1,1.1
VECTO-URBAN,EU VECTO Urban Bus,Urban,7887,0,-1.7,1,1.1
VECTO-URBAN,EU VECTO Urban Bus,Urban,7888,0,-1.7,1,1.1
VECTO-URBAN,EU VECTO Urban Bus,Urban,7889,0,-1.7,1,1.1
VECTO-URBAN,EU VECTO Urban Bus,Urban,7890,0,-1.7,1,1.1
VECTO-URBAN,EU VECTO Urban Bus,Urban,7891,0,-1.7,1,1.1
VECTO-URBAN,EU VECTO Urban Bus,Urban,7892,0,-1.7,1,1.1
VECTO-URBAN,EU VECTO Urban Bus,Urban,7893,0,-1.7,1,1.1
VECTO-URBAN,EU VECTO Urban Bus,Urban,7894,0,-1.7,1,1.1
VECTO-URBAN,EU VECTO Urban Bus,Urban,7895,0,-1.7,1,1.1
VECTO-URBAN,EU VECTO Urban Bus,Urban,7896,0,-1.7,1,1.1
VECTO-URBAN,EU VECTO Urban Bus,Urban,7897,0,-1.7,1,1.1
VECTO-URBAN,EU VECTO Urban Bus,Urban,7898,0,-1.7,1,1.1
VECTO-URBAN,EU VECTO Urban Bus,Urban,7899,0,-1.7,1,1.1
VECTO-URBAN,EU VECTO Urban Bus,Urban,7900,0,-1.7,1,1.1
VECTO-URBAN,EU VECTO Urban Bus,Urban,7901,0,-1.7,1,1.1
VECTO-URBAN,EU VECTO Urban Bus,Urban,7902,0,-1.7,1,1.1
VECTO-URBAN,EU VECTO Urban Bus,Urban,7903,0,-1.7,1,1.1
VECTO-URBAN,EU VECTO Urban Bus,Urban,7904,0,-1.7,1,1.1
VECTO-URBAN,EU VECTO Urban Bus,Urban,7905,0,-1.7,1,1.1
VECTO-URBAN,EU VECTO Urban Bus,Urban,7906,0,-1.7,1,1.1
VECTO-URBAN,EU VECTO Urban Bus,Urban,7907,0,-1.7,1,1.1
VECTO-URBAN,EU VECTO Urban Bus,Urban,7908,0,-1.7,1,1.1
VECTO-URBAN,EU VECTO Urban Bus,Urban,7909,0,-1.7,1,1.1
VECTO-URBAN,EU VECTO Urban Bus,Urban,7910,0,-1.7,1,1.1
VECTO-URBAN,EU VECTO Urban Bus,Urban,7911,0,-1.7,1,1.1
VECTO-URBAN,EU VECTO Urban Bus,Urban,7912,0,-1.7,1,1.1
VECTO-URBAN,EU VECTO Urban Bus,Urban,7913,0,-1.7,1,1.1
VECTO-URBAN,EU VECTO Urban Bus,Urban,7914,0,-1.7,1,1.1
VECTO-URBAN,EU VECTO Urban Bus,Urban,7915,0,-1.7,1,1.1
VECTO-URBAN,EU VECTO Urban Bus,Urban,7916,0,-1.7,1,1.1
VECTO-URBAN,EU VECTO Urban Bus,Urban,7917,0,-1.7,1,1.1
VECTO-URBAN,EU VECTO Urban Bus,Urban,7918,0,-1.7,1,1.1
VECTO-URBAN,EU VECTO Urban Bus,Urban,7919,0,-1.7,1,1.1
VECTO-URBAN,EU VECTO Urban Bus,Urban,7920,0,-1.7,1,1.1
VECTO-URBAN,EU VECTO Urban Bus,Urban,7921,0,-1.7,1,1.1
VECTO-URBAN,EU VECTO Urban Bus,Urban,7922,0,-1.7,1,1.1
VECTO-URBAN,EU VECTO Urban Bus,Urban,7923,0,-1.7,1,1.1
VECTO-URBAN,EU VECTO Urban Bus,Urban,7924,0,-1.7,1,1.1
VECTO-URBAN,EU VECTO Urban Bus,Urban,7925,0,-1.7,1,1.1
VECTO-URBAN,EU VECTO Urban Bus,Urban,7926,0,-1.7,1,1.1
VECTO-URBAN,EU VECTO Urban Bus,Urban,7927,0,-1.7,0,1
VECTO-URBAN,EU VECTO Urban Bus,Urban,7928,3.6,-1.7,0,1
VECTO-URBAN,EU VECTO Urban Bus,Urban,7929,7.2,-2,0,1
VECTO-URBAN,EU VECTO Urban Bus,Urban,7930,10.8,-2.25,0,1
VECTO-URBAN,EU VECTO Urban Bus,Urban,7931,14.4,-2.55,0,1
VECTO-URBAN,EU VECTO Urban Bus,Urban,7932,18,-2.875,0,1
VECTO-URBAN,EU VECTO Urban Bus,Urban,7933,21.6,-3.1,0,1
VECTO-URBAN,EU VECTO Urban Bus,Urban,7934,25.2,-3.04583333333333,0,1
VECTO-URBAN,EU VECTO Urban Bus,Urban,7935,28.8,-2.93333333333333,0,1
VECTO-URBAN,EU VECTO Urban Bus,Urban,7936,29.5,-2.54513888888905,0,1
VECTO-URBAN,EU VECTO Urban Bus,Urban,7937,29.5,-1.88541666666679,0,1
VECTO-URBAN,EU VECTO Urban Bus,Urban,7938,29.5,-1.17569444444453,0,1
VECTO-URBAN,EU VECTO Urban Bus,Urban,7939,29.5,-0.331944444444525,0,1
VECTO-URBAN,EU VECTO Urban Bus,Urban,7940,29.5,0.54375,0,1
VECTO-URBAN,EU VECTO Urban Bus,Urban,7941,30.1,1.40763888888905,0,1
VECTO-URBAN,EU VECTO Urban Bus,Urban,7942,30.1,2.15138888888905,0,1
VECTO-URBAN,EU VECTO Urban Bus,Urban,7943,30.1,2.84375,0,1
VECTO-URBAN,EU VECTO Urban Bus,Urban,7944,30.1,3.46180555555547,0,1
VECTO-URBAN,EU VECTO Urban Bus,Urban,7945,30.1,3.95324074074063,0,1
VECTO-URBAN,EU VECTO Urban Bus,Urban,7946,30.1,4.42395833333321,0,1
VECTO-URBAN,EU VECTO Urban Bus,Urban,7947,30.1,4.71064814814793,0,1
VECTO-URBAN,EU VECTO Urban Bus,Urban,7948,30.1,4.97361111111095,0,1
VECTO-URBAN,EU VECTO Urban Bus,Urban,7949,30.1,5.18083333333314,0,1
VECTO-URBAN,EU VECTO Urban Bus,Urban,7950,30.1,5.26168981481472,0,1
VECTO-URBAN,EU VECTO Urban Bus,Urban,7951,30.1,5.2059027777781,0,1
VECTO-URBAN,EU VECTO Urban Bus,Urban,7952,30.1,5.11875000000015,0,1
VECTO-URBAN,EU VECTO Urban Bus,Urban,7953,30.1,4.9504629629635,0,1
VECTO-URBAN,EU VECTO Urban Bus,Urban,7954,30.1,4.65763888888978,0,1
VECTO-URBAN,EU VECTO Urban Bus,Urban,7955,30.1,4.17916666666861,0,1
VECTO-URBAN,EU VECTO Urban Bus,Urban,7956,30.1,3.57152777777883,0,1
VECTO-URBAN,EU VECTO Urban Bus,Urban,7957,30.1,2.66041666667006,0,1
VECTO-URBAN,EU VECTO Urban Bus,Urban,7958,30.1,1.70625000000364,0,1
VECTO-URBAN,EU VECTO Urban Bus,Urban,7959,30.1,0.552083333337214,0,1
VECTO-URBAN,EU VECTO Urban Bus,Urban,7960,30.1,-0.504166666658421,0,1
VECTO-URBAN,EU VECTO Urban Bus,Urban,7961,30.1,-1.91874999999854,0,1
VECTO-URBAN,EU VECTO Urban Bus,Urban,7962,30.1,-3.07361111110804,0,1
VECTO-URBAN,EU VECTO Urban Bus,Urban,7963,30.1,-4.10972222221899,0,1
VECTO-URBAN,EU VECTO Urban Bus,Urban,7964,25.42,-4.98083333332979,0,1
VECTO-URBAN,EU VECTO Urban Bus,Urban,7965,20.74,-5.62194444444103,0,1
VECTO-URBAN,EU VECTO Urban Bus,Urban,7966,16.4,-6.03777777777432,0,1
VECTO-URBAN,EU VECTO Urban Bus,Urban,7967,16.4,-6.3466666666649,0,1
VECTO-URBAN,EU VECTO Urban Bus,Urban,7968,16.4,-6.57444444444263,0,1
VECTO-URBAN,EU VECTO Urban Bus,Urban,7969,16.3751851851858,-6.76803326474498,0,1
VECTO-URBAN,EU VECTO Urban Bus,Urban,7970,16.2598220164976,-6.90956063052448,0,1
VECTO-URBAN,EU VECTO Urban Bus,Urban,7971,11.8178349251607,-6.97455520677831,0,1
VECTO-URBAN,EU VECTO Urban Bus,Urban,7972,11.4,-7,0,1
VECTO-URBAN,EU VECTO Urban Bus,Urban,7973,11.4,-7,0,1
VECTO-URBAN,EU VECTO Urban Bus,Urban,7974,13.7346315950184,-6.96271556196233,0,1
VECTO-URBAN,EU VECTO Urban Bus,Urban,7975,14.1,-6.91976088357494,0,1
VECTO-URBAN,EU VECTO Urban Bus,Urban,7976,14.1,-6.8896528441371,0,1
VECTO-URBAN,EU VECTO Urban Bus,Urban,7977,13.9782225785398,-6.85420054290159,0,1
VECTO-URBAN,EU VECTO Urban Bus,Urban,7978,10.5415651275231,-6.82324121498988,0,1
VECTO-URBAN,EU VECTO Urban Bus,Urban,7979,7.54044527808178,-6.80041039377069,0,1
VECTO-URBAN,EU VECTO Urban Bus,Urban,7980,5.3272825461459,-6.8,0,1
VECTO-URBAN,EU VECTO Urban Bus,Urban,7981,3.75232627599053,-6.8,0,1
VECTO-URBAN,EU VECTO Urban Bus,Urban,7982,2.64101998786514,-6.8,0,1
VECTO-URBAN,EU VECTO Urban Bus,Urban,7983,1.85850104411165,-6.8,0,1
VECTO-URBAN,EU VECTO Urban Bus,Urban,7984,1.30777841780355,-6.8,0,1
VECTO-URBAN,EU VECTO Urban Bus,Urban,7985,0.92023900449899,-6.8,0,1
VECTO-URBAN,EU VECTO Urban Bus,Urban,7986,0.647538955415302,-6.8,0,1
VECTO-URBAN,EU VECTO Urban Bus,Urban,7987,0.455649465529859,-6.8,0,1
VECTO-URBAN,EU VECTO Urban Bus,Urban,7988,0.320623799426312,-6.8,0,1
VECTO-URBAN,EU VECTO Urban Bus,Urban,7989,0,-6.8,1,1.1
